<?xml version="1.0" encoding="UTF-8" standalone="no"?>
<!DOCTYPE log SYSTEM "logger.dtd">
<log>
<record>
  <date>2026-09-15T06:25:38.440358300Z</date>
  <millis>1789453538440</millis>
  <nanos>358300</nanos>
  <sequence>0</sequence>
  <level>START</level>
  <class>com.kms.katalon.core.logging.XmlKeywordLogger</class>
  <method>startSuite</method>
  <thread>1</thread>
  <message>Start Test Suite : Test Suites/LoginandForgotpassword_Modules</message>
  <nestedLevel>0</nestedLevel>
  <escapedJava>false</escapedJava>
  <property name="rerunTestFailImmediately">false</property>
  <property name="retryCount">0</property>
  <property name="name">LoginandForgotpassword_Modules</property>
  <property name="description"></property>
  <property name="id">Test Suites/LoginandForgotpassword_Modules</property>
</record>
<record>
  <date>2026-09-15T06:25:38.473851600Z</date>
  <millis>1789453538473</millis>
  <nanos>851600</nanos>
  <sequence>1</sequence>
  <level>RUN_DATA</level>
  <class>com.kms.katalon.core.logging.XmlKeywordLogger</class>
  <method>logMessage</method>
  <thread>1</thread>
  <message>userFullName = KANCHAN SINGH</message>
  <nestedLevel>0</nestedLevel>
  <escapedJava>false</escapedJava>
  <property name="userFullName">KANCHAN SINGH</property>
</record>
<record>
  <date>2026-09-15T06:25:38.473851600Z</date>
  <millis>1789453538473</millis>
  <nanos>851600</nanos>
  <sequence>2</sequence>
  <level>RUN_DATA</level>
  <class>com.kms.katalon.core.logging.XmlKeywordLogger</class>
  <method>logMessage</method>
  <thread>1</thread>
  <message>projectName = SahiBnk Mitra DSB</message>
  <nestedLevel>0</nestedLevel>
  <escapedJava>false</escapedJava>
  <property name="projectName">SahiBnk Mitra DSB</property>
</record>
<record>
  <date>2026-09-15T06:25:38.474850200Z</date>
  <millis>1789453538474</millis>
  <nanos>850200</nanos>
  <sequence>3</sequence>
  <level>RUN_DATA</level>
  <class>com.kms.katalon.core.logging.XmlKeywordLogger</class>
  <method>logMessage</method>
  <thread>1</thread>
  <message>hostName = kanchan.kumari - MBSDEVNDA64756T.mplgroup.com</message>
  <nestedLevel>0</nestedLevel>
  <escapedJava>false</escapedJava>
  <property name="hostName">kanchan.kumari - MBSDEVNDA64756T.mplgroup.com</property>
</record>
<record>
  <date>2026-09-15T06:25:38.474850200Z</date>
  <millis>1789453538474</millis>
  <nanos>850200</nanos>
  <sequence>4</sequence>
  <level>RUN_DATA</level>
  <class>com.kms.katalon.core.logging.XmlKeywordLogger</class>
  <method>logMessage</method>
  <thread>1</thread>
  <message>os = Windows 11 64bit</message>
  <nestedLevel>0</nestedLevel>
  <escapedJava>false</escapedJava>
  <property name="os">Windows 11 64bit</property>
</record>
<record>
  <date>2026-09-15T06:25:38.475851600Z</date>
  <millis>1789453538475</millis>
  <nanos>851600</nanos>
  <sequence>5</sequence>
  <level>RUN_DATA</level>
  <class>com.kms.katalon.core.logging.XmlKeywordLogger</class>
  <method>logMessage</method>
  <thread>1</thread>
  <message>hostAddress = 192.168.1.6</message>
  <nestedLevel>0</nestedLevel>
  <escapedJava>false</escapedJava>
  <property name="hostAddress">192.168.1.6</property>
</record>
<record>
  <date>2026-09-15T06:25:38.476851900Z</date>
  <millis>1789453538476</millis>
  <nanos>851900</nanos>
  <sequence>6</sequence>
  <level>RUN_DATA</level>
  <class>com.kms.katalon.core.logging.XmlKeywordLogger</class>
  <method>logMessage</method>
  <thread>1</thread>
  <message>katalonVersion = 11.3.0.0</message>
  <nestedLevel>0</nestedLevel>
  <escapedJava>false</escapedJava>
  <property name="katalonVersion">11.3.0.0</property>
</record>
<record>
  <date>2026-09-15T06:25:38.489896600Z</date>
  <millis>1789453538489</millis>
  <nanos>896600</nanos>
  <sequence>7</sequence>
  <level>START</level>
  <class>com.kms.katalon.core.logging.XmlKeywordLogger</class>
  <method>startKeyword</method>
  <thread>1</thread>
  <message>Start listener action : beforeSuite</message>
  <nestedLevel>0</nestedLevel>
  <escapedJava>false</escapedJava>
</record>
<record>
  <date>2026-09-15T06:25:38.501936400Z</date>
  <millis>1789453538501</millis>
  <nanos>936400</nanos>
  <sequence>9</sequence>
  <level>START</level>
  <class>com.kms.katalon.core.logging.XmlKeywordLogger</class>
  <method>startKeyword</method>
  <thread>1</thread>
  <message>Start action : reportPath = System.getProperty(&amp;quot;user.dir&amp;quot;) + &amp;quot;/ExtentReports/ExtentReport.html&amp;quot;</message>
  <nestedLevel>1</nestedLevel>
  <escapedJava>false</escapedJava>
  <property name="startLine">15</property>
  <property name="stepIndex">1</property>
</record>
<record>
  <date>2026-09-15T06:25:38.511957200Z</date>
  <millis>1789453538511</millis>
  <nanos>957200</nanos>
  <sequence>10</sequence>
  <level>END</level>
  <class>com.kms.katalon.core.logging.XmlKeywordLogger</class>
  <method>endKeyword</method>
  <thread>1</thread>
  <message>End action : reportPath = System.getProperty(&amp;quot;user.dir&amp;quot;) + &amp;quot;/ExtentReports/ExtentReport.html&amp;quot;</message>
  <nestedLevel>1</nestedLevel>
  <escapedJava>false</escapedJava>
</record>
<record>
  <date>2026-09-15T06:25:38.512956Z</date>
  <millis>1789453538512</millis>
  <nanos>956000</nanos>
  <sequence>11</sequence>
  <level>START</level>
  <class>com.kms.katalon.core.logging.XmlKeywordLogger</class>
  <method>startKeyword</method>
  <thread>1</thread>
  <message>Start action : spark = new com.aventstack.extentreports.reporter.ExtentSparkReporter(reportPath)</message>
  <nestedLevel>1</nestedLevel>
  <escapedJava>false</escapedJava>
  <property name="startLine">18</property>
  <property name="stepIndex">2</property>
</record>
<record>
  <date>2026-09-15T06:25:38.534722200Z</date>
  <millis>1789453538534</millis>
  <nanos>722200</nanos>
  <sequence>12</sequence>
  <level>END</level>
  <class>com.kms.katalon.core.logging.XmlKeywordLogger</class>
  <method>endKeyword</method>
  <thread>1</thread>
  <message>End action : spark = new com.aventstack.extentreports.reporter.ExtentSparkReporter(reportPath)</message>
  <nestedLevel>1</nestedLevel>
  <escapedJava>false</escapedJava>
</record>
<record>
  <date>2026-09-15T06:25:38.534722200Z</date>
  <millis>1789453538534</millis>
  <nanos>722200</nanos>
  <sequence>13</sequence>
  <level>START</level>
  <class>com.kms.katalon.core.logging.XmlKeywordLogger</class>
  <method>startKeyword</method>
  <thread>1</thread>
  <message>Start action : config().setReportName(&amp;quot;Automation Report&amp;quot;)</message>
  <nestedLevel>1</nestedLevel>
  <escapedJava>false</escapedJava>
  <property name="startLine">21</property>
  <property name="stepIndex">3</property>
</record>
<record>
  <date>2026-09-15T06:25:38.547238800Z</date>
  <millis>1789453538547</millis>
  <nanos>238800</nanos>
  <sequence>14</sequence>
  <level>END</level>
  <class>com.kms.katalon.core.logging.XmlKeywordLogger</class>
  <method>endKeyword</method>
  <thread>1</thread>
  <message>End action : config().setReportName(&amp;quot;Automation Report&amp;quot;)</message>
  <nestedLevel>1</nestedLevel>
  <escapedJava>false</escapedJava>
</record>
<record>
  <date>2026-09-15T06:25:38.547238800Z</date>
  <millis>1789453538547</millis>
  <nanos>238800</nanos>
  <sequence>15</sequence>
  <level>START</level>
  <class>com.kms.katalon.core.logging.XmlKeywordLogger</class>
  <method>startKeyword</method>
  <thread>1</thread>
  <message>Start action : config().setDocumentTitle(&amp;quot;Execution Report&amp;quot;)</message>
  <nestedLevel>1</nestedLevel>
  <escapedJava>false</escapedJava>
  <property name="startLine">22</property>
  <property name="stepIndex">4</property>
</record>
<record>
  <date>2026-09-15T06:25:38.549763200Z</date>
  <millis>1789453538549</millis>
  <nanos>763200</nanos>
  <sequence>16</sequence>
  <level>END</level>
  <class>com.kms.katalon.core.logging.XmlKeywordLogger</class>
  <method>endKeyword</method>
  <thread>1</thread>
  <message>End action : config().setDocumentTitle(&amp;quot;Execution Report&amp;quot;)</message>
  <nestedLevel>1</nestedLevel>
  <escapedJava>false</escapedJava>
</record>
<record>
  <date>2026-09-15T06:25:38.549763200Z</date>
  <millis>1789453538549</millis>
  <nanos>763200</nanos>
  <sequence>17</sequence>
  <level>START</level>
  <class>com.kms.katalon.core.logging.XmlKeywordLogger</class>
  <method>startKeyword</method>
  <thread>1</thread>
  <message>Start action : extent = new com.aventstack.extentreports.ExtentReports()</message>
  <nestedLevel>1</nestedLevel>
  <escapedJava>false</escapedJava>
  <property name="startLine">24</property>
  <property name="stepIndex">5</property>
</record>
<record>
  <date>2026-09-15T06:25:38.595458Z</date>
  <millis>1789453538595</millis>
  <nanos>458000</nanos>
  <sequence>18</sequence>
  <level>END</level>
  <class>com.kms.katalon.core.logging.XmlKeywordLogger</class>
  <method>endKeyword</method>
  <thread>1</thread>
  <message>End action : extent = new com.aventstack.extentreports.ExtentReports()</message>
  <nestedLevel>1</nestedLevel>
  <escapedJava>false</escapedJava>
</record>
<record>
  <date>2026-09-15T06:25:38.595458Z</date>
  <millis>1789453538595</millis>
  <nanos>458000</nanos>
  <sequence>19</sequence>
  <level>START</level>
  <class>com.kms.katalon.core.logging.XmlKeywordLogger</class>
  <method>startKeyword</method>
  <thread>1</thread>
  <message>Start action : extent.attachReporter(spark)</message>
  <nestedLevel>1</nestedLevel>
  <escapedJava>false</escapedJava>
  <property name="startLine">25</property>
  <property name="stepIndex">6</property>
</record>
<record>
  <date>2026-09-15T06:25:38.665202300Z</date>
  <millis>1789453538665</millis>
  <nanos>202300</nanos>
  <sequence>20</sequence>
  <level>END</level>
  <class>com.kms.katalon.core.logging.XmlKeywordLogger</class>
  <method>endKeyword</method>
  <thread>1</thread>
  <message>End action : extent.attachReporter(spark)</message>
  <nestedLevel>1</nestedLevel>
  <escapedJava>false</escapedJava>
</record>
<record>
  <date>2026-09-15T06:25:38.666203500Z</date>
  <millis>1789453538666</millis>
  <nanos>203500</nanos>
  <sequence>21</sequence>
  <level>START</level>
  <class>com.kms.katalon.core.logging.XmlKeywordLogger</class>
  <method>startKeyword</method>
  <thread>1</thread>
  <message>Start action : println(&amp;quot;Extent Report Initialized&amp;quot;)</message>
  <nestedLevel>1</nestedLevel>
  <escapedJava>false</escapedJava>
  <property name="startLine">27</property>
  <property name="stepIndex">7</property>
</record>
<record>
  <date>2026-09-15T06:25:38.668291400Z</date>
  <millis>1789453538668</millis>
  <nanos>291400</nanos>
  <sequence>23</sequence>
  <level>END</level>
  <class>com.kms.katalon.core.logging.XmlKeywordLogger</class>
  <method>endKeyword</method>
  <thread>1</thread>
  <message>End action : println(&amp;quot;Extent Report Initialized&amp;quot;)</message>
  <nestedLevel>1</nestedLevel>
  <escapedJava>false</escapedJava>
</record>
<record>
  <date>2026-09-15T06:25:38.668291400Z</date>
  <millis>1789453538668</millis>
  <nanos>291400</nanos>
  <sequence>24</sequence>
  <level>END</level>
  <class>com.kms.katalon.core.logging.XmlKeywordLogger</class>
  <method>endKeyword</method>
  <thread>1</thread>
  <message>End listener action : beforeSuite</message>
  <nestedLevel>0</nestedLevel>
  <escapedJava>false</escapedJava>
</record>
<record>
  <date>2026-09-15T06:25:38.751987500Z</date>
  <millis>1789453538751</millis>
  <nanos>987500</nanos>
  <sequence>25</sequence>
  <level>START</level>
  <class>com.kms.katalon.core.logging.XmlKeywordLogger</class>
  <method>startTest</method>
  <thread>1</thread>
  <message>Start Test Case : Test Cases/Common_Test_case/Login/ValidLogin/VL_Verify_ApplicationVersion_TC_102</message>
  <nestedLevel>1</nestedLevel>
  <escapedJava>false</escapedJava>
  <property name="origin"></property>
  <property name="name">Test Cases/Common_Test_case/Login/ValidLogin/VL_Verify_ApplicationVersion_TC_102</property>
  <property name="description"></property>
  <property name="iteration"></property>
  <property name="id">Test Cases/Common_Test_case/Login/ValidLogin/VL_Verify_ApplicationVersion_TC_102</property>
  <property name="source">F:\SahiBnk Mitra DSB\Test Cases\Common_Test_case\Login\ValidLogin\VL_Verify_ApplicationVersion_TC_102.tc</property>
  <property name="tag"></property>
  <property name="isOptional">false</property>
  <property name="uuid">47c45d70-1898-4b21-9609-9680dae8c763</property>
</record>
<record>
  <date>2026-09-15T06:25:38.798257300Z</date>
  <millis>1789453538798</millis>
  <nanos>257300</nanos>
  <sequence>27</sequence>
  <level>RUN_DATA</level>
  <class>com.kms.katalon.core.logging.XmlKeywordLogger</class>
  <method>logMessage</method>
  <thread>1</thread>
  <message>executionBindingVariables = []</message>
  <nestedLevel>1</nestedLevel>
  <escapedJava>false</escapedJava>
  <property name="executionBindingVariables">[]</property>
</record>
<record>
  <date>2026-09-15T06:25:38.799260400Z</date>
  <millis>1789453538799</millis>
  <nanos>260400</nanos>
  <sequence>28</sequence>
  <level>START</level>
  <class>com.kms.katalon.core.logging.XmlKeywordLogger</class>
  <method>startKeyword</method>
  <thread>1</thread>
  <message>Start listener action : beforeTestCase</message>
  <nestedLevel>1</nestedLevel>
  <escapedJava>false</escapedJava>
</record>
<record>
  <date>2026-09-15T06:25:38.800257300Z</date>
  <millis>1789453538800</millis>
  <nanos>257300</nanos>
  <sequence>30</sequence>
  <level>START</level>
  <class>com.kms.katalon.core.logging.XmlKeywordLogger</class>
  <method>startKeyword</method>
  <thread>1</thread>
  <message>Start action : if (extent != null)</message>
  <nestedLevel>1</nestedLevel>
  <escapedJava>false</escapedJava>
  <property name="startLine">33</property>
  <property name="stepIndex">1</property>
</record>
<record>
  <date>2026-09-15T06:25:38.801257700Z</date>
  <millis>1789453538801</millis>
  <nanos>257700</nanos>
  <sequence>31</sequence>
  <level>START</level>
  <class>com.kms.katalon.core.logging.XmlKeywordLogger</class>
  <method>startKeyword</method>
  <thread>1</thread>
  <message>Start action : test = extent.createTest(testCaseContext.getTestCaseId())</message>
  <nestedLevel>2</nestedLevel>
  <escapedJava>false</escapedJava>
  <property name="startLine">35</property>
  <property name="stepIndex">1</property>
</record>
<record>
  <date>2026-09-15T06:25:38.816827200Z</date>
  <millis>1789453538816</millis>
  <nanos>827200</nanos>
  <sequence>32</sequence>
  <level>END</level>
  <class>com.kms.katalon.core.logging.XmlKeywordLogger</class>
  <method>endKeyword</method>
  <thread>1</thread>
  <message>End action : test = extent.createTest(testCaseContext.getTestCaseId())</message>
  <nestedLevel>2</nestedLevel>
  <escapedJava>false</escapedJava>
</record>
<record>
  <date>2026-09-15T06:25:38.816827200Z</date>
  <millis>1789453538816</millis>
  <nanos>827200</nanos>
  <sequence>33</sequence>
  <level>START</level>
  <class>com.kms.katalon.core.logging.XmlKeywordLogger</class>
  <method>startKeyword</method>
  <thread>1</thread>
  <message>Start action : println(&amp;quot;Test Created : &amp;quot; + testCaseContext.getTestCaseId())</message>
  <nestedLevel>2</nestedLevel>
  <escapedJava>false</escapedJava>
  <property name="startLine">39</property>
  <property name="stepIndex">2</property>
</record>
<record>
  <date>2026-09-15T06:25:38.817876700Z</date>
  <millis>1789453538817</millis>
  <nanos>876700</nanos>
  <sequence>35</sequence>
  <level>END</level>
  <class>com.kms.katalon.core.logging.XmlKeywordLogger</class>
  <method>endKeyword</method>
  <thread>1</thread>
  <message>End action : println(&amp;quot;Test Created : &amp;quot; + testCaseContext.getTestCaseId())</message>
  <nestedLevel>2</nestedLevel>
  <escapedJava>false</escapedJava>
</record>
<record>
  <date>2026-09-15T06:25:38.817876700Z</date>
  <millis>1789453538817</millis>
  <nanos>876700</nanos>
  <sequence>36</sequence>
  <level>END</level>
  <class>com.kms.katalon.core.logging.XmlKeywordLogger</class>
  <method>endKeyword</method>
  <thread>1</thread>
  <message>End action : if (extent != null)</message>
  <nestedLevel>1</nestedLevel>
  <escapedJava>false</escapedJava>
</record>
<record>
  <date>2026-09-15T06:25:38.818877400Z</date>
  <millis>1789453538818</millis>
  <nanos>877400</nanos>
  <sequence>37</sequence>
  <level>END</level>
  <class>com.kms.katalon.core.logging.XmlKeywordLogger</class>
  <method>endKeyword</method>
  <thread>1</thread>
  <message>End listener action : beforeTestCase</message>
  <nestedLevel>1</nestedLevel>
  <escapedJava>false</escapedJava>
</record>
<record>
  <date>2026-09-15T06:25:38.818877400Z</date>
  <millis>1789453538818</millis>
  <nanos>877400</nanos>
  <sequence>38</sequence>
  <level>START</level>
  <class>com.kms.katalon.core.logging.XmlKeywordLogger</class>
  <method>startKeyword</method>
  <thread>1</thread>
  <message>Start listener action : beforeTestCase</message>
  <nestedLevel>1</nestedLevel>
  <escapedJava>false</escapedJava>
</record>
<record>
  <date>2026-09-15T06:25:38.819877700Z</date>
  <millis>1789453538819</millis>
  <nanos>877700</nanos>
  <sequence>40</sequence>
  <level>START</level>
  <class>com.kms.katalon.core.logging.XmlKeywordLogger</class>
  <method>startKeyword</method>
  <thread>1</thread>
  <message>Start action : tcName = testCaseContext.getTestCaseId()</message>
  <nestedLevel>1</nestedLevel>
  <escapedJava>false</escapedJava>
  <property name="startLine">34</property>
  <property name="stepIndex">1</property>
</record>
<record>
  <date>2026-09-15T06:25:38.820875400Z</date>
  <millis>1789453538820</millis>
  <nanos>875400</nanos>
  <sequence>41</sequence>
  <level>END</level>
  <class>com.kms.katalon.core.logging.XmlKeywordLogger</class>
  <method>endKeyword</method>
  <thread>1</thread>
  <message>End action : tcName = testCaseContext.getTestCaseId()</message>
  <nestedLevel>1</nestedLevel>
  <escapedJava>false</escapedJava>
</record>
<record>
  <date>2026-09-15T06:25:38.820875400Z</date>
  <millis>1789453538820</millis>
  <nanos>875400</nanos>
  <sequence>42</sequence>
  <level>START</level>
  <class>com.kms.katalon.core.logging.XmlKeywordLogger</class>
  <method>startKeyword</method>
  <thread>1</thread>
  <message>Start action : if (tcName.contains(&amp;quot;Test Cases/Common_Test_case/Login&amp;quot;) || tcName.contains(&amp;quot;Test Cases/Profile_status&amp;quot;))</message>
  <nestedLevel>1</nestedLevel>
  <escapedJava>false</escapedJava>
  <property name="startLine">37</property>
  <property name="stepIndex">2</property>
</record>
<record>
  <date>2026-09-15T06:25:38.822875600Z</date>
  <millis>1789453538822</millis>
  <nanos>875600</nanos>
  <sequence>43</sequence>
  <level>START</level>
  <class>com.kms.katalon.core.logging.XmlKeywordLogger</class>
  <method>startKeyword</method>
  <thread>1</thread>
  <message>Start action : logInfo(&amp;quot;Login Module Detected - Listener Skipped&amp;quot;)</message>
  <nestedLevel>2</nestedLevel>
  <escapedJava>false</escapedJava>
  <property name="startLine">43</property>
  <property name="stepIndex">1</property>
</record>
<record>
  <date>2026-09-15T06:25:38.829926200Z</date>
  <millis>1789453538829</millis>
  <nanos>926200</nanos>
  <sequence>44</sequence>
  <level>INFO</level>
  <class>com.kms.katalon.core.logging.XmlKeywordLogger</class>
  <method>logMessage</method>
  <thread>1</thread>
  <message>Login Module Detected - Listener Skipped</message>
  <nestedLevel>1</nestedLevel>
  <escapedJava>false</escapedJava>
</record>
<record>
  <date>2026-09-15T06:25:38.830927500Z</date>
  <millis>1789453538830</millis>
  <nanos>927500</nanos>
  <sequence>45</sequence>
  <level>END</level>
  <class>com.kms.katalon.core.logging.XmlKeywordLogger</class>
  <method>endKeyword</method>
  <thread>1</thread>
  <message>End action : logInfo(&amp;quot;Login Module Detected - Listener Skipped&amp;quot;)</message>
  <nestedLevel>2</nestedLevel>
  <escapedJava>false</escapedJava>
</record>
<record>
  <date>2026-09-15T06:25:38.830927500Z</date>
  <millis>1789453538830</millis>
  <nanos>927500</nanos>
  <sequence>46</sequence>
  <level>START</level>
  <class>com.kms.katalon.core.logging.XmlKeywordLogger</class>
  <method>startKeyword</method>
  <thread>1</thread>
  <message>Start action : return null</message>
  <nestedLevel>2</nestedLevel>
  <escapedJava>false</escapedJava>
  <property name="startLine">45</property>
  <property name="stepIndex">2</property>
</record>
<record>
  <date>2026-09-15T06:25:38.830927500Z</date>
  <millis>1789453538830</millis>
  <nanos>927500</nanos>
  <sequence>48</sequence>
  <level>END</level>
  <class>com.kms.katalon.core.logging.XmlKeywordLogger</class>
  <method>endKeyword</method>
  <thread>1</thread>
  <message>End action : return null</message>
  <nestedLevel>2</nestedLevel>
  <escapedJava>false</escapedJava>
</record>
<record>
  <date>2026-09-15T06:25:38.830927500Z</date>
  <millis>1789453538830</millis>
  <nanos>927500</nanos>
  <sequence>49</sequence>
  <level>END</level>
  <class>com.kms.katalon.core.logging.XmlKeywordLogger</class>
  <method>endKeyword</method>
  <thread>1</thread>
  <message>End action : if (tcName.contains(&amp;quot;Test Cases/Common_Test_case/Login&amp;quot;) || tcName.contains(&amp;quot;Test Cases/Profile_status&amp;quot;))</message>
  <nestedLevel>1</nestedLevel>
  <escapedJava>false</escapedJava>
</record>
<record>
  <date>2026-09-15T06:25:38.830927500Z</date>
  <millis>1789453538830</millis>
  <nanos>927500</nanos>
  <sequence>50</sequence>
  <level>END</level>
  <class>com.kms.katalon.core.logging.XmlKeywordLogger</class>
  <method>endKeyword</method>
  <thread>1</thread>
  <message>End listener action : beforeTestCase</message>
  <nestedLevel>1</nestedLevel>
  <escapedJava>false</escapedJava>
</record>
<record>
  <date>2026-09-15T06:25:38.882067Z</date>
  <millis>1789453538882</millis>
  <nanos>67000</nanos>
  <sequence>51</sequence>
  <level>START</level>
  <class>com.kms.katalon.core.logging.XmlKeywordLogger</class>
  <method>startKeyword</method>
  <thread>1</thread>
  <message>Start action : openBrowser(&amp;quot;&amp;quot;)</message>
  <nestedLevel>1</nestedLevel>
  <escapedJava>false</escapedJava>
  <property name="startLine">31</property>
  <property name="stepIndex">1</property>
</record>
<record>
  <date>2026-09-15T06:25:39.202134700Z</date>
  <millis>1789453539202</millis>
  <nanos>134700</nanos>
  <sequence>54</sequence>
  <level>INFO</level>
  <class>com.kms.katalon.core.logging.XmlKeywordLogger</class>
  <method>logMessage</method>
  <thread>1</thread>
  <message>Starting &amp;apos;Chrome&amp;apos; driver</message>
  <nestedLevel>1</nestedLevel>
  <escapedJava>false</escapedJava>
</record>
<record>
  <date>2026-09-15T06:25:39.250995800Z</date>
  <millis>1789453539250</millis>
  <nanos>995800</nanos>
  <sequence>55</sequence>
  <level>INFO</level>
  <class>com.kms.katalon.core.logging.XmlKeywordLogger</class>
  <method>logMessage</method>
  <thread>1</thread>
  <message>Action delay is set to 0 milliseconds</message>
  <nestedLevel>1</nestedLevel>
  <escapedJava>false</escapedJava>
</record>
<record>
  <date>2026-09-15T06:25:40.486766300Z</date>
  <millis>1789453540486</millis>
  <nanos>766300</nanos>
  <sequence>58</sequence>
  <level>RUN_DATA</level>
  <class>com.kms.katalon.core.logging.XmlKeywordLogger</class>
  <method>logMessage</method>
  <thread>1</thread>
  <message>sessionId = 9fb788b4880eaab66d49fd5dc9746485</message>
  <nestedLevel>1</nestedLevel>
  <escapedJava>false</escapedJava>
  <property name="sessionId">9fb788b4880eaab66d49fd5dc9746485</property>
</record>
<record>
  <date>2026-09-15T06:25:40.487271600Z</date>
  <millis>1789453540487</millis>
  <nanos>271600</nanos>
  <sequence>59</sequence>
  <level>RUN_DATA</level>
  <class>com.kms.katalon.core.logging.XmlKeywordLogger</class>
  <method>logMessage</method>
  <thread>1</thread>
  <message>browser = Chrome 152.0.7977.84</message>
  <nestedLevel>1</nestedLevel>
  <escapedJava>false</escapedJava>
  <property name="browser">Chrome 152.0.7977.84</property>
</record>
<record>
  <date>2026-09-15T06:25:40.487271600Z</date>
  <millis>1789453540487</millis>
  <nanos>271600</nanos>
  <sequence>60</sequence>
  <level>RUN_DATA</level>
  <class>com.kms.katalon.core.logging.XmlKeywordLogger</class>
  <method>logMessage</method>
  <thread>1</thread>
  <message>platform = Windows 11</message>
  <nestedLevel>1</nestedLevel>
  <escapedJava>false</escapedJava>
  <property name="platform">Windows 11</property>
</record>
<record>
  <date>2026-09-15T06:25:40.487271600Z</date>
  <millis>1789453540487</millis>
  <nanos>271600</nanos>
  <sequence>61</sequence>
  <level>RUN_DATA</level>
  <class>com.kms.katalon.core.logging.XmlKeywordLogger</class>
  <method>logMessage</method>
  <thread>1</thread>
  <message>seleniumVersion = 4.39.0</message>
  <nestedLevel>1</nestedLevel>
  <escapedJava>false</escapedJava>
  <property name="seleniumVersion">4.39.0</property>
</record>
<record>
  <date>2026-09-15T06:25:40.490806900Z</date>
  <millis>1789453540490</millis>
  <nanos>806900</nanos>
  <sequence>62</sequence>
  <level>RUN_DATA</level>
  <class>com.kms.katalon.core.logging.XmlKeywordLogger</class>
  <method>logMessage</method>
  <thread>1</thread>
  <message>proxyInformation = ProxyInformation { proxyOption=NO_PROXY, proxyServerType=HTTP, username=, password=********, proxyServerAddress=, proxyServerPort=0, executionList=&amp;quot;&amp;quot;, isApplyToDesiredCapabilities=true }</message>
  <nestedLevel>1</nestedLevel>
  <escapedJava>false</escapedJava>
  <property name="proxyInformation">ProxyInformation { proxyOption=NO_PROXY, proxyServerType=HTTP, username=, password=********, proxyServerAddress=, proxyServerPort=0, executionList=&quot;&quot;, isApplyToDesiredCapabilities=true }</property>
</record>
<record>
  <date>2026-09-15T06:25:40.512026800Z</date>
  <millis>1789453540512</millis>
  <nanos>26800</nanos>
  <sequence>63</sequence>
  <level>PASSED</level>
  <class>com.kms.katalon.core.logging.XmlKeywordLogger</class>
  <method>logMessage</method>
  <thread>1</thread>
  <message>Browser is opened with url: &amp;apos;&amp;apos;</message>
  <nestedLevel>1</nestedLevel>
  <escapedJava>false</escapedJava>
  <property name="testops-method-name">com.kms.katalon.core.webui.keyword.builtin.OpenBrowserKeyword.openBrowser</property>
  <property name="testops-execution-stacktrace"></property>
</record>
<record>
  <date>2026-09-15T06:25:40.513033300Z</date>
  <millis>1789453540513</millis>
  <nanos>33300</nanos>
  <sequence>64</sequence>
  <level>END</level>
  <class>com.kms.katalon.core.logging.XmlKeywordLogger</class>
  <method>endKeyword</method>
  <thread>1</thread>
  <message>End action : openBrowser(&amp;quot;&amp;quot;)</message>
  <nestedLevel>1</nestedLevel>
  <escapedJava>false</escapedJava>
</record>
<record>
  <date>2026-09-15T06:25:40.513033300Z</date>
  <millis>1789453540513</millis>
  <nanos>33300</nanos>
  <sequence>65</sequence>
  <level>START</level>
  <class>com.kms.katalon.core.logging.XmlKeywordLogger</class>
  <method>startKeyword</method>
  <thread>1</thread>
  <message>Start action : maximizeWindow()</message>
  <nestedLevel>1</nestedLevel>
  <escapedJava>false</escapedJava>
  <property name="startLine">33</property>
  <property name="stepIndex">2</property>
</record>
<record>
  <date>2026-09-15T06:25:40.563884900Z</date>
  <millis>1789453540563</millis>
  <nanos>884900</nanos>
  <sequence>68</sequence>
  <level>PASSED</level>
  <class>com.kms.katalon.core.logging.XmlKeywordLogger</class>
  <method>logMessage</method>
  <thread>1</thread>
  <message>Current window maximized</message>
  <nestedLevel>1</nestedLevel>
  <escapedJava>false</escapedJava>
  <property name="testops-method-name">com.kms.katalon.core.webui.keyword.builtin.MaximizeWindowKeyword.maximizeWindow</property>
  <property name="testops-execution-stacktrace"></property>
</record>
<record>
  <date>2026-09-15T06:25:40.565444900Z</date>
  <millis>1789453540565</millis>
  <nanos>444900</nanos>
  <sequence>69</sequence>
  <level>END</level>
  <class>com.kms.katalon.core.logging.XmlKeywordLogger</class>
  <method>endKeyword</method>
  <thread>1</thread>
  <message>End action : maximizeWindow()</message>
  <nestedLevel>1</nestedLevel>
  <escapedJava>false</escapedJava>
</record>
<record>
  <date>2026-09-15T06:25:40.565444900Z</date>
  <millis>1789453540565</millis>
  <nanos>444900</nanos>
  <sequence>70</sequence>
  <level>START</level>
  <class>com.kms.katalon.core.logging.XmlKeywordLogger</class>
  <method>startKeyword</method>
  <thread>1</thread>
  <message>Start action : navigateToUrl(&amp;quot;https://sahibnkmitraqc.banksekure.com/EKYCWeb/&amp;quot;)</message>
  <nestedLevel>1</nestedLevel>
  <escapedJava>false</escapedJava>
  <property name="startLine">35</property>
  <property name="stepIndex">3</property>
</record>
<record>
  <date>2026-09-15T06:25:42.168137900Z</date>
  <millis>1789453542168</millis>
  <nanos>137900</nanos>
  <sequence>74</sequence>
  <level>PASSED</level>
  <class>com.kms.katalon.core.logging.XmlKeywordLogger</class>
  <method>logMessage</method>
  <thread>1</thread>
  <message>Navigate to &amp;apos;https://sahibnkmitraqc.banksekure.com/EKYCWeb/&amp;apos; successfully</message>
  <nestedLevel>1</nestedLevel>
  <escapedJava>false</escapedJava>
  <property name="testops-method-name">com.kms.katalon.core.webui.keyword.builtin.NavigateToUrlKeyword.navigateToUrl</property>
  <property name="testops-execution-stacktrace"></property>
</record>
<record>
  <date>2026-09-15T06:25:42.169152300Z</date>
  <millis>1789453542169</millis>
  <nanos>152300</nanos>
  <sequence>75</sequence>
  <level>END</level>
  <class>com.kms.katalon.core.logging.XmlKeywordLogger</class>
  <method>endKeyword</method>
  <thread>1</thread>
  <message>End action : navigateToUrl(&amp;quot;https://sahibnkmitraqc.banksekure.com/EKYCWeb/&amp;quot;)</message>
  <nestedLevel>1</nestedLevel>
  <escapedJava>false</escapedJava>
</record>
<record>
  <date>2026-09-15T06:25:42.169152300Z</date>
  <millis>1789453542169</millis>
  <nanos>152300</nanos>
  <sequence>76</sequence>
  <level>START</level>
  <class>com.kms.katalon.core.logging.XmlKeywordLogger</class>
  <method>startKeyword</method>
  <thread>1</thread>
  <message>Start action : versionObj = new com.kms.katalon.core.testobject.TestObject()</message>
  <nestedLevel>1</nestedLevel>
  <escapedJava>false</escapedJava>
  <property name="startLine">38</property>
  <property name="stepIndex">4</property>
</record>
<record>
  <date>2026-09-15T06:25:42.175157100Z</date>
  <millis>1789453542175</millis>
  <nanos>157100</nanos>
  <sequence>77</sequence>
  <level>END</level>
  <class>com.kms.katalon.core.logging.XmlKeywordLogger</class>
  <method>endKeyword</method>
  <thread>1</thread>
  <message>End action : versionObj = new com.kms.katalon.core.testobject.TestObject()</message>
  <nestedLevel>1</nestedLevel>
  <escapedJava>false</escapedJava>
</record>
<record>
  <date>2026-09-15T06:25:42.176531100Z</date>
  <millis>1789453542176</millis>
  <nanos>531100</nanos>
  <sequence>78</sequence>
  <level>START</level>
  <class>com.kms.katalon.core.logging.XmlKeywordLogger</class>
  <method>startKeyword</method>
  <thread>1</thread>
  <message>Start action : versionObj.addProperty(&amp;quot;xpath&amp;quot;, EQUALS, &amp;quot;//p[contains(.,&amp;apos;Version&amp;apos;)]&amp;quot;)</message>
  <nestedLevel>1</nestedLevel>
  <escapedJava>false</escapedJava>
  <property name="startLine">40</property>
  <property name="stepIndex">5</property>
</record>
<record>
  <date>2026-09-15T06:25:42.184041Z</date>
  <millis>1789453542184</millis>
  <nanos>41000</nanos>
  <sequence>79</sequence>
  <level>END</level>
  <class>com.kms.katalon.core.logging.XmlKeywordLogger</class>
  <method>endKeyword</method>
  <thread>1</thread>
  <message>End action : versionObj.addProperty(&amp;quot;xpath&amp;quot;, EQUALS, &amp;quot;//p[contains(.,&amp;apos;Version&amp;apos;)]&amp;quot;)</message>
  <nestedLevel>1</nestedLevel>
  <escapedJava>false</escapedJava>
</record>
<record>
  <date>2026-09-15T06:25:42.184041Z</date>
  <millis>1789453542184</millis>
  <nanos>41000</nanos>
  <sequence>80</sequence>
  <level>START</level>
  <class>com.kms.katalon.core.logging.XmlKeywordLogger</class>
  <method>startKeyword</method>
  <thread>1</thread>
  <message>Start action : ActualApplicationversion = getText(versionObj)</message>
  <nestedLevel>1</nestedLevel>
  <escapedJava>false</escapedJava>
  <property name="startLine">46</property>
  <property name="stepIndex">6</property>
</record>
<record>
  <date>2026-09-15T06:25:42.467513Z</date>
  <millis>1789453542467</millis>
  <nanos>513000</nanos>
  <sequence>89</sequence>
  <level>PASSED</level>
  <class>com.kms.katalon.core.logging.XmlKeywordLogger</class>
  <method>logMessage</method>
  <thread>1</thread>
  <message>Text of object &amp;apos;&amp;apos; is: &amp;apos;© 2026 Manipal Group.Version 6.3.0 Design by Manipal Technologies Ltd.&amp;apos;</message>
  <nestedLevel>1</nestedLevel>
  <escapedJava>false</escapedJava>
  <property name="testops-method-name">com.kms.katalon.core.webui.keyword.internal.WebUIKeywordMain.runKeywordUntilTimeout</property>
  <property name="testops-execution-stacktrace">com.kms.katalon.core.logging.KeywordLogger.logPassed(KeywordLogger.java:351)
com.kms.katalon.core.logging.KeywordLogger.logPassed(KeywordLogger.java:346)
com.kms.katalon.core.webui.keyword.builtin.GetTextKeyword$_getText_closure1.doCall(GetTextKeyword.groovy:85)
java.base/jdk.internal.reflect.DirectMethodHandleAccessor.invoke(DirectMethodHandleAccessor.java:103)
jdk.proxy2/jdk.proxy2.$Proxy60.execute(Unknown Source)
com.kms.katalon.core.webui.model.SeleniumActionRetryController.performAction(SeleniumActionRetryController.java:96)
com.kms.katalon.core.webui.model.SeleniumActionRetryController.performAction(SeleniumActionRetryController.java:83)
com.kms.katalon.core.webui.keyword.internal.WebUIKeywordMain$_runKeywordUntilTimeout_closure1.doCall(WebUIKeywordMain.groovy:135)
com.kms.katalon.core.webui.keyword.internal.WebUIKeywordMain$_runKeywordUntilTimeout_closure1.call(WebUIKeywordMain.groovy)
com.kms.katalon.core.webui.keyword.internal.WebUIKeywordMain.runKeyword(WebUIKeywordMain.groovy:41)
com.kms.katalon.core.webui.keyword.internal.WebUIKeywordMain.runKeywordUntilTimeout(WebUIKeywordMain.groovy:133)
com.kms.katalon.core.webui.keyword.builtin.GetTextKeyword.getText(GetTextKeyword.groovy:92)
com.kms.katalon.core.webui.keyword.builtin.GetTextKeyword.execute(GetTextKeyword.groovy:67)
com.kms.katalon.core.keyword.internal.KeywordExecutor.executeKeywordForPlatform(KeywordExecutor.groovy:104)
com.kms.katalon.core.webui.keyword.WebUiBuiltInKeywords.getText(WebUiBuiltInKeywords.groovy:1020)
VL_Verify_ApplicationVersion_TC_102.run(VL_Verify_ApplicationVersion_TC_102:46)
</property>
</record>
<record>
  <date>2026-09-15T06:25:42.469017400Z</date>
  <millis>1789453542469</millis>
  <nanos>17400</nanos>
  <sequence>90</sequence>
  <level>END</level>
  <class>com.kms.katalon.core.logging.XmlKeywordLogger</class>
  <method>endKeyword</method>
  <thread>1</thread>
  <message>End action : ActualApplicationversion = getText(versionObj)</message>
  <nestedLevel>1</nestedLevel>
  <escapedJava>false</escapedJava>
</record>
<record>
  <date>2026-09-15T06:25:42.469017400Z</date>
  <millis>1789453542469</millis>
  <nanos>17400</nanos>
  <sequence>91</sequence>
  <level>START</level>
  <class>com.kms.katalon.core.logging.XmlKeywordLogger</class>
  <method>startKeyword</method>
  <thread>1</thread>
  <message>Start action : logInfo(&amp;quot; Actual Application version number : &amp;quot; + ActualApplicationversion)</message>
  <nestedLevel>1</nestedLevel>
  <escapedJava>false</escapedJava>
  <property name="startLine">48</property>
  <property name="stepIndex">7</property>
</record>
<record>
  <date>2026-09-15T06:25:42.470026700Z</date>
  <millis>1789453542470</millis>
  <nanos>26700</nanos>
  <sequence>92</sequence>
  <level>INFO</level>
  <class>com.kms.katalon.core.logging.XmlKeywordLogger</class>
  <method>logMessage</method>
  <thread>1</thread>
  <message> Actual Application version number : © 2026 Manipal Group.Version 6.3.0 Design by Manipal Technologies Ltd.</message>
  <nestedLevel>1</nestedLevel>
  <escapedJava>false</escapedJava>
</record>
<record>
  <date>2026-09-15T06:25:42.470026700Z</date>
  <millis>1789453542470</millis>
  <nanos>26700</nanos>
  <sequence>93</sequence>
  <level>END</level>
  <class>com.kms.katalon.core.logging.XmlKeywordLogger</class>
  <method>endKeyword</method>
  <thread>1</thread>
  <message>End action : logInfo(&amp;quot; Actual Application version number : &amp;quot; + ActualApplicationversion)</message>
  <nestedLevel>1</nestedLevel>
  <escapedJava>false</escapedJava>
</record>
<record>
  <date>2026-09-15T06:25:42.471025100Z</date>
  <millis>1789453542471</millis>
  <nanos>25100</nanos>
  <sequence>94</sequence>
  <level>START</level>
  <class>com.kms.katalon.core.logging.XmlKeywordLogger</class>
  <method>startKeyword</method>
  <thread>1</thread>
  <message>Start action : expectedVersion = &amp;quot;6.3.0&amp;quot;</message>
  <nestedLevel>1</nestedLevel>
  <escapedJava>false</escapedJava>
  <property name="startLine">51</property>
  <property name="stepIndex">8</property>
</record>
<record>
  <date>2026-09-15T06:25:42.471025100Z</date>
  <millis>1789453542471</millis>
  <nanos>25100</nanos>
  <sequence>95</sequence>
  <level>END</level>
  <class>com.kms.katalon.core.logging.XmlKeywordLogger</class>
  <method>endKeyword</method>
  <thread>1</thread>
  <message>End action : expectedVersion = &amp;quot;6.3.0&amp;quot;</message>
  <nestedLevel>1</nestedLevel>
  <escapedJava>false</escapedJava>
</record>
<record>
  <date>2026-09-15T06:25:42.472024300Z</date>
  <millis>1789453542472</millis>
  <nanos>24300</nanos>
  <sequence>96</sequence>
  <level>START</level>
  <class>com.kms.katalon.core.logging.XmlKeywordLogger</class>
  <method>startKeyword</method>
  <thread>1</thread>
  <message>Start action : logInfo(&amp;quot;Expected Application version number  : &amp;quot; + expectedVersion)</message>
  <nestedLevel>1</nestedLevel>
  <escapedJava>false</escapedJava>
  <property name="startLine">53</property>
  <property name="stepIndex">9</property>
</record>
<record>
  <date>2026-09-15T06:25:42.472024300Z</date>
  <millis>1789453542472</millis>
  <nanos>24300</nanos>
  <sequence>97</sequence>
  <level>INFO</level>
  <class>com.kms.katalon.core.logging.XmlKeywordLogger</class>
  <method>logMessage</method>
  <thread>1</thread>
  <message>Expected Application version number  : 6.3.0</message>
  <nestedLevel>1</nestedLevel>
  <escapedJava>false</escapedJava>
</record>
<record>
  <date>2026-09-15T06:25:42.473023500Z</date>
  <millis>1789453542473</millis>
  <nanos>23500</nanos>
  <sequence>98</sequence>
  <level>END</level>
  <class>com.kms.katalon.core.logging.XmlKeywordLogger</class>
  <method>endKeyword</method>
  <thread>1</thread>
  <message>End action : logInfo(&amp;quot;Expected Application version number  : &amp;quot; + expectedVersion)</message>
  <nestedLevel>1</nestedLevel>
  <escapedJava>false</escapedJava>
</record>
<record>
  <date>2026-09-15T06:25:42.473023500Z</date>
  <millis>1789453542473</millis>
  <nanos>23500</nanos>
  <sequence>99</sequence>
  <level>START</level>
  <class>com.kms.katalon.core.logging.XmlKeywordLogger</class>
  <method>startKeyword</method>
  <thread>1</thread>
  <message>Start action : if (ActualApplicationversion.contains(expectedVersion))</message>
  <nestedLevel>1</nestedLevel>
  <escapedJava>false</escapedJava>
  <property name="startLine">56</property>
  <property name="stepIndex">10</property>
</record>
<record>
  <date>2026-09-15T06:25:42.479150700Z</date>
  <millis>1789453542479</millis>
  <nanos>150700</nanos>
  <sequence>100</sequence>
  <level>START</level>
  <class>com.kms.katalon.core.logging.XmlKeywordLogger</class>
  <method>startKeyword</method>
  <thread>1</thread>
  <message>Start action : markPassed(&amp;quot;Version Verification PASSED&amp;quot;)</message>
  <nestedLevel>2</nestedLevel>
  <escapedJava>false</escapedJava>
  <property name="startLine">58</property>
  <property name="stepIndex">1</property>
</record>
<record>
  <date>2026-09-15T06:25:42.480150600Z</date>
  <millis>1789453542480</millis>
  <nanos>150600</nanos>
  <sequence>102</sequence>
  <level>PASSED</level>
  <class>com.kms.katalon.core.logging.XmlKeywordLogger</class>
  <method>logMessage</method>
  <thread>1</thread>
  <message>Version Verification PASSED</message>
  <nestedLevel>1</nestedLevel>
  <escapedJava>false</escapedJava>
  <property name="testops-execution-stacktrace">com.kms.katalon.core.logging.KeywordLogger.logPassed(KeywordLogger.java:351)
com.kms.katalon.core.logging.KeywordLogger.logPassed(KeywordLogger.java:346)
com.kms.katalon.core.util.KeywordUtil.markPassed(KeywordUtil.java:58)
VL_Verify_ApplicationVersion_TC_102.run(VL_Verify_ApplicationVersion_TC_102:58)
</property>
</record>
<record>
  <date>2026-09-15T06:25:42.481150400Z</date>
  <millis>1789453542481</millis>
  <nanos>150400</nanos>
  <sequence>103</sequence>
  <level>END</level>
  <class>com.kms.katalon.core.logging.XmlKeywordLogger</class>
  <method>endKeyword</method>
  <thread>1</thread>
  <message>End action : markPassed(&amp;quot;Version Verification PASSED&amp;quot;)</message>
  <nestedLevel>2</nestedLevel>
  <escapedJava>false</escapedJava>
</record>
<record>
  <date>2026-09-15T06:25:42.481150400Z</date>
  <millis>1789453542481</millis>
  <nanos>150400</nanos>
  <sequence>104</sequence>
  <level>END</level>
  <class>com.kms.katalon.core.logging.XmlKeywordLogger</class>
  <method>endKeyword</method>
  <thread>1</thread>
  <message>End action : if (ActualApplicationversion.contains(expectedVersion))</message>
  <nestedLevel>1</nestedLevel>
  <escapedJava>false</escapedJava>
</record>
<record>
  <date>2026-09-15T06:25:42.481150400Z</date>
  <millis>1789453542481</millis>
  <nanos>150400</nanos>
  <sequence>105</sequence>
  <level>PASSED</level>
  <class>com.kms.katalon.core.logging.XmlKeywordLogger</class>
  <method>logMessage</method>
  <thread>1</thread>
  <message>Test Cases/Common_Test_case/Login/ValidLogin/VL_Verify_ApplicationVersion_TC_102</message>
  <nestedLevel>1</nestedLevel>
  <escapedJava>false</escapedJava>
</record>
<record>
  <date>2026-09-15T06:25:42.481150400Z</date>
  <millis>1789453542481</millis>
  <nanos>150400</nanos>
  <sequence>106</sequence>
  <level>START</level>
  <class>com.kms.katalon.core.logging.XmlKeywordLogger</class>
  <method>startKeyword</method>
  <thread>1</thread>
  <message>Start listener action : afterTestCase</message>
  <nestedLevel>1</nestedLevel>
  <escapedJava>false</escapedJava>
</record>
<record>
  <date>2026-09-15T06:25:42.482150800Z</date>
  <millis>1789453542482</millis>
  <nanos>150800</nanos>
  <sequence>108</sequence>
  <level>START</level>
  <class>com.kms.katalon.core.logging.XmlKeywordLogger</class>
  <method>startKeyword</method>
  <thread>1</thread>
  <message>Start action : if (test == null)</message>
  <nestedLevel>1</nestedLevel>
  <escapedJava>false</escapedJava>
  <property name="startLine">51</property>
  <property name="stepIndex">1</property>
</record>
<record>
  <date>2026-09-15T06:25:42.482150800Z</date>
  <millis>1789453542482</millis>
  <nanos>150800</nanos>
  <sequence>109</sequence>
  <level>END</level>
  <class>com.kms.katalon.core.logging.XmlKeywordLogger</class>
  <method>endKeyword</method>
  <thread>1</thread>
  <message>End action : if (test == null)</message>
  <nestedLevel>1</nestedLevel>
  <escapedJava>false</escapedJava>
</record>
<record>
  <date>2026-09-15T06:25:42.482150800Z</date>
  <millis>1789453542482</millis>
  <nanos>150800</nanos>
  <sequence>110</sequence>
  <level>START</level>
  <class>com.kms.katalon.core.logging.XmlKeywordLogger</class>
  <method>startKeyword</method>
  <thread>1</thread>
  <message>Start action : status = testCaseContext.getTestCaseStatus()</message>
  <nestedLevel>1</nestedLevel>
  <escapedJava>false</escapedJava>
  <property name="startLine">57</property>
  <property name="stepIndex">2</property>
</record>
<record>
  <date>2026-09-15T06:25:42.483149200Z</date>
  <millis>1789453542483</millis>
  <nanos>149200</nanos>
  <sequence>111</sequence>
  <level>END</level>
  <class>com.kms.katalon.core.logging.XmlKeywordLogger</class>
  <method>endKeyword</method>
  <thread>1</thread>
  <message>End action : status = testCaseContext.getTestCaseStatus()</message>
  <nestedLevel>1</nestedLevel>
  <escapedJava>false</escapedJava>
</record>
<record>
  <date>2026-09-15T06:25:42.483149200Z</date>
  <millis>1789453542483</millis>
  <nanos>149200</nanos>
  <sequence>112</sequence>
  <level>START</level>
  <class>com.kms.katalon.core.logging.XmlKeywordLogger</class>
  <method>startKeyword</method>
  <thread>1</thread>
  <message>Start action : if (status == &amp;quot;PASSED&amp;quot;)</message>
  <nestedLevel>1</nestedLevel>
  <escapedJava>false</escapedJava>
  <property name="startLine">60</property>
  <property name="stepIndex">3</property>
</record>
<record>
  <date>2026-09-15T06:25:42.483149200Z</date>
  <millis>1789453542483</millis>
  <nanos>149200</nanos>
  <sequence>113</sequence>
  <level>START</level>
  <class>com.kms.katalon.core.logging.XmlKeywordLogger</class>
  <method>startKeyword</method>
  <thread>1</thread>
  <message>Start action : test.pass(&amp;quot;Test Case PASSED&amp;quot;)</message>
  <nestedLevel>2</nestedLevel>
  <escapedJava>false</escapedJava>
  <property name="startLine">62</property>
  <property name="stepIndex">1</property>
</record>
<record>
  <date>2026-09-15T06:25:42.490373600Z</date>
  <millis>1789453542490</millis>
  <nanos>373600</nanos>
  <sequence>114</sequence>
  <level>END</level>
  <class>com.kms.katalon.core.logging.XmlKeywordLogger</class>
  <method>endKeyword</method>
  <thread>1</thread>
  <message>End action : test.pass(&amp;quot;Test Case PASSED&amp;quot;)</message>
  <nestedLevel>2</nestedLevel>
  <escapedJava>false</escapedJava>
</record>
<record>
  <date>2026-09-15T06:25:42.491374600Z</date>
  <millis>1789453542491</millis>
  <nanos>374600</nanos>
  <sequence>115</sequence>
  <level>END</level>
  <class>com.kms.katalon.core.logging.XmlKeywordLogger</class>
  <method>endKeyword</method>
  <thread>1</thread>
  <message>End action : if (status == &amp;quot;PASSED&amp;quot;)</message>
  <nestedLevel>1</nestedLevel>
  <escapedJava>false</escapedJava>
</record>
<record>
  <date>2026-09-15T06:25:42.491374600Z</date>
  <millis>1789453542491</millis>
  <nanos>374600</nanos>
  <sequence>116</sequence>
  <level>START</level>
  <class>com.kms.katalon.core.logging.XmlKeywordLogger</class>
  <method>startKeyword</method>
  <thread>1</thread>
  <message>Start action : println(&amp;quot;Test Status : &amp;quot; + status)</message>
  <nestedLevel>1</nestedLevel>
  <escapedJava>false</escapedJava>
  <property name="startLine">73</property>
  <property name="stepIndex">6</property>
</record>
<record>
  <date>2026-09-15T06:25:42.492377100Z</date>
  <millis>1789453542492</millis>
  <nanos>377100</nanos>
  <sequence>118</sequence>
  <level>END</level>
  <class>com.kms.katalon.core.logging.XmlKeywordLogger</class>
  <method>endKeyword</method>
  <thread>1</thread>
  <message>End action : println(&amp;quot;Test Status : &amp;quot; + status)</message>
  <nestedLevel>1</nestedLevel>
  <escapedJava>false</escapedJava>
</record>
<record>
  <date>2026-09-15T06:25:42.493375200Z</date>
  <millis>1789453542493</millis>
  <nanos>375200</nanos>
  <sequence>119</sequence>
  <level>END</level>
  <class>com.kms.katalon.core.logging.XmlKeywordLogger</class>
  <method>endKeyword</method>
  <thread>1</thread>
  <message>End listener action : afterTestCase</message>
  <nestedLevel>1</nestedLevel>
  <escapedJava>false</escapedJava>
</record>
<record>
  <date>2026-09-15T06:25:42.493375200Z</date>
  <millis>1789453542493</millis>
  <nanos>375200</nanos>
  <sequence>120</sequence>
  <level>START</level>
  <class>com.kms.katalon.core.logging.XmlKeywordLogger</class>
  <method>startKeyword</method>
  <thread>1</thread>
  <message>Start listener action : sampleAfterTestCase</message>
  <nestedLevel>1</nestedLevel>
  <escapedJava>false</escapedJava>
</record>
<record>
  <date>2026-09-15T06:25:42.493375200Z</date>
  <millis>1789453542493</millis>
  <nanos>375200</nanos>
  <sequence>122</sequence>
  <level>START</level>
  <class>com.kms.katalon.core.logging.XmlKeywordLogger</class>
  <method>startKeyword</method>
  <thread>1</thread>
  <message>Start action : closeBrowser()</message>
  <nestedLevel>1</nestedLevel>
  <escapedJava>false</escapedJava>
  <property name="startLine">93</property>
  <property name="stepIndex">1</property>
</record>
<record>
  <date>2026-09-15T06:25:42.663849Z</date>
  <millis>1789453542663</millis>
  <nanos>849000</nanos>
  <sequence>125</sequence>
  <level>PASSED</level>
  <class>com.kms.katalon.core.logging.XmlKeywordLogger</class>
  <method>logMessage</method>
  <thread>1</thread>
  <message>Browser is closed</message>
  <nestedLevel>1</nestedLevel>
  <escapedJava>false</escapedJava>
  <property name="testops-method-name">com.kms.katalon.core.webui.keyword.builtin.CloseBrowserKeyword.closeBrowser</property>
  <property name="testops-execution-stacktrace"></property>
</record>
<record>
  <date>2026-09-15T06:25:42.664845500Z</date>
  <millis>1789453542664</millis>
  <nanos>845500</nanos>
  <sequence>127</sequence>
  <level>END</level>
  <class>com.kms.katalon.core.logging.XmlKeywordLogger</class>
  <method>endKeyword</method>
  <thread>1</thread>
  <message>End action : closeBrowser()</message>
  <nestedLevel>1</nestedLevel>
  <escapedJava>false</escapedJava>
</record>
<record>
  <date>2026-09-15T06:25:42.664845500Z</date>
  <millis>1789453542664</millis>
  <nanos>845500</nanos>
  <sequence>128</sequence>
  <level>END</level>
  <class>com.kms.katalon.core.logging.XmlKeywordLogger</class>
  <method>endKeyword</method>
  <thread>1</thread>
  <message>End listener action : sampleAfterTestCase</message>
  <nestedLevel>1</nestedLevel>
  <escapedJava>false</escapedJava>
</record>
<record>
  <date>2026-09-15T06:25:42.664845500Z</date>
  <millis>1789453542664</millis>
  <nanos>845500</nanos>
  <sequence>129</sequence>
  <level>END</level>
  <class>com.kms.katalon.core.logging.XmlKeywordLogger</class>
  <method>endTest</method>
  <thread>1</thread>
  <message>End Test Case : Test Cases/Common_Test_case/Login/ValidLogin/VL_Verify_ApplicationVersion_TC_102</message>
  <nestedLevel>0</nestedLevel>
  <escapedJava>false</escapedJava>
  <property name="executionBindingVariables">[]</property>
  <property name="applitools">false</property>
  <property name="executedKeywords">{
  &quot;WebUI.closeBrowser&quot;: 1,
  &quot;WebUI.maximizeWindow&quot;: 1,
  &quot;WebUI.navigateToUrl&quot;: 1,
  &quot;WebUI.getText&quot;: 1,
  &quot;WebUI.openBrowser&quot;: 1
}</property>
  <property name="keywordsUsage">{
  &quot;web_ui&quot;: true,
  &quot;web_service&quot;: false,
  &quot;cucumber&quot;: false,
  &quot;builtin&quot;: false,
  &quot;mobile&quot;: false,
  &quot;windows&quot;: false,
  &quot;testng&quot;: false
}</property>
</record>
<record>
  <date>2026-09-15T06:25:42.692339Z</date>
  <millis>1789453542692</millis>
  <nanos>339000</nanos>
  <sequence>130</sequence>
  <level>START</level>
  <class>com.kms.katalon.core.logging.XmlKeywordLogger</class>
  <method>startTest</method>
  <thread>1</thread>
  <message>Start Test Case : Test Cases/Common_Test_case/Login/InvalidLogin/IL_ValidUsername_BlankPassword_TC_103</message>
  <nestedLevel>1</nestedLevel>
  <escapedJava>false</escapedJava>
  <property name="origin">WEB_RECORDER</property>
  <property name="name">Test Cases/Common_Test_case/Login/InvalidLogin/IL_ValidUsername_BlankPassword_TC_103</property>
  <property name="description"></property>
  <property name="iteration"></property>
  <property name="id">Test Cases/Common_Test_case/Login/InvalidLogin/IL_ValidUsername_BlankPassword_TC_103</property>
  <property name="source">F:\SahiBnk Mitra DSB\Test Cases\Common_Test_case\Login\InvalidLogin\IL_ValidUsername_BlankPassword_TC_103.tc</property>
  <property name="tag"></property>
  <property name="isOptional">false</property>
  <property name="uuid">a64d0903-fba7-49eb-a8ec-3ebb6aec892a</property>
</record>
<record>
  <date>2026-09-15T06:25:42.701849500Z</date>
  <millis>1789453542701</millis>
  <nanos>849500</nanos>
  <sequence>132</sequence>
  <level>INFO</level>
  <class>com.kms.katalon.core.logging.XmlKeywordLogger</class>
  <method>logMessage</method>
  <thread>1</thread>
  <message>appUrl = https://sahibnkmitraqc.banksekure.com/EKYCWeb/</message>
  <nestedLevel>1</nestedLevel>
  <escapedJava>false</escapedJava>
</record>
<record>
  <date>2026-09-15T06:25:42.701849500Z</date>
  <millis>1789453542701</millis>
  <nanos>849500</nanos>
  <sequence>133</sequence>
  <level>INFO</level>
  <class>com.kms.katalon.core.logging.XmlKeywordLogger</class>
  <method>logMessage</method>
  <thread>1</thread>
  <message>userid = TestAutoAdm</message>
  <nestedLevel>1</nestedLevel>
  <escapedJava>false</escapedJava>
</record>
<record>
  <date>2026-09-15T06:25:42.702851800Z</date>
  <millis>1789453542702</millis>
  <nanos>851800</nanos>
  <sequence>134</sequence>
  <level>INFO</level>
  <class>com.kms.katalon.core.logging.XmlKeywordLogger</class>
  <method>logMessage</method>
  <thread>1</thread>
  <message>Password = </message>
  <nestedLevel>1</nestedLevel>
  <escapedJava>false</escapedJava>
</record>
<record>
  <date>2026-09-15T06:25:42.702851800Z</date>
  <millis>1789453542702</millis>
  <nanos>851800</nanos>
  <sequence>135</sequence>
  <level>INFO</level>
  <class>com.kms.katalon.core.logging.XmlKeywordLogger</class>
  <method>logMessage</method>
  <thread>1</thread>
  <message>Captcha = i6Lvk6</message>
  <nestedLevel>1</nestedLevel>
  <escapedJava>false</escapedJava>
</record>
<record>
  <date>2026-09-15T06:25:42.703851200Z</date>
  <millis>1789453542703</millis>
  <nanos>851200</nanos>
  <sequence>136</sequence>
  <level>RUN_DATA</level>
  <class>com.kms.katalon.core.logging.XmlKeywordLogger</class>
  <method>logMessage</method>
  <thread>1</thread>
  <message>executionBindingVariables = [
  {
    &amp;quot;value&amp;quot;: &amp;quot;https://sahibnkmitraqc.banksekure.com/EKYCWeb/&amp;quot;,
    &amp;quot;isDefault&amp;quot;: false,
    &amp;quot;name&amp;quot;: &amp;quot;appUrl&amp;quot;,
    &amp;quot;masked&amp;quot;: false
  },
  {
    &amp;quot;value&amp;quot;: &amp;quot;TestAutoAdm&amp;quot;,
    &amp;quot;isDefault&amp;quot;: false,
    &amp;quot;name&amp;quot;: &amp;quot;userid&amp;quot;,
    &amp;quot;masked&amp;quot;: false
  },
  {
    &amp;quot;value&amp;quot;: &amp;quot;&amp;quot;,
    &amp;quot;isDefault&amp;quot;: false,
    &amp;quot;name&amp;quot;: &amp;quot;Password&amp;quot;,
    &amp;quot;masked&amp;quot;: false
  },
  {
    &amp;quot;value&amp;quot;: &amp;quot;i6Lvk6&amp;quot;,
    &amp;quot;isDefault&amp;quot;: false,
    &amp;quot;name&amp;quot;: &amp;quot;Captcha&amp;quot;,
    &amp;quot;masked&amp;quot;: false
  }
]</message>
  <nestedLevel>1</nestedLevel>
  <escapedJava>false</escapedJava>
  <property name="executionBindingVariables">[
  {
    &quot;value&quot;: &quot;https://sahibnkmitraqc.banksekure.com/EKYCWeb/&quot;,
    &quot;isDefault&quot;: false,
    &quot;name&quot;: &quot;appUrl&quot;,
    &quot;masked&quot;: false
  },
  {
    &quot;value&quot;: &quot;TestAutoAdm&quot;,
    &quot;isDefault&quot;: false,
    &quot;name&quot;: &quot;userid&quot;,
    &quot;masked&quot;: false
  },
  {
    &quot;value&quot;: &quot;&quot;,
    &quot;isDefault&quot;: false,
    &quot;name&quot;: &quot;Password&quot;,
    &quot;masked&quot;: false
  },
  {
    &quot;value&quot;: &quot;i6Lvk6&quot;,
    &quot;isDefault&quot;: false,
    &quot;name&quot;: &quot;Captcha&quot;,
    &quot;masked&quot;: false
  }
]</property>
</record>
<record>
  <date>2026-09-15T06:25:42.704850800Z</date>
  <millis>1789453542704</millis>
  <nanos>850800</nanos>
  <sequence>137</sequence>
  <level>START</level>
  <class>com.kms.katalon.core.logging.XmlKeywordLogger</class>
  <method>startKeyword</method>
  <thread>1</thread>
  <message>Start listener action : beforeTestCase</message>
  <nestedLevel>1</nestedLevel>
  <escapedJava>false</escapedJava>
</record>
<record>
  <date>2026-09-15T06:25:42.704850800Z</date>
  <millis>1789453542704</millis>
  <nanos>850800</nanos>
  <sequence>139</sequence>
  <level>START</level>
  <class>com.kms.katalon.core.logging.XmlKeywordLogger</class>
  <method>startKeyword</method>
  <thread>1</thread>
  <message>Start action : if (extent != null)</message>
  <nestedLevel>1</nestedLevel>
  <escapedJava>false</escapedJava>
  <property name="startLine">33</property>
  <property name="stepIndex">1</property>
</record>
<record>
  <date>2026-09-15T06:25:42.704850800Z</date>
  <millis>1789453542704</millis>
  <nanos>850800</nanos>
  <sequence>140</sequence>
  <level>START</level>
  <class>com.kms.katalon.core.logging.XmlKeywordLogger</class>
  <method>startKeyword</method>
  <thread>1</thread>
  <message>Start action : test = extent.createTest(testCaseContext.getTestCaseId())</message>
  <nestedLevel>2</nestedLevel>
  <escapedJava>false</escapedJava>
  <property name="startLine">35</property>
  <property name="stepIndex">1</property>
</record>
<record>
  <date>2026-09-15T06:25:42.705849500Z</date>
  <millis>1789453542705</millis>
  <nanos>849500</nanos>
  <sequence>141</sequence>
  <level>END</level>
  <class>com.kms.katalon.core.logging.XmlKeywordLogger</class>
  <method>endKeyword</method>
  <thread>1</thread>
  <message>End action : test = extent.createTest(testCaseContext.getTestCaseId())</message>
  <nestedLevel>2</nestedLevel>
  <escapedJava>false</escapedJava>
</record>
<record>
  <date>2026-09-15T06:25:42.705849500Z</date>
  <millis>1789453542705</millis>
  <nanos>849500</nanos>
  <sequence>142</sequence>
  <level>START</level>
  <class>com.kms.katalon.core.logging.XmlKeywordLogger</class>
  <method>startKeyword</method>
  <thread>1</thread>
  <message>Start action : println(&amp;quot;Test Created : &amp;quot; + testCaseContext.getTestCaseId())</message>
  <nestedLevel>2</nestedLevel>
  <escapedJava>false</escapedJava>
  <property name="startLine">39</property>
  <property name="stepIndex">2</property>
</record>
<record>
  <date>2026-09-15T06:25:42.705849500Z</date>
  <millis>1789453542705</millis>
  <nanos>849500</nanos>
  <sequence>144</sequence>
  <level>END</level>
  <class>com.kms.katalon.core.logging.XmlKeywordLogger</class>
  <method>endKeyword</method>
  <thread>1</thread>
  <message>End action : println(&amp;quot;Test Created : &amp;quot; + testCaseContext.getTestCaseId())</message>
  <nestedLevel>2</nestedLevel>
  <escapedJava>false</escapedJava>
</record>
<record>
  <date>2026-09-15T06:25:42.705849500Z</date>
  <millis>1789453542705</millis>
  <nanos>849500</nanos>
  <sequence>145</sequence>
  <level>END</level>
  <class>com.kms.katalon.core.logging.XmlKeywordLogger</class>
  <method>endKeyword</method>
  <thread>1</thread>
  <message>End action : if (extent != null)</message>
  <nestedLevel>1</nestedLevel>
  <escapedJava>false</escapedJava>
</record>
<record>
  <date>2026-09-15T06:25:42.705849500Z</date>
  <millis>1789453542705</millis>
  <nanos>849500</nanos>
  <sequence>146</sequence>
  <level>END</level>
  <class>com.kms.katalon.core.logging.XmlKeywordLogger</class>
  <method>endKeyword</method>
  <thread>1</thread>
  <message>End listener action : beforeTestCase</message>
  <nestedLevel>1</nestedLevel>
  <escapedJava>false</escapedJava>
</record>
<record>
  <date>2026-09-15T06:25:42.706849400Z</date>
  <millis>1789453542706</millis>
  <nanos>849400</nanos>
  <sequence>147</sequence>
  <level>START</level>
  <class>com.kms.katalon.core.logging.XmlKeywordLogger</class>
  <method>startKeyword</method>
  <thread>1</thread>
  <message>Start listener action : beforeTestCase</message>
  <nestedLevel>1</nestedLevel>
  <escapedJava>false</escapedJava>
</record>
<record>
  <date>2026-09-15T06:25:42.706849400Z</date>
  <millis>1789453542706</millis>
  <nanos>849400</nanos>
  <sequence>149</sequence>
  <level>START</level>
  <class>com.kms.katalon.core.logging.XmlKeywordLogger</class>
  <method>startKeyword</method>
  <thread>1</thread>
  <message>Start action : tcName = testCaseContext.getTestCaseId()</message>
  <nestedLevel>1</nestedLevel>
  <escapedJava>false</escapedJava>
  <property name="startLine">34</property>
  <property name="stepIndex">1</property>
</record>
<record>
  <date>2026-09-15T06:25:42.706849400Z</date>
  <millis>1789453542706</millis>
  <nanos>849400</nanos>
  <sequence>150</sequence>
  <level>END</level>
  <class>com.kms.katalon.core.logging.XmlKeywordLogger</class>
  <method>endKeyword</method>
  <thread>1</thread>
  <message>End action : tcName = testCaseContext.getTestCaseId()</message>
  <nestedLevel>1</nestedLevel>
  <escapedJava>false</escapedJava>
</record>
<record>
  <date>2026-09-15T06:25:42.706849400Z</date>
  <millis>1789453542706</millis>
  <nanos>849400</nanos>
  <sequence>151</sequence>
  <level>START</level>
  <class>com.kms.katalon.core.logging.XmlKeywordLogger</class>
  <method>startKeyword</method>
  <thread>1</thread>
  <message>Start action : if (tcName.contains(&amp;quot;Test Cases/Common_Test_case/Login&amp;quot;) || tcName.contains(&amp;quot;Test Cases/Profile_status&amp;quot;))</message>
  <nestedLevel>1</nestedLevel>
  <escapedJava>false</escapedJava>
  <property name="startLine">37</property>
  <property name="stepIndex">2</property>
</record>
<record>
  <date>2026-09-15T06:25:42.706849400Z</date>
  <millis>1789453542706</millis>
  <nanos>849400</nanos>
  <sequence>152</sequence>
  <level>START</level>
  <class>com.kms.katalon.core.logging.XmlKeywordLogger</class>
  <method>startKeyword</method>
  <thread>1</thread>
  <message>Start action : logInfo(&amp;quot;Login Module Detected - Listener Skipped&amp;quot;)</message>
  <nestedLevel>2</nestedLevel>
  <escapedJava>false</escapedJava>
  <property name="startLine">43</property>
  <property name="stepIndex">1</property>
</record>
<record>
  <date>2026-09-15T06:25:42.707886100Z</date>
  <millis>1789453542707</millis>
  <nanos>886100</nanos>
  <sequence>153</sequence>
  <level>INFO</level>
  <class>com.kms.katalon.core.logging.XmlKeywordLogger</class>
  <method>logMessage</method>
  <thread>1</thread>
  <message>Login Module Detected - Listener Skipped</message>
  <nestedLevel>1</nestedLevel>
  <escapedJava>false</escapedJava>
</record>
<record>
  <date>2026-09-15T06:25:42.707886100Z</date>
  <millis>1789453542707</millis>
  <nanos>886100</nanos>
  <sequence>154</sequence>
  <level>END</level>
  <class>com.kms.katalon.core.logging.XmlKeywordLogger</class>
  <method>endKeyword</method>
  <thread>1</thread>
  <message>End action : logInfo(&amp;quot;Login Module Detected - Listener Skipped&amp;quot;)</message>
  <nestedLevel>2</nestedLevel>
  <escapedJava>false</escapedJava>
</record>
<record>
  <date>2026-09-15T06:25:42.708894800Z</date>
  <millis>1789453542708</millis>
  <nanos>894800</nanos>
  <sequence>155</sequence>
  <level>START</level>
  <class>com.kms.katalon.core.logging.XmlKeywordLogger</class>
  <method>startKeyword</method>
  <thread>1</thread>
  <message>Start action : return null</message>
  <nestedLevel>2</nestedLevel>
  <escapedJava>false</escapedJava>
  <property name="startLine">45</property>
  <property name="stepIndex">2</property>
</record>
<record>
  <date>2026-09-15T06:25:42.709902300Z</date>
  <millis>1789453542709</millis>
  <nanos>902300</nanos>
  <sequence>157</sequence>
  <level>END</level>
  <class>com.kms.katalon.core.logging.XmlKeywordLogger</class>
  <method>endKeyword</method>
  <thread>1</thread>
  <message>End action : return null</message>
  <nestedLevel>2</nestedLevel>
  <escapedJava>false</escapedJava>
</record>
<record>
  <date>2026-09-15T06:25:42.709902300Z</date>
  <millis>1789453542709</millis>
  <nanos>902300</nanos>
  <sequence>158</sequence>
  <level>END</level>
  <class>com.kms.katalon.core.logging.XmlKeywordLogger</class>
  <method>endKeyword</method>
  <thread>1</thread>
  <message>End action : if (tcName.contains(&amp;quot;Test Cases/Common_Test_case/Login&amp;quot;) || tcName.contains(&amp;quot;Test Cases/Profile_status&amp;quot;))</message>
  <nestedLevel>1</nestedLevel>
  <escapedJava>false</escapedJava>
</record>
<record>
  <date>2026-09-15T06:25:42.709902300Z</date>
  <millis>1789453542709</millis>
  <nanos>902300</nanos>
  <sequence>159</sequence>
  <level>END</level>
  <class>com.kms.katalon.core.logging.XmlKeywordLogger</class>
  <method>endKeyword</method>
  <thread>1</thread>
  <message>End listener action : beforeTestCase</message>
  <nestedLevel>1</nestedLevel>
  <escapedJava>false</escapedJava>
</record>
<record>
  <date>2026-09-15T06:25:42.755029100Z</date>
  <millis>1789453542755</millis>
  <nanos>29100</nanos>
  <sequence>160</sequence>
  <level>START</level>
  <class>com.kms.katalon.core.logging.XmlKeywordLogger</class>
  <method>startKeyword</method>
  <thread>1</thread>
  <message>Start action : openBrowser(&amp;quot;&amp;quot;)</message>
  <nestedLevel>1</nestedLevel>
  <escapedJava>false</escapedJava>
  <property name="startLine">20</property>
  <property name="stepIndex">1</property>
</record>
<record>
  <date>2026-09-15T06:25:42.756025200Z</date>
  <millis>1789453542756</millis>
  <nanos>25200</nanos>
  <sequence>163</sequence>
  <level>INFO</level>
  <class>com.kms.katalon.core.logging.XmlKeywordLogger</class>
  <method>logMessage</method>
  <thread>1</thread>
  <message>Starting &amp;apos;Chrome&amp;apos; driver</message>
  <nestedLevel>1</nestedLevel>
  <escapedJava>false</escapedJava>
</record>
<record>
  <date>2026-09-15T06:25:42.757025100Z</date>
  <millis>1789453542757</millis>
  <nanos>25100</nanos>
  <sequence>164</sequence>
  <level>INFO</level>
  <class>com.kms.katalon.core.logging.XmlKeywordLogger</class>
  <method>logMessage</method>
  <thread>1</thread>
  <message>Action delay is set to 0 milliseconds</message>
  <nestedLevel>1</nestedLevel>
  <escapedJava>false</escapedJava>
</record>
<record>
  <date>2026-09-15T06:25:43.485259700Z</date>
  <millis>1789453543485</millis>
  <nanos>259700</nanos>
  <sequence>167</sequence>
  <level>RUN_DATA</level>
  <class>com.kms.katalon.core.logging.XmlKeywordLogger</class>
  <method>logMessage</method>
  <thread>1</thread>
  <message>sessionId = 05a3368a8f9b912953f52fafb4d5b710</message>
  <nestedLevel>1</nestedLevel>
  <escapedJava>false</escapedJava>
  <property name="sessionId">05a3368a8f9b912953f52fafb4d5b710</property>
</record>
<record>
  <date>2026-09-15T06:25:43.486273100Z</date>
  <millis>1789453543486</millis>
  <nanos>273100</nanos>
  <sequence>168</sequence>
  <level>RUN_DATA</level>
  <class>com.kms.katalon.core.logging.XmlKeywordLogger</class>
  <method>logMessage</method>
  <thread>1</thread>
  <message>browser = Chrome 152.0.7977.84</message>
  <nestedLevel>1</nestedLevel>
  <escapedJava>false</escapedJava>
  <property name="browser">Chrome 152.0.7977.84</property>
</record>
<record>
  <date>2026-09-15T06:25:43.486273100Z</date>
  <millis>1789453543486</millis>
  <nanos>273100</nanos>
  <sequence>169</sequence>
  <level>RUN_DATA</level>
  <class>com.kms.katalon.core.logging.XmlKeywordLogger</class>
  <method>logMessage</method>
  <thread>1</thread>
  <message>platform = Windows 11</message>
  <nestedLevel>1</nestedLevel>
  <escapedJava>false</escapedJava>
  <property name="platform">Windows 11</property>
</record>
<record>
  <date>2026-09-15T06:25:43.486273100Z</date>
  <millis>1789453543486</millis>
  <nanos>273100</nanos>
  <sequence>170</sequence>
  <level>RUN_DATA</level>
  <class>com.kms.katalon.core.logging.XmlKeywordLogger</class>
  <method>logMessage</method>
  <thread>1</thread>
  <message>seleniumVersion = 4.39.0</message>
  <nestedLevel>1</nestedLevel>
  <escapedJava>false</escapedJava>
  <property name="seleniumVersion">4.39.0</property>
</record>
<record>
  <date>2026-09-15T06:25:43.487778100Z</date>
  <millis>1789453543487</millis>
  <nanos>778100</nanos>
  <sequence>171</sequence>
  <level>RUN_DATA</level>
  <class>com.kms.katalon.core.logging.XmlKeywordLogger</class>
  <method>logMessage</method>
  <thread>1</thread>
  <message>proxyInformation = ProxyInformation { proxyOption=NO_PROXY, proxyServerType=HTTP, username=, password=********, proxyServerAddress=, proxyServerPort=0, executionList=&amp;quot;&amp;quot;, isApplyToDesiredCapabilities=true }</message>
  <nestedLevel>1</nestedLevel>
  <escapedJava>false</escapedJava>
  <property name="proxyInformation">ProxyInformation { proxyOption=NO_PROXY, proxyServerType=HTTP, username=, password=********, proxyServerAddress=, proxyServerPort=0, executionList=&quot;&quot;, isApplyToDesiredCapabilities=true }</property>
</record>
<record>
  <date>2026-09-15T06:25:43.506842400Z</date>
  <millis>1789453543506</millis>
  <nanos>842400</nanos>
  <sequence>172</sequence>
  <level>PASSED</level>
  <class>com.kms.katalon.core.logging.XmlKeywordLogger</class>
  <method>logMessage</method>
  <thread>1</thread>
  <message>Browser is opened with url: &amp;apos;&amp;apos;</message>
  <nestedLevel>1</nestedLevel>
  <escapedJava>false</escapedJava>
  <property name="testops-method-name">com.kms.katalon.core.webui.keyword.builtin.OpenBrowserKeyword.openBrowser</property>
  <property name="testops-execution-stacktrace"></property>
</record>
<record>
  <date>2026-09-15T06:25:43.507945Z</date>
  <millis>1789453543507</millis>
  <nanos>945000</nanos>
  <sequence>173</sequence>
  <level>END</level>
  <class>com.kms.katalon.core.logging.XmlKeywordLogger</class>
  <method>endKeyword</method>
  <thread>1</thread>
  <message>End action : openBrowser(&amp;quot;&amp;quot;)</message>
  <nestedLevel>1</nestedLevel>
  <escapedJava>false</escapedJava>
</record>
<record>
  <date>2026-09-15T06:25:43.507945Z</date>
  <millis>1789453543507</millis>
  <nanos>945000</nanos>
  <sequence>174</sequence>
  <level>START</level>
  <class>com.kms.katalon.core.logging.XmlKeywordLogger</class>
  <method>startKeyword</method>
  <thread>1</thread>
  <message>Start action : maximizeWindow()</message>
  <nestedLevel>1</nestedLevel>
  <escapedJava>false</escapedJava>
  <property name="startLine">22</property>
  <property name="stepIndex">2</property>
</record>
<record>
  <date>2026-09-15T06:25:43.555590400Z</date>
  <millis>1789453543555</millis>
  <nanos>590400</nanos>
  <sequence>177</sequence>
  <level>PASSED</level>
  <class>com.kms.katalon.core.logging.XmlKeywordLogger</class>
  <method>logMessage</method>
  <thread>1</thread>
  <message>Current window maximized</message>
  <nestedLevel>1</nestedLevel>
  <escapedJava>false</escapedJava>
  <property name="testops-method-name">com.kms.katalon.core.webui.keyword.builtin.MaximizeWindowKeyword.maximizeWindow</property>
  <property name="testops-execution-stacktrace"></property>
</record>
<record>
  <date>2026-09-15T06:25:43.557094800Z</date>
  <millis>1789453543557</millis>
  <nanos>94800</nanos>
  <sequence>178</sequence>
  <level>END</level>
  <class>com.kms.katalon.core.logging.XmlKeywordLogger</class>
  <method>endKeyword</method>
  <thread>1</thread>
  <message>End action : maximizeWindow()</message>
  <nestedLevel>1</nestedLevel>
  <escapedJava>false</escapedJava>
</record>
<record>
  <date>2026-09-15T06:25:43.557094800Z</date>
  <millis>1789453543557</millis>
  <nanos>94800</nanos>
  <sequence>179</sequence>
  <level>START</level>
  <class>com.kms.katalon.core.logging.XmlKeywordLogger</class>
  <method>startKeyword</method>
  <thread>1</thread>
  <message>Start action : navigateToUrl(appUrl)</message>
  <nestedLevel>1</nestedLevel>
  <escapedJava>false</escapedJava>
  <property name="startLine">23</property>
  <property name="stepIndex">3</property>
</record>
<record>
  <date>2026-09-15T06:25:45.282236Z</date>
  <millis>1789453545282</millis>
  <nanos>236000</nanos>
  <sequence>183</sequence>
  <level>PASSED</level>
  <class>com.kms.katalon.core.logging.XmlKeywordLogger</class>
  <method>logMessage</method>
  <thread>1</thread>
  <message>Navigate to &amp;apos;https://sahibnkmitraqc.banksekure.com/EKYCWeb/&amp;apos; successfully</message>
  <nestedLevel>1</nestedLevel>
  <escapedJava>false</escapedJava>
  <property name="testops-method-name">com.kms.katalon.core.webui.keyword.builtin.NavigateToUrlKeyword.navigateToUrl</property>
  <property name="testops-execution-stacktrace"></property>
</record>
<record>
  <date>2026-09-15T06:25:45.283235900Z</date>
  <millis>1789453545283</millis>
  <nanos>235900</nanos>
  <sequence>184</sequence>
  <level>END</level>
  <class>com.kms.katalon.core.logging.XmlKeywordLogger</class>
  <method>endKeyword</method>
  <thread>1</thread>
  <message>End action : navigateToUrl(appUrl)</message>
  <nestedLevel>1</nestedLevel>
  <escapedJava>false</escapedJava>
</record>
<record>
  <date>2026-09-15T06:25:45.283235900Z</date>
  <millis>1789453545283</millis>
  <nanos>235900</nanos>
  <sequence>185</sequence>
  <level>START</level>
  <class>com.kms.katalon.core.logging.XmlKeywordLogger</class>
  <method>startKeyword</method>
  <thread>1</thread>
  <message>Start action : setText(findTestObject(&amp;quot;invalidloginrepository/Page_Agent Management System/input_Enter User Name&amp;quot;), userid)</message>
  <nestedLevel>1</nestedLevel>
  <escapedJava>false</escapedJava>
  <property name="startLine">25</property>
  <property name="stepIndex">4</property>
</record>
<record>
  <date>2026-09-15T06:25:45.945263Z</date>
  <millis>1789453545945</millis>
  <nanos>263000</nanos>
  <sequence>199</sequence>
  <level>PASSED</level>
  <class>com.kms.katalon.core.logging.XmlKeywordLogger</class>
  <method>logMessage</method>
  <thread>1</thread>
  <message>Text &amp;apos;TestAutoAdm&amp;apos; is set on object &amp;apos;Object Repository/invalidloginrepository/Page_Agent Management System/input_Enter User Name&amp;apos;</message>
  <nestedLevel>1</nestedLevel>
  <escapedJava>false</escapedJava>
  <property name="testops-method-name">com.kms.katalon.core.webui.keyword.internal.WebUIKeywordMain.runKeywordUntilTimeout</property>
  <property name="testops-execution-stacktrace">com.kms.katalon.core.logging.KeywordLogger.logPassed(KeywordLogger.java:351)
com.kms.katalon.core.logging.KeywordLogger.logPassed(KeywordLogger.java:346)
com.kms.katalon.core.webui.keyword.builtin.SetTextKeyword$_setText_closure1.doCall(SetTextKeyword.groovy:99)
java.base/jdk.internal.reflect.DirectMethodHandleAccessor.invoke(DirectMethodHandleAccessor.java:103)
jdk.proxy2/jdk.proxy2.$Proxy60.execute(Unknown Source)
com.kms.katalon.core.webui.model.SeleniumActionRetryController.performAction(SeleniumActionRetryController.java:96)
com.kms.katalon.core.webui.model.SeleniumActionRetryController.performAction(SeleniumActionRetryController.java:83)
com.kms.katalon.core.webui.keyword.internal.WebUIKeywordMain$_runKeywordUntilTimeout_closure1.doCall(WebUIKeywordMain.groovy:135)
com.kms.katalon.core.webui.keyword.internal.WebUIKeywordMain$_runKeywordUntilTimeout_closure1.call(WebUIKeywordMain.groovy)
com.kms.katalon.core.webui.keyword.internal.WebUIKeywordMain.runKeyword(WebUIKeywordMain.groovy:41)
com.kms.katalon.core.webui.keyword.internal.WebUIKeywordMain.runKeywordUntilTimeout(WebUIKeywordMain.groovy:133)
com.kms.katalon.core.webui.keyword.builtin.SetTextKeyword.setText(SetTextKeyword.groovy:106)
com.kms.katalon.core.webui.keyword.builtin.SetTextKeyword.execute(SetTextKeyword.groovy:49)
com.kms.katalon.core.keyword.internal.KeywordExecutor.executeKeywordForPlatform(KeywordExecutor.groovy:104)
com.kms.katalon.core.webui.keyword.WebUiBuiltInKeywords.setText(WebUiBuiltInKeywords.groovy:1082)
IL_ValidUsername_BlankPassword_TC_103.run(IL_ValidUsername_BlankPassword_TC_103:25)
</property>
</record>
<record>
  <date>2026-09-15T06:25:45.945263Z</date>
  <millis>1789453545945</millis>
  <nanos>263000</nanos>
  <sequence>200</sequence>
  <level>END</level>
  <class>com.kms.katalon.core.logging.XmlKeywordLogger</class>
  <method>endKeyword</method>
  <thread>1</thread>
  <message>End action : setText(findTestObject(&amp;quot;invalidloginrepository/Page_Agent Management System/input_Enter User Name&amp;quot;), userid)</message>
  <nestedLevel>1</nestedLevel>
  <escapedJava>false</escapedJava>
</record>
<record>
  <date>2026-09-15T06:25:45.945263Z</date>
  <millis>1789453545945</millis>
  <nanos>263000</nanos>
  <sequence>201</sequence>
  <level>START</level>
  <class>com.kms.katalon.core.logging.XmlKeywordLogger</class>
  <method>startKeyword</method>
  <thread>1</thread>
  <message>Start action : setEncryptedText(findTestObject(&amp;quot;Agentstatusrepository/Page_Agent Management System/input_Enter Password&amp;quot;), Password)</message>
  <nestedLevel>1</nestedLevel>
  <escapedJava>false</escapedJava>
  <property name="startLine">26</property>
  <property name="stepIndex">5</property>
</record>
<record>
  <date>2026-09-15T06:25:46.271230Z</date>
  <millis>1789453546271</millis>
  <nanos>230000</nanos>
  <sequence>214</sequence>
  <level>PASSED</level>
  <class>com.kms.katalon.core.logging.XmlKeywordLogger</class>
  <method>logMessage</method>
  <thread>1</thread>
  <message>Text ****** has been set on object &amp;apos;Object Repository/Agentstatusrepository/Page_Agent Management System/input_Enter Password&amp;apos;</message>
  <nestedLevel>1</nestedLevel>
  <escapedJava>false</escapedJava>
  <property name="testops-method-name">com.kms.katalon.core.webui.keyword.internal.WebUIKeywordMain.runKeywordUntilTimeout</property>
  <property name="testops-execution-stacktrace">com.kms.katalon.core.logging.KeywordLogger.logPassed(KeywordLogger.java:351)
com.kms.katalon.core.logging.KeywordLogger.logPassed(KeywordLogger.java:346)
com.kms.katalon.core.webui.keyword.builtin.SetEncryptedTextKeyword$_setEncryptedText_closure1.doCall(SetEncryptedTextKeyword.groovy:82)
java.base/jdk.internal.reflect.DirectMethodHandleAccessor.invoke(DirectMethodHandleAccessor.java:103)
jdk.proxy2/jdk.proxy2.$Proxy60.execute(Unknown Source)
com.kms.katalon.core.webui.model.SeleniumActionRetryController.performAction(SeleniumActionRetryController.java:96)
com.kms.katalon.core.webui.model.SeleniumActionRetryController.performAction(SeleniumActionRetryController.java:83)
com.kms.katalon.core.webui.keyword.internal.WebUIKeywordMain$_runKeywordUntilTimeout_closure1.doCall(WebUIKeywordMain.groovy:135)
com.kms.katalon.core.webui.keyword.internal.WebUIKeywordMain$_runKeywordUntilTimeout_closure1.call(WebUIKeywordMain.groovy)
com.kms.katalon.core.webui.keyword.internal.WebUIKeywordMain.runKeyword(WebUIKeywordMain.groovy:41)
com.kms.katalon.core.webui.keyword.internal.WebUIKeywordMain.runKeywordUntilTimeout(WebUIKeywordMain.groovy:133)
com.kms.katalon.core.webui.keyword.builtin.SetEncryptedTextKeyword.setEncryptedText(SetEncryptedTextKeyword.groovy:88)
com.kms.katalon.core.webui.keyword.builtin.SetEncryptedTextKeyword.execute(SetEncryptedTextKeyword.groovy:48)
com.kms.katalon.core.keyword.internal.KeywordExecutor.executeKeywordForPlatform(KeywordExecutor.groovy:104)
com.kms.katalon.core.webui.keyword.WebUiBuiltInKeywords.setEncryptedText(WebUiBuiltInKeywords.groovy:1113)
IL_ValidUsername_BlankPassword_TC_103.run(IL_ValidUsername_BlankPassword_TC_103:26)
</property>
</record>
<record>
  <date>2026-09-15T06:25:46.272229200Z</date>
  <millis>1789453546272</millis>
  <nanos>229200</nanos>
  <sequence>215</sequence>
  <level>END</level>
  <class>com.kms.katalon.core.logging.XmlKeywordLogger</class>
  <method>endKeyword</method>
  <thread>1</thread>
  <message>End action : setEncryptedText(findTestObject(&amp;quot;Agentstatusrepository/Page_Agent Management System/input_Enter Password&amp;quot;), Password)</message>
  <nestedLevel>1</nestedLevel>
  <escapedJava>false</escapedJava>
</record>
<record>
  <date>2026-09-15T06:25:46.272229200Z</date>
  <millis>1789453546272</millis>
  <nanos>229200</nanos>
  <sequence>216</sequence>
  <level>START</level>
  <class>com.kms.katalon.core.logging.XmlKeywordLogger</class>
  <method>startKeyword</method>
  <thread>1</thread>
  <message>Start action : setText(findTestObject(&amp;quot;Agentstatusrepository/Page_Agent Management System/input_Enter Captcha&amp;quot;), Captcha)</message>
  <nestedLevel>1</nestedLevel>
  <escapedJava>false</escapedJava>
  <property name="startLine">27</property>
  <property name="stepIndex">6</property>
</record>
<record>
  <date>2026-09-15T06:25:46.858271900Z</date>
  <millis>1789453546858</millis>
  <nanos>271900</nanos>
  <sequence>230</sequence>
  <level>PASSED</level>
  <class>com.kms.katalon.core.logging.XmlKeywordLogger</class>
  <method>logMessage</method>
  <thread>1</thread>
  <message>Text &amp;apos;i6Lvk6&amp;apos; is set on object &amp;apos;Object Repository/Agentstatusrepository/Page_Agent Management System/input_Enter Captcha&amp;apos;</message>
  <nestedLevel>1</nestedLevel>
  <escapedJava>false</escapedJava>
  <property name="testops-method-name">com.kms.katalon.core.webui.keyword.internal.WebUIKeywordMain.runKeywordUntilTimeout</property>
  <property name="testops-execution-stacktrace">com.kms.katalon.core.logging.KeywordLogger.logPassed(KeywordLogger.java:351)
com.kms.katalon.core.logging.KeywordLogger.logPassed(KeywordLogger.java:346)
com.kms.katalon.core.webui.keyword.builtin.SetTextKeyword$_setText_closure1.doCall(SetTextKeyword.groovy:99)
java.base/jdk.internal.reflect.DirectMethodHandleAccessor.invoke(DirectMethodHandleAccessor.java:103)
jdk.proxy2/jdk.proxy2.$Proxy60.execute(Unknown Source)
com.kms.katalon.core.webui.model.SeleniumActionRetryController.performAction(SeleniumActionRetryController.java:96)
com.kms.katalon.core.webui.model.SeleniumActionRetryController.performAction(SeleniumActionRetryController.java:83)
com.kms.katalon.core.webui.keyword.internal.WebUIKeywordMain$_runKeywordUntilTimeout_closure1.doCall(WebUIKeywordMain.groovy:135)
com.kms.katalon.core.webui.keyword.internal.WebUIKeywordMain$_runKeywordUntilTimeout_closure1.call(WebUIKeywordMain.groovy)
com.kms.katalon.core.webui.keyword.internal.WebUIKeywordMain.runKeyword(WebUIKeywordMain.groovy:41)
com.kms.katalon.core.webui.keyword.internal.WebUIKeywordMain.runKeywordUntilTimeout(WebUIKeywordMain.groovy:133)
com.kms.katalon.core.webui.keyword.builtin.SetTextKeyword.setText(SetTextKeyword.groovy:106)
com.kms.katalon.core.webui.keyword.builtin.SetTextKeyword.execute(SetTextKeyword.groovy:49)
com.kms.katalon.core.keyword.internal.KeywordExecutor.executeKeywordForPlatform(KeywordExecutor.groovy:104)
com.kms.katalon.core.webui.keyword.WebUiBuiltInKeywords.setText(WebUiBuiltInKeywords.groovy:1082)
IL_ValidUsername_BlankPassword_TC_103.run(IL_ValidUsername_BlankPassword_TC_103:27)
</property>
</record>
<record>
  <date>2026-09-15T06:25:46.859316300Z</date>
  <millis>1789453546859</millis>
  <nanos>316300</nanos>
  <sequence>231</sequence>
  <level>END</level>
  <class>com.kms.katalon.core.logging.XmlKeywordLogger</class>
  <method>endKeyword</method>
  <thread>1</thread>
  <message>End action : setText(findTestObject(&amp;quot;Agentstatusrepository/Page_Agent Management System/input_Enter Captcha&amp;quot;), Captcha)</message>
  <nestedLevel>1</nestedLevel>
  <escapedJava>false</escapedJava>
</record>
<record>
  <date>2026-09-15T06:25:46.859316300Z</date>
  <millis>1789453546859</millis>
  <nanos>316300</nanos>
  <sequence>232</sequence>
  <level>START</level>
  <class>com.kms.katalon.core.logging.XmlKeywordLogger</class>
  <method>startKeyword</method>
  <thread>1</thread>
  <message>Start action : click(findTestObject(&amp;quot;invalidloginrepository/Page_Agent Management System/input_submit&amp;quot;))</message>
  <nestedLevel>1</nestedLevel>
  <escapedJava>false</escapedJava>
  <property name="startLine">28</property>
  <property name="stepIndex">7</property>
</record>
<record>
  <date>2026-09-15T06:25:47.163792100Z</date>
  <millis>1789453547163</millis>
  <nanos>792100</nanos>
  <sequence>243</sequence>
  <level>PASSED</level>
  <class>com.kms.katalon.core.logging.XmlKeywordLogger</class>
  <method>logMessage</method>
  <thread>1</thread>
  <message>Object: &amp;apos;Object Repository/invalidloginrepository/Page_Agent Management System/input_submit&amp;apos; is clicked on</message>
  <nestedLevel>1</nestedLevel>
  <escapedJava>false</escapedJava>
  <property name="testops-method-name">com.kms.katalon.core.webui.keyword.internal.WebUIKeywordMain.runKeywordUntilTimeout</property>
  <property name="testops-execution-stacktrace">com.kms.katalon.core.logging.KeywordLogger.logPassed(KeywordLogger.java:351)
com.kms.katalon.core.logging.KeywordLogger.logPassed(KeywordLogger.java:346)
com.kms.katalon.core.webui.keyword.builtin.ClickKeyword$_click_closure1.doCall(ClickKeyword.groovy:66)
java.base/jdk.internal.reflect.DirectMethodHandleAccessor.invoke(DirectMethodHandleAccessor.java:103)
jdk.proxy2/jdk.proxy2.$Proxy60.execute(Unknown Source)
com.kms.katalon.core.webui.model.SeleniumActionRetryController.performAction(SeleniumActionRetryController.java:96)
com.kms.katalon.core.webui.model.SeleniumActionRetryController.performAction(SeleniumActionRetryController.java:83)
com.kms.katalon.core.webui.keyword.internal.WebUIKeywordMain$_runKeywordUntilTimeout_closure1.doCall(WebUIKeywordMain.groovy:135)
com.kms.katalon.core.webui.keyword.internal.WebUIKeywordMain$_runKeywordUntilTimeout_closure1.call(WebUIKeywordMain.groovy)
com.kms.katalon.core.webui.keyword.internal.WebUIKeywordMain.runKeyword(WebUIKeywordMain.groovy:41)
com.kms.katalon.core.webui.keyword.internal.WebUIKeywordMain.runKeywordUntilTimeout(WebUIKeywordMain.groovy:133)
com.kms.katalon.core.webui.keyword.builtin.ClickKeyword.click(ClickKeyword.groovy:72)
com.kms.katalon.core.webui.keyword.builtin.ClickKeyword.execute(ClickKeyword.groovy:38)
com.kms.katalon.core.keyword.internal.KeywordExecutor.executeKeywordForPlatform(KeywordExecutor.groovy:104)
com.kms.katalon.core.webui.keyword.WebUiBuiltInKeywords.click(WebUiBuiltInKeywords.groovy:722)
IL_ValidUsername_BlankPassword_TC_103.run(IL_ValidUsername_BlankPassword_TC_103:28)
</property>
</record>
<record>
  <date>2026-09-15T06:25:47.164792300Z</date>
  <millis>1789453547164</millis>
  <nanos>792300</nanos>
  <sequence>244</sequence>
  <level>END</level>
  <class>com.kms.katalon.core.logging.XmlKeywordLogger</class>
  <method>endKeyword</method>
  <thread>1</thread>
  <message>End action : click(findTestObject(&amp;quot;invalidloginrepository/Page_Agent Management System/input_submit&amp;quot;))</message>
  <nestedLevel>1</nestedLevel>
  <escapedJava>false</escapedJava>
</record>
<record>
  <date>2026-09-15T06:25:47.164792300Z</date>
  <millis>1789453547164</millis>
  <nanos>792300</nanos>
  <sequence>245</sequence>
  <level>START</level>
  <class>com.kms.katalon.core.logging.XmlKeywordLogger</class>
  <method>startKeyword</method>
  <thread>1</thread>
  <message>Start action : waitForAlert(5)</message>
  <nestedLevel>1</nestedLevel>
  <escapedJava>false</escapedJava>
  <property name="startLine">30</property>
  <property name="stepIndex">8</property>
</record>
<record>
  <date>2026-09-15T06:25:47.184519Z</date>
  <millis>1789453547184</millis>
  <nanos>519000</nanos>
  <sequence>248</sequence>
  <level>PASSED</level>
  <class>com.kms.katalon.core.logging.XmlKeywordLogger</class>
  <method>logMessage</method>
  <thread>1</thread>
  <message>Alert is present after 5 second(s).</message>
  <nestedLevel>1</nestedLevel>
  <escapedJava>false</escapedJava>
  <property name="testops-method-name">com.kms.katalon.core.webui.keyword.builtin.WaitForAlertKeyword.waitForAlert</property>
  <property name="testops-execution-stacktrace"></property>
</record>
<record>
  <date>2026-09-15T06:25:47.185515300Z</date>
  <millis>1789453547185</millis>
  <nanos>515300</nanos>
  <sequence>249</sequence>
  <level>END</level>
  <class>com.kms.katalon.core.logging.XmlKeywordLogger</class>
  <method>endKeyword</method>
  <thread>1</thread>
  <message>End action : waitForAlert(5)</message>
  <nestedLevel>1</nestedLevel>
  <escapedJava>false</escapedJava>
</record>
<record>
  <date>2026-09-15T06:25:47.185515300Z</date>
  <millis>1789453547185</millis>
  <nanos>515300</nanos>
  <sequence>250</sequence>
  <level>START</level>
  <class>com.kms.katalon.core.logging.XmlKeywordLogger</class>
  <method>startKeyword</method>
  <thread>1</thread>
  <message>Start action : alertMessage = getAlertText()</message>
  <nestedLevel>1</nestedLevel>
  <escapedJava>false</escapedJava>
  <property name="startLine">32</property>
  <property name="stepIndex">9</property>
</record>
<record>
  <date>2026-09-15T06:25:47.198893600Z</date>
  <millis>1789453547198</millis>
  <nanos>893600</nanos>
  <sequence>253</sequence>
  <level>PASSED</level>
  <class>com.kms.katalon.core.logging.XmlKeywordLogger</class>
  <method>logMessage</method>
  <thread>1</thread>
  <message>Get alert text successfully: &amp;apos;Please enter Password&amp;apos;</message>
  <nestedLevel>1</nestedLevel>
  <escapedJava>false</escapedJava>
  <property name="testops-method-name">com.kms.katalon.core.webui.keyword.builtin.GetAlertTextKeyword.getAlertText</property>
  <property name="testops-execution-stacktrace"></property>
</record>
<record>
  <date>2026-09-15T06:25:47.199901400Z</date>
  <millis>1789453547199</millis>
  <nanos>901400</nanos>
  <sequence>254</sequence>
  <level>END</level>
  <class>com.kms.katalon.core.logging.XmlKeywordLogger</class>
  <method>endKeyword</method>
  <thread>1</thread>
  <message>End action : alertMessage = getAlertText()</message>
  <nestedLevel>1</nestedLevel>
  <escapedJava>false</escapedJava>
</record>
<record>
  <date>2026-09-15T06:25:47.199901400Z</date>
  <millis>1789453547199</millis>
  <nanos>901400</nanos>
  <sequence>255</sequence>
  <level>START</level>
  <class>com.kms.katalon.core.logging.XmlKeywordLogger</class>
  <method>startKeyword</method>
  <thread>1</thread>
  <message>Start action : comment(&amp;quot;Alert Message: &amp;quot; + alertMessage)</message>
  <nestedLevel>1</nestedLevel>
  <escapedJava>false</escapedJava>
  <property name="startLine">34</property>
  <property name="stepIndex">10</property>
</record>
<record>
  <date>2026-09-15T06:25:47.214036800Z</date>
  <millis>1789453547214</millis>
  <nanos>36800</nanos>
  <sequence>257</sequence>
  <level>INFO</level>
  <class>com.kms.katalon.core.logging.XmlKeywordLogger</class>
  <method>logMessage</method>
  <thread>1</thread>
  <message>Alert Message: Please enter Password</message>
  <nestedLevel>1</nestedLevel>
  <escapedJava>false</escapedJava>
</record>
<record>
  <date>2026-09-15T06:25:47.216036900Z</date>
  <millis>1789453547216</millis>
  <nanos>36900</nanos>
  <sequence>258</sequence>
  <level>END</level>
  <class>com.kms.katalon.core.logging.XmlKeywordLogger</class>
  <method>endKeyword</method>
  <thread>1</thread>
  <message>End action : comment(&amp;quot;Alert Message: &amp;quot; + alertMessage)</message>
  <nestedLevel>1</nestedLevel>
  <escapedJava>false</escapedJava>
</record>
<record>
  <date>2026-09-15T06:25:47.216702Z</date>
  <millis>1789453547216</millis>
  <nanos>702000</nanos>
  <sequence>259</sequence>
  <level>START</level>
  <class>com.kms.katalon.core.logging.XmlKeywordLogger</class>
  <method>startKeyword</method>
  <thread>1</thread>
  <message>Start action : if (alertMessage.equalsIgnoreCase(&amp;quot;Please enter password&amp;quot;))</message>
  <nestedLevel>1</nestedLevel>
  <escapedJava>false</escapedJava>
  <property name="startLine">36</property>
  <property name="stepIndex">11</property>
</record>
<record>
  <date>2026-09-15T06:25:47.218550700Z</date>
  <millis>1789453547218</millis>
  <nanos>550700</nanos>
  <sequence>260</sequence>
  <level>START</level>
  <class>com.kms.katalon.core.logging.XmlKeywordLogger</class>
  <method>startKeyword</method>
  <thread>1</thread>
  <message>Start action : comment(&amp;quot;Validation Passed&amp;quot;)</message>
  <nestedLevel>2</nestedLevel>
  <escapedJava>false</escapedJava>
  <property name="startLine">37</property>
  <property name="stepIndex">1</property>
</record>
<record>
  <date>2026-09-15T06:25:47.222271500Z</date>
  <millis>1789453547222</millis>
  <nanos>271500</nanos>
  <sequence>262</sequence>
  <level>INFO</level>
  <class>com.kms.katalon.core.logging.XmlKeywordLogger</class>
  <method>logMessage</method>
  <thread>1</thread>
  <message>Validation Passed</message>
  <nestedLevel>1</nestedLevel>
  <escapedJava>false</escapedJava>
</record>
<record>
  <date>2026-09-15T06:25:47.223273200Z</date>
  <millis>1789453547223</millis>
  <nanos>273200</nanos>
  <sequence>263</sequence>
  <level>END</level>
  <class>com.kms.katalon.core.logging.XmlKeywordLogger</class>
  <method>endKeyword</method>
  <thread>1</thread>
  <message>End action : comment(&amp;quot;Validation Passed&amp;quot;)</message>
  <nestedLevel>2</nestedLevel>
  <escapedJava>false</escapedJava>
</record>
<record>
  <date>2026-09-15T06:25:47.223273200Z</date>
  <millis>1789453547223</millis>
  <nanos>273200</nanos>
  <sequence>264</sequence>
  <level>END</level>
  <class>com.kms.katalon.core.logging.XmlKeywordLogger</class>
  <method>endKeyword</method>
  <thread>1</thread>
  <message>End action : if (alertMessage.equalsIgnoreCase(&amp;quot;Please enter password&amp;quot;))</message>
  <nestedLevel>1</nestedLevel>
  <escapedJava>false</escapedJava>
</record>
<record>
  <date>2026-09-15T06:25:47.223273200Z</date>
  <millis>1789453547223</millis>
  <nanos>273200</nanos>
  <sequence>265</sequence>
  <level>START</level>
  <class>com.kms.katalon.core.logging.XmlKeywordLogger</class>
  <method>startKeyword</method>
  <thread>1</thread>
  <message>Start action : acceptAlert()</message>
  <nestedLevel>1</nestedLevel>
  <escapedJava>false</escapedJava>
  <property name="startLine">42</property>
  <property name="stepIndex">13</property>
</record>
<record>
  <date>2026-09-15T06:25:47.240322600Z</date>
  <millis>1789453547240</millis>
  <nanos>322600</nanos>
  <sequence>268</sequence>
  <level>PASSED</level>
  <class>com.kms.katalon.core.logging.XmlKeywordLogger</class>
  <method>logMessage</method>
  <thread>1</thread>
  <message>Alert accepted</message>
  <nestedLevel>1</nestedLevel>
  <escapedJava>false</escapedJava>
  <property name="testops-method-name">com.kms.katalon.core.webui.keyword.builtin.AcceptAlertKeyword.acceptAlert</property>
  <property name="testops-execution-stacktrace"></property>
</record>
<record>
  <date>2026-09-15T06:25:47.243920200Z</date>
  <millis>1789453547243</millis>
  <nanos>920200</nanos>
  <sequence>269</sequence>
  <level>END</level>
  <class>com.kms.katalon.core.logging.XmlKeywordLogger</class>
  <method>endKeyword</method>
  <thread>1</thread>
  <message>End action : acceptAlert()</message>
  <nestedLevel>1</nestedLevel>
  <escapedJava>false</escapedJava>
</record>
<record>
  <date>2026-09-15T06:25:47.244916800Z</date>
  <millis>1789453547244</millis>
  <nanos>916800</nanos>
  <sequence>270</sequence>
  <level>PASSED</level>
  <class>com.kms.katalon.core.logging.XmlKeywordLogger</class>
  <method>logMessage</method>
  <thread>1</thread>
  <message>Test Cases/Common_Test_case/Login/InvalidLogin/IL_ValidUsername_BlankPassword_TC_103</message>
  <nestedLevel>1</nestedLevel>
  <escapedJava>false</escapedJava>
</record>
<record>
  <date>2026-09-15T06:25:47.245917900Z</date>
  <millis>1789453547245</millis>
  <nanos>917900</nanos>
  <sequence>271</sequence>
  <level>START</level>
  <class>com.kms.katalon.core.logging.XmlKeywordLogger</class>
  <method>startKeyword</method>
  <thread>1</thread>
  <message>Start listener action : afterTestCase</message>
  <nestedLevel>1</nestedLevel>
  <escapedJava>false</escapedJava>
</record>
<record>
  <date>2026-09-15T06:25:47.245917900Z</date>
  <millis>1789453547245</millis>
  <nanos>917900</nanos>
  <sequence>273</sequence>
  <level>START</level>
  <class>com.kms.katalon.core.logging.XmlKeywordLogger</class>
  <method>startKeyword</method>
  <thread>1</thread>
  <message>Start action : if (test == null)</message>
  <nestedLevel>1</nestedLevel>
  <escapedJava>false</escapedJava>
  <property name="startLine">51</property>
  <property name="stepIndex">1</property>
</record>
<record>
  <date>2026-09-15T06:25:47.245917900Z</date>
  <millis>1789453547245</millis>
  <nanos>917900</nanos>
  <sequence>274</sequence>
  <level>END</level>
  <class>com.kms.katalon.core.logging.XmlKeywordLogger</class>
  <method>endKeyword</method>
  <thread>1</thread>
  <message>End action : if (test == null)</message>
  <nestedLevel>1</nestedLevel>
  <escapedJava>false</escapedJava>
</record>
<record>
  <date>2026-09-15T06:25:47.245917900Z</date>
  <millis>1789453547245</millis>
  <nanos>917900</nanos>
  <sequence>275</sequence>
  <level>START</level>
  <class>com.kms.katalon.core.logging.XmlKeywordLogger</class>
  <method>startKeyword</method>
  <thread>1</thread>
  <message>Start action : status = testCaseContext.getTestCaseStatus()</message>
  <nestedLevel>1</nestedLevel>
  <escapedJava>false</escapedJava>
  <property name="startLine">57</property>
  <property name="stepIndex">2</property>
</record>
<record>
  <date>2026-09-15T06:25:47.246915200Z</date>
  <millis>1789453547246</millis>
  <nanos>915200</nanos>
  <sequence>276</sequence>
  <level>END</level>
  <class>com.kms.katalon.core.logging.XmlKeywordLogger</class>
  <method>endKeyword</method>
  <thread>1</thread>
  <message>End action : status = testCaseContext.getTestCaseStatus()</message>
  <nestedLevel>1</nestedLevel>
  <escapedJava>false</escapedJava>
</record>
<record>
  <date>2026-09-15T06:25:47.247420500Z</date>
  <millis>1789453547247</millis>
  <nanos>420500</nanos>
  <sequence>277</sequence>
  <level>START</level>
  <class>com.kms.katalon.core.logging.XmlKeywordLogger</class>
  <method>startKeyword</method>
  <thread>1</thread>
  <message>Start action : if (status == &amp;quot;PASSED&amp;quot;)</message>
  <nestedLevel>1</nestedLevel>
  <escapedJava>false</escapedJava>
  <property name="startLine">60</property>
  <property name="stepIndex">3</property>
</record>
<record>
  <date>2026-09-15T06:25:47.247420500Z</date>
  <millis>1789453547247</millis>
  <nanos>420500</nanos>
  <sequence>278</sequence>
  <level>START</level>
  <class>com.kms.katalon.core.logging.XmlKeywordLogger</class>
  <method>startKeyword</method>
  <thread>1</thread>
  <message>Start action : test.pass(&amp;quot;Test Case PASSED&amp;quot;)</message>
  <nestedLevel>2</nestedLevel>
  <escapedJava>false</escapedJava>
  <property name="startLine">62</property>
  <property name="stepIndex">1</property>
</record>
<record>
  <date>2026-09-15T06:25:47.247420500Z</date>
  <millis>1789453547247</millis>
  <nanos>420500</nanos>
  <sequence>279</sequence>
  <level>END</level>
  <class>com.kms.katalon.core.logging.XmlKeywordLogger</class>
  <method>endKeyword</method>
  <thread>1</thread>
  <message>End action : test.pass(&amp;quot;Test Case PASSED&amp;quot;)</message>
  <nestedLevel>2</nestedLevel>
  <escapedJava>false</escapedJava>
</record>
<record>
  <date>2026-09-15T06:25:47.247420500Z</date>
  <millis>1789453547247</millis>
  <nanos>420500</nanos>
  <sequence>280</sequence>
  <level>END</level>
  <class>com.kms.katalon.core.logging.XmlKeywordLogger</class>
  <method>endKeyword</method>
  <thread>1</thread>
  <message>End action : if (status == &amp;quot;PASSED&amp;quot;)</message>
  <nestedLevel>1</nestedLevel>
  <escapedJava>false</escapedJava>
</record>
<record>
  <date>2026-09-15T06:25:47.247420500Z</date>
  <millis>1789453547247</millis>
  <nanos>420500</nanos>
  <sequence>281</sequence>
  <level>START</level>
  <class>com.kms.katalon.core.logging.XmlKeywordLogger</class>
  <method>startKeyword</method>
  <thread>1</thread>
  <message>Start action : println(&amp;quot;Test Status : &amp;quot; + status)</message>
  <nestedLevel>1</nestedLevel>
  <escapedJava>false</escapedJava>
  <property name="startLine">73</property>
  <property name="stepIndex">6</property>
</record>
<record>
  <date>2026-09-15T06:25:47.247420500Z</date>
  <millis>1789453547247</millis>
  <nanos>420500</nanos>
  <sequence>283</sequence>
  <level>END</level>
  <class>com.kms.katalon.core.logging.XmlKeywordLogger</class>
  <method>endKeyword</method>
  <thread>1</thread>
  <message>End action : println(&amp;quot;Test Status : &amp;quot; + status)</message>
  <nestedLevel>1</nestedLevel>
  <escapedJava>false</escapedJava>
</record>
<record>
  <date>2026-09-15T06:25:47.247420500Z</date>
  <millis>1789453547247</millis>
  <nanos>420500</nanos>
  <sequence>284</sequence>
  <level>END</level>
  <class>com.kms.katalon.core.logging.XmlKeywordLogger</class>
  <method>endKeyword</method>
  <thread>1</thread>
  <message>End listener action : afterTestCase</message>
  <nestedLevel>1</nestedLevel>
  <escapedJava>false</escapedJava>
</record>
<record>
  <date>2026-09-15T06:25:47.248927200Z</date>
  <millis>1789453547248</millis>
  <nanos>927200</nanos>
  <sequence>285</sequence>
  <level>START</level>
  <class>com.kms.katalon.core.logging.XmlKeywordLogger</class>
  <method>startKeyword</method>
  <thread>1</thread>
  <message>Start listener action : sampleAfterTestCase</message>
  <nestedLevel>1</nestedLevel>
  <escapedJava>false</escapedJava>
</record>
<record>
  <date>2026-09-15T06:25:47.248927200Z</date>
  <millis>1789453547248</millis>
  <nanos>927200</nanos>
  <sequence>287</sequence>
  <level>START</level>
  <class>com.kms.katalon.core.logging.XmlKeywordLogger</class>
  <method>startKeyword</method>
  <thread>1</thread>
  <message>Start action : closeBrowser()</message>
  <nestedLevel>1</nestedLevel>
  <escapedJava>false</escapedJava>
  <property name="startLine">93</property>
  <property name="stepIndex">1</property>
</record>
<record>
  <date>2026-09-15T06:25:47.411388800Z</date>
  <millis>1789453547411</millis>
  <nanos>388800</nanos>
  <sequence>290</sequence>
  <level>PASSED</level>
  <class>com.kms.katalon.core.logging.XmlKeywordLogger</class>
  <method>logMessage</method>
  <thread>1</thread>
  <message>Browser is closed</message>
  <nestedLevel>1</nestedLevel>
  <escapedJava>false</escapedJava>
  <property name="testops-method-name">com.kms.katalon.core.webui.keyword.builtin.CloseBrowserKeyword.closeBrowser</property>
  <property name="testops-execution-stacktrace"></property>
</record>
<record>
  <date>2026-09-15T06:25:47.412387800Z</date>
  <millis>1789453547412</millis>
  <nanos>387800</nanos>
  <sequence>292</sequence>
  <level>END</level>
  <class>com.kms.katalon.core.logging.XmlKeywordLogger</class>
  <method>endKeyword</method>
  <thread>1</thread>
  <message>End action : closeBrowser()</message>
  <nestedLevel>1</nestedLevel>
  <escapedJava>false</escapedJava>
</record>
<record>
  <date>2026-09-15T06:25:47.412387800Z</date>
  <millis>1789453547412</millis>
  <nanos>387800</nanos>
  <sequence>293</sequence>
  <level>END</level>
  <class>com.kms.katalon.core.logging.XmlKeywordLogger</class>
  <method>endKeyword</method>
  <thread>1</thread>
  <message>End listener action : sampleAfterTestCase</message>
  <nestedLevel>1</nestedLevel>
  <escapedJava>false</escapedJava>
</record>
<record>
  <date>2026-09-15T06:25:47.413393900Z</date>
  <millis>1789453547413</millis>
  <nanos>393900</nanos>
  <sequence>294</sequence>
  <level>END</level>
  <class>com.kms.katalon.core.logging.XmlKeywordLogger</class>
  <method>endTest</method>
  <thread>1</thread>
  <message>End Test Case : Test Cases/Common_Test_case/Login/InvalidLogin/IL_ValidUsername_BlankPassword_TC_103</message>
  <nestedLevel>0</nestedLevel>
  <escapedJava>false</escapedJava>
  <property name="executionBindingVariables">[
  {
    &quot;value&quot;: &quot;https://sahibnkmitraqc.banksekure.com/EKYCWeb/&quot;,
    &quot;isDefault&quot;: false,
    &quot;name&quot;: &quot;appUrl&quot;,
    &quot;masked&quot;: false
  },
  {
    &quot;value&quot;: &quot;TestAutoAdm&quot;,
    &quot;isDefault&quot;: false,
    &quot;name&quot;: &quot;userid&quot;,
    &quot;masked&quot;: false
  },
  {
    &quot;value&quot;: &quot;&quot;,
    &quot;isDefault&quot;: false,
    &quot;name&quot;: &quot;Password&quot;,
    &quot;masked&quot;: false
  },
  {
    &quot;value&quot;: &quot;i6Lvk6&quot;,
    &quot;isDefault&quot;: false,
    &quot;name&quot;: &quot;Captcha&quot;,
    &quot;masked&quot;: false
  }
]</property>
  <property name="applitools">false</property>
  <property name="executedKeywords">{
  &quot;WebUI.closeBrowser&quot;: 1,
  &quot;WebUI.setEncryptedText&quot;: 1,
  &quot;WebUI.maximizeWindow&quot;: 1,
  &quot;WebUI.click&quot;: 1,
  &quot;BuiltIn.comment&quot;: 2,
  &quot;WebUI.navigateToUrl&quot;: 1,
  &quot;WebUI.waitForAlert&quot;: 1,
  &quot;WebUI.getAlertText&quot;: 1,
  &quot;WebUI.openBrowser&quot;: 1,
  &quot;WebUI.acceptAlert&quot;: 1,
  &quot;WebUI.setText&quot;: 2
}</property>
  <property name="keywordsUsage">{
  &quot;web_ui&quot;: true,
  &quot;web_service&quot;: false,
  &quot;cucumber&quot;: false,
  &quot;builtin&quot;: true,
  &quot;mobile&quot;: false,
  &quot;windows&quot;: false,
  &quot;testng&quot;: false
}</property>
</record>
<record>
  <date>2026-09-15T06:25:47.425904400Z</date>
  <millis>1789453547425</millis>
  <nanos>904400</nanos>
  <sequence>295</sequence>
  <level>START</level>
  <class>com.kms.katalon.core.logging.XmlKeywordLogger</class>
  <method>startTest</method>
  <thread>1</thread>
  <message>Start Test Case : Test Cases/Common_Test_case/Login/InvalidLogin/IL_ValidUsername_InvalidPassword_TC_104</message>
  <nestedLevel>1</nestedLevel>
  <escapedJava>false</escapedJava>
  <property name="origin">WEB_RECORDER</property>
  <property name="name">Test Cases/Common_Test_case/Login/InvalidLogin/IL_ValidUsername_InvalidPassword_TC_104</property>
  <property name="description"></property>
  <property name="iteration"></property>
  <property name="id">Test Cases/Common_Test_case/Login/InvalidLogin/IL_ValidUsername_InvalidPassword_TC_104</property>
  <property name="source">F:\SahiBnk Mitra DSB\Test Cases\Common_Test_case\Login\InvalidLogin\IL_ValidUsername_InvalidPassword_TC_104.tc</property>
  <property name="tag"></property>
  <property name="isOptional">false</property>
  <property name="uuid">671468e2-e5be-48d1-b849-41cb9f647b6a</property>
</record>
<record>
  <date>2026-09-15T06:25:47.431151400Z</date>
  <millis>1789453547431</millis>
  <nanos>151400</nanos>
  <sequence>297</sequence>
  <level>INFO</level>
  <class>com.kms.katalon.core.logging.XmlKeywordLogger</class>
  <method>logMessage</method>
  <thread>1</thread>
  <message>appUrl = https://sahibnkmitraqc.banksekure.com/EKYCWeb/</message>
  <nestedLevel>1</nestedLevel>
  <escapedJava>false</escapedJava>
</record>
<record>
  <date>2026-09-15T06:25:47.431151400Z</date>
  <millis>1789453547431</millis>
  <nanos>151400</nanos>
  <sequence>298</sequence>
  <level>INFO</level>
  <class>com.kms.katalon.core.logging.XmlKeywordLogger</class>
  <method>logMessage</method>
  <thread>1</thread>
  <message>userid = TestAutoAdm</message>
  <nestedLevel>1</nestedLevel>
  <escapedJava>false</escapedJava>
</record>
<record>
  <date>2026-09-15T06:25:47.432145Z</date>
  <millis>1789453547432</millis>
  <nanos>145000</nanos>
  <sequence>299</sequence>
  <level>INFO</level>
  <class>com.kms.katalon.core.logging.XmlKeywordLogger</class>
  <method>logMessage</method>
  <thread>1</thread>
  <message>password = P11S1FO2cCA=</message>
  <nestedLevel>1</nestedLevel>
  <escapedJava>false</escapedJava>
</record>
<record>
  <date>2026-09-15T06:25:47.432145Z</date>
  <millis>1789453547432</millis>
  <nanos>145000</nanos>
  <sequence>300</sequence>
  <level>INFO</level>
  <class>com.kms.katalon.core.logging.XmlKeywordLogger</class>
  <method>logMessage</method>
  <thread>1</thread>
  <message>captcha = i6Lvk7</message>
  <nestedLevel>1</nestedLevel>
  <escapedJava>false</escapedJava>
</record>
<record>
  <date>2026-09-15T06:25:47.432145Z</date>
  <millis>1789453547432</millis>
  <nanos>145000</nanos>
  <sequence>301</sequence>
  <level>RUN_DATA</level>
  <class>com.kms.katalon.core.logging.XmlKeywordLogger</class>
  <method>logMessage</method>
  <thread>1</thread>
  <message>executionBindingVariables = [
  {
    &amp;quot;value&amp;quot;: &amp;quot;https://sahibnkmitraqc.banksekure.com/EKYCWeb/&amp;quot;,
    &amp;quot;isDefault&amp;quot;: false,
    &amp;quot;name&amp;quot;: &amp;quot;appUrl&amp;quot;,
    &amp;quot;masked&amp;quot;: false
  },
  {
    &amp;quot;value&amp;quot;: &amp;quot;TestAutoAdm&amp;quot;,
    &amp;quot;isDefault&amp;quot;: false,
    &amp;quot;name&amp;quot;: &amp;quot;userid&amp;quot;,
    &amp;quot;masked&amp;quot;: false
  },
  {
    &amp;quot;value&amp;quot;: &amp;quot;P11S1FO2cCA\u003d&amp;quot;,
    &amp;quot;isDefault&amp;quot;: false,
    &amp;quot;name&amp;quot;: &amp;quot;password&amp;quot;,
    &amp;quot;masked&amp;quot;: false
  },
  {
    &amp;quot;value&amp;quot;: &amp;quot;i6Lvk7&amp;quot;,
    &amp;quot;isDefault&amp;quot;: false,
    &amp;quot;name&amp;quot;: &amp;quot;captcha&amp;quot;,
    &amp;quot;masked&amp;quot;: false
  }
]</message>
  <nestedLevel>1</nestedLevel>
  <escapedJava>false</escapedJava>
  <property name="executionBindingVariables">[
  {
    &quot;value&quot;: &quot;https://sahibnkmitraqc.banksekure.com/EKYCWeb/&quot;,
    &quot;isDefault&quot;: false,
    &quot;name&quot;: &quot;appUrl&quot;,
    &quot;masked&quot;: false
  },
  {
    &quot;value&quot;: &quot;TestAutoAdm&quot;,
    &quot;isDefault&quot;: false,
    &quot;name&quot;: &quot;userid&quot;,
    &quot;masked&quot;: false
  },
  {
    &quot;value&quot;: &quot;P11S1FO2cCA\u003d&quot;,
    &quot;isDefault&quot;: false,
    &quot;name&quot;: &quot;password&quot;,
    &quot;masked&quot;: false
  },
  {
    &quot;value&quot;: &quot;i6Lvk7&quot;,
    &quot;isDefault&quot;: false,
    &quot;name&quot;: &quot;captcha&quot;,
    &quot;masked&quot;: false
  }
]</property>
</record>
<record>
  <date>2026-09-15T06:25:47.432145Z</date>
  <millis>1789453547432</millis>
  <nanos>145000</nanos>
  <sequence>302</sequence>
  <level>START</level>
  <class>com.kms.katalon.core.logging.XmlKeywordLogger</class>
  <method>startKeyword</method>
  <thread>1</thread>
  <message>Start listener action : beforeTestCase</message>
  <nestedLevel>1</nestedLevel>
  <escapedJava>false</escapedJava>
</record>
<record>
  <date>2026-09-15T06:25:47.433144800Z</date>
  <millis>1789453547433</millis>
  <nanos>144800</nanos>
  <sequence>304</sequence>
  <level>START</level>
  <class>com.kms.katalon.core.logging.XmlKeywordLogger</class>
  <method>startKeyword</method>
  <thread>1</thread>
  <message>Start action : if (extent != null)</message>
  <nestedLevel>1</nestedLevel>
  <escapedJava>false</escapedJava>
  <property name="startLine">33</property>
  <property name="stepIndex">1</property>
</record>
<record>
  <date>2026-09-15T06:25:47.433144800Z</date>
  <millis>1789453547433</millis>
  <nanos>144800</nanos>
  <sequence>305</sequence>
  <level>START</level>
  <class>com.kms.katalon.core.logging.XmlKeywordLogger</class>
  <method>startKeyword</method>
  <thread>1</thread>
  <message>Start action : test = extent.createTest(testCaseContext.getTestCaseId())</message>
  <nestedLevel>2</nestedLevel>
  <escapedJava>false</escapedJava>
  <property name="startLine">35</property>
  <property name="stepIndex">1</property>
</record>
<record>
  <date>2026-09-15T06:25:47.433144800Z</date>
  <millis>1789453547433</millis>
  <nanos>144800</nanos>
  <sequence>306</sequence>
  <level>END</level>
  <class>com.kms.katalon.core.logging.XmlKeywordLogger</class>
  <method>endKeyword</method>
  <thread>1</thread>
  <message>End action : test = extent.createTest(testCaseContext.getTestCaseId())</message>
  <nestedLevel>2</nestedLevel>
  <escapedJava>false</escapedJava>
</record>
<record>
  <date>2026-09-15T06:25:47.433144800Z</date>
  <millis>1789453547433</millis>
  <nanos>144800</nanos>
  <sequence>307</sequence>
  <level>START</level>
  <class>com.kms.katalon.core.logging.XmlKeywordLogger</class>
  <method>startKeyword</method>
  <thread>1</thread>
  <message>Start action : println(&amp;quot;Test Created : &amp;quot; + testCaseContext.getTestCaseId())</message>
  <nestedLevel>2</nestedLevel>
  <escapedJava>false</escapedJava>
  <property name="startLine">39</property>
  <property name="stepIndex">2</property>
</record>
<record>
  <date>2026-09-15T06:25:47.433144800Z</date>
  <millis>1789453547433</millis>
  <nanos>144800</nanos>
  <sequence>309</sequence>
  <level>END</level>
  <class>com.kms.katalon.core.logging.XmlKeywordLogger</class>
  <method>endKeyword</method>
  <thread>1</thread>
  <message>End action : println(&amp;quot;Test Created : &amp;quot; + testCaseContext.getTestCaseId())</message>
  <nestedLevel>2</nestedLevel>
  <escapedJava>false</escapedJava>
</record>
<record>
  <date>2026-09-15T06:25:47.433144800Z</date>
  <millis>1789453547433</millis>
  <nanos>144800</nanos>
  <sequence>310</sequence>
  <level>END</level>
  <class>com.kms.katalon.core.logging.XmlKeywordLogger</class>
  <method>endKeyword</method>
  <thread>1</thread>
  <message>End action : if (extent != null)</message>
  <nestedLevel>1</nestedLevel>
  <escapedJava>false</escapedJava>
</record>
<record>
  <date>2026-09-15T06:25:47.433144800Z</date>
  <millis>1789453547433</millis>
  <nanos>144800</nanos>
  <sequence>311</sequence>
  <level>END</level>
  <class>com.kms.katalon.core.logging.XmlKeywordLogger</class>
  <method>endKeyword</method>
  <thread>1</thread>
  <message>End listener action : beforeTestCase</message>
  <nestedLevel>1</nestedLevel>
  <escapedJava>false</escapedJava>
</record>
<record>
  <date>2026-09-15T06:25:47.434144100Z</date>
  <millis>1789453547434</millis>
  <nanos>144100</nanos>
  <sequence>312</sequence>
  <level>START</level>
  <class>com.kms.katalon.core.logging.XmlKeywordLogger</class>
  <method>startKeyword</method>
  <thread>1</thread>
  <message>Start listener action : beforeTestCase</message>
  <nestedLevel>1</nestedLevel>
  <escapedJava>false</escapedJava>
</record>
<record>
  <date>2026-09-15T06:25:47.434144100Z</date>
  <millis>1789453547434</millis>
  <nanos>144100</nanos>
  <sequence>314</sequence>
  <level>START</level>
  <class>com.kms.katalon.core.logging.XmlKeywordLogger</class>
  <method>startKeyword</method>
  <thread>1</thread>
  <message>Start action : tcName = testCaseContext.getTestCaseId()</message>
  <nestedLevel>1</nestedLevel>
  <escapedJava>false</escapedJava>
  <property name="startLine">34</property>
  <property name="stepIndex">1</property>
</record>
<record>
  <date>2026-09-15T06:25:47.434144100Z</date>
  <millis>1789453547434</millis>
  <nanos>144100</nanos>
  <sequence>315</sequence>
  <level>END</level>
  <class>com.kms.katalon.core.logging.XmlKeywordLogger</class>
  <method>endKeyword</method>
  <thread>1</thread>
  <message>End action : tcName = testCaseContext.getTestCaseId()</message>
  <nestedLevel>1</nestedLevel>
  <escapedJava>false</escapedJava>
</record>
<record>
  <date>2026-09-15T06:25:47.434144100Z</date>
  <millis>1789453547434</millis>
  <nanos>144100</nanos>
  <sequence>316</sequence>
  <level>START</level>
  <class>com.kms.katalon.core.logging.XmlKeywordLogger</class>
  <method>startKeyword</method>
  <thread>1</thread>
  <message>Start action : if (tcName.contains(&amp;quot;Test Cases/Common_Test_case/Login&amp;quot;) || tcName.contains(&amp;quot;Test Cases/Profile_status&amp;quot;))</message>
  <nestedLevel>1</nestedLevel>
  <escapedJava>false</escapedJava>
  <property name="startLine">37</property>
  <property name="stepIndex">2</property>
</record>
<record>
  <date>2026-09-15T06:25:47.434144100Z</date>
  <millis>1789453547434</millis>
  <nanos>144100</nanos>
  <sequence>317</sequence>
  <level>START</level>
  <class>com.kms.katalon.core.logging.XmlKeywordLogger</class>
  <method>startKeyword</method>
  <thread>1</thread>
  <message>Start action : logInfo(&amp;quot;Login Module Detected - Listener Skipped&amp;quot;)</message>
  <nestedLevel>2</nestedLevel>
  <escapedJava>false</escapedJava>
  <property name="startLine">43</property>
  <property name="stepIndex">1</property>
</record>
<record>
  <date>2026-09-15T06:25:47.434144100Z</date>
  <millis>1789453547434</millis>
  <nanos>144100</nanos>
  <sequence>318</sequence>
  <level>INFO</level>
  <class>com.kms.katalon.core.logging.XmlKeywordLogger</class>
  <method>logMessage</method>
  <thread>1</thread>
  <message>Login Module Detected - Listener Skipped</message>
  <nestedLevel>1</nestedLevel>
  <escapedJava>false</escapedJava>
</record>
<record>
  <date>2026-09-15T06:25:47.434144100Z</date>
  <millis>1789453547434</millis>
  <nanos>144100</nanos>
  <sequence>319</sequence>
  <level>END</level>
  <class>com.kms.katalon.core.logging.XmlKeywordLogger</class>
  <method>endKeyword</method>
  <thread>1</thread>
  <message>End action : logInfo(&amp;quot;Login Module Detected - Listener Skipped&amp;quot;)</message>
  <nestedLevel>2</nestedLevel>
  <escapedJava>false</escapedJava>
</record>
<record>
  <date>2026-09-15T06:25:47.434144100Z</date>
  <millis>1789453547434</millis>
  <nanos>144100</nanos>
  <sequence>320</sequence>
  <level>START</level>
  <class>com.kms.katalon.core.logging.XmlKeywordLogger</class>
  <method>startKeyword</method>
  <thread>1</thread>
  <message>Start action : return null</message>
  <nestedLevel>2</nestedLevel>
  <escapedJava>false</escapedJava>
  <property name="startLine">45</property>
  <property name="stepIndex">2</property>
</record>
<record>
  <date>2026-09-15T06:25:47.435144300Z</date>
  <millis>1789453547435</millis>
  <nanos>144300</nanos>
  <sequence>322</sequence>
  <level>END</level>
  <class>com.kms.katalon.core.logging.XmlKeywordLogger</class>
  <method>endKeyword</method>
  <thread>1</thread>
  <message>End action : return null</message>
  <nestedLevel>2</nestedLevel>
  <escapedJava>false</escapedJava>
</record>
<record>
  <date>2026-09-15T06:25:47.435144300Z</date>
  <millis>1789453547435</millis>
  <nanos>144300</nanos>
  <sequence>323</sequence>
  <level>END</level>
  <class>com.kms.katalon.core.logging.XmlKeywordLogger</class>
  <method>endKeyword</method>
  <thread>1</thread>
  <message>End action : if (tcName.contains(&amp;quot;Test Cases/Common_Test_case/Login&amp;quot;) || tcName.contains(&amp;quot;Test Cases/Profile_status&amp;quot;))</message>
  <nestedLevel>1</nestedLevel>
  <escapedJava>false</escapedJava>
</record>
<record>
  <date>2026-09-15T06:25:47.435144300Z</date>
  <millis>1789453547435</millis>
  <nanos>144300</nanos>
  <sequence>324</sequence>
  <level>END</level>
  <class>com.kms.katalon.core.logging.XmlKeywordLogger</class>
  <method>endKeyword</method>
  <thread>1</thread>
  <message>End listener action : beforeTestCase</message>
  <nestedLevel>1</nestedLevel>
  <escapedJava>false</escapedJava>
</record>
<record>
  <date>2026-09-15T06:25:47.466823900Z</date>
  <millis>1789453547466</millis>
  <nanos>823900</nanos>
  <sequence>325</sequence>
  <level>START</level>
  <class>com.kms.katalon.core.logging.XmlKeywordLogger</class>
  <method>startKeyword</method>
  <thread>1</thread>
  <message>Start action : openBrowser(&amp;quot;&amp;quot;)</message>
  <nestedLevel>1</nestedLevel>
  <escapedJava>false</escapedJava>
  <property name="startLine">20</property>
  <property name="stepIndex">1</property>
</record>
<record>
  <date>2026-09-15T06:25:47.468828700Z</date>
  <millis>1789453547468</millis>
  <nanos>828700</nanos>
  <sequence>328</sequence>
  <level>INFO</level>
  <class>com.kms.katalon.core.logging.XmlKeywordLogger</class>
  <method>logMessage</method>
  <thread>1</thread>
  <message>Starting &amp;apos;Chrome&amp;apos; driver</message>
  <nestedLevel>1</nestedLevel>
  <escapedJava>false</escapedJava>
</record>
<record>
  <date>2026-09-15T06:25:47.469829800Z</date>
  <millis>1789453547469</millis>
  <nanos>829800</nanos>
  <sequence>329</sequence>
  <level>INFO</level>
  <class>com.kms.katalon.core.logging.XmlKeywordLogger</class>
  <method>logMessage</method>
  <thread>1</thread>
  <message>Action delay is set to 0 milliseconds</message>
  <nestedLevel>1</nestedLevel>
  <escapedJava>false</escapedJava>
</record>
<record>
  <date>2026-09-15T06:25:48.154101100Z</date>
  <millis>1789453548154</millis>
  <nanos>101100</nanos>
  <sequence>332</sequence>
  <level>RUN_DATA</level>
  <class>com.kms.katalon.core.logging.XmlKeywordLogger</class>
  <method>logMessage</method>
  <thread>1</thread>
  <message>sessionId = 7307bf2b6c62c458ec3dfbeaed9cb262</message>
  <nestedLevel>1</nestedLevel>
  <escapedJava>false</escapedJava>
  <property name="sessionId">7307bf2b6c62c458ec3dfbeaed9cb262</property>
</record>
<record>
  <date>2026-09-15T06:25:48.154101100Z</date>
  <millis>1789453548154</millis>
  <nanos>101100</nanos>
  <sequence>333</sequence>
  <level>RUN_DATA</level>
  <class>com.kms.katalon.core.logging.XmlKeywordLogger</class>
  <method>logMessage</method>
  <thread>1</thread>
  <message>browser = Chrome 152.0.7977.84</message>
  <nestedLevel>1</nestedLevel>
  <escapedJava>false</escapedJava>
  <property name="browser">Chrome 152.0.7977.84</property>
</record>
<record>
  <date>2026-09-15T06:25:48.154101100Z</date>
  <millis>1789453548154</millis>
  <nanos>101100</nanos>
  <sequence>334</sequence>
  <level>RUN_DATA</level>
  <class>com.kms.katalon.core.logging.XmlKeywordLogger</class>
  <method>logMessage</method>
  <thread>1</thread>
  <message>platform = Windows 11</message>
  <nestedLevel>1</nestedLevel>
  <escapedJava>false</escapedJava>
  <property name="platform">Windows 11</property>
</record>
<record>
  <date>2026-09-15T06:25:48.154101100Z</date>
  <millis>1789453548154</millis>
  <nanos>101100</nanos>
  <sequence>335</sequence>
  <level>RUN_DATA</level>
  <class>com.kms.katalon.core.logging.XmlKeywordLogger</class>
  <method>logMessage</method>
  <thread>1</thread>
  <message>seleniumVersion = 4.39.0</message>
  <nestedLevel>1</nestedLevel>
  <escapedJava>false</escapedJava>
  <property name="seleniumVersion">4.39.0</property>
</record>
<record>
  <date>2026-09-15T06:25:48.155090400Z</date>
  <millis>1789453548155</millis>
  <nanos>90400</nanos>
  <sequence>336</sequence>
  <level>RUN_DATA</level>
  <class>com.kms.katalon.core.logging.XmlKeywordLogger</class>
  <method>logMessage</method>
  <thread>1</thread>
  <message>proxyInformation = ProxyInformation { proxyOption=NO_PROXY, proxyServerType=HTTP, username=, password=********, proxyServerAddress=, proxyServerPort=0, executionList=&amp;quot;&amp;quot;, isApplyToDesiredCapabilities=true }</message>
  <nestedLevel>1</nestedLevel>
  <escapedJava>false</escapedJava>
  <property name="proxyInformation">ProxyInformation { proxyOption=NO_PROXY, proxyServerType=HTTP, username=, password=********, proxyServerAddress=, proxyServerPort=0, executionList=&quot;&quot;, isApplyToDesiredCapabilities=true }</property>
</record>
<record>
  <date>2026-09-15T06:25:48.165238300Z</date>
  <millis>1789453548165</millis>
  <nanos>238300</nanos>
  <sequence>337</sequence>
  <level>PASSED</level>
  <class>com.kms.katalon.core.logging.XmlKeywordLogger</class>
  <method>logMessage</method>
  <thread>1</thread>
  <message>Browser is opened with url: &amp;apos;&amp;apos;</message>
  <nestedLevel>1</nestedLevel>
  <escapedJava>false</escapedJava>
  <property name="testops-method-name">com.kms.katalon.core.webui.keyword.builtin.OpenBrowserKeyword.openBrowser</property>
  <property name="testops-execution-stacktrace"></property>
</record>
<record>
  <date>2026-09-15T06:25:48.167237800Z</date>
  <millis>1789453548167</millis>
  <nanos>237800</nanos>
  <sequence>338</sequence>
  <level>END</level>
  <class>com.kms.katalon.core.logging.XmlKeywordLogger</class>
  <method>endKeyword</method>
  <thread>1</thread>
  <message>End action : openBrowser(&amp;quot;&amp;quot;)</message>
  <nestedLevel>1</nestedLevel>
  <escapedJava>false</escapedJava>
</record>
<record>
  <date>2026-09-15T06:25:48.167237800Z</date>
  <millis>1789453548167</millis>
  <nanos>237800</nanos>
  <sequence>339</sequence>
  <level>START</level>
  <class>com.kms.katalon.core.logging.XmlKeywordLogger</class>
  <method>startKeyword</method>
  <thread>1</thread>
  <message>Start action : maximizeWindow()</message>
  <nestedLevel>1</nestedLevel>
  <escapedJava>false</escapedJava>
  <property name="startLine">21</property>
  <property name="stepIndex">2</property>
</record>
<record>
  <date>2026-09-15T06:25:48.195237300Z</date>
  <millis>1789453548195</millis>
  <nanos>237300</nanos>
  <sequence>342</sequence>
  <level>PASSED</level>
  <class>com.kms.katalon.core.logging.XmlKeywordLogger</class>
  <method>logMessage</method>
  <thread>1</thread>
  <message>Current window maximized</message>
  <nestedLevel>1</nestedLevel>
  <escapedJava>false</escapedJava>
  <property name="testops-method-name">com.kms.katalon.core.webui.keyword.builtin.MaximizeWindowKeyword.maximizeWindow</property>
  <property name="testops-execution-stacktrace"></property>
</record>
<record>
  <date>2026-09-15T06:25:48.197237900Z</date>
  <millis>1789453548197</millis>
  <nanos>237900</nanos>
  <sequence>343</sequence>
  <level>END</level>
  <class>com.kms.katalon.core.logging.XmlKeywordLogger</class>
  <method>endKeyword</method>
  <thread>1</thread>
  <message>End action : maximizeWindow()</message>
  <nestedLevel>1</nestedLevel>
  <escapedJava>false</escapedJava>
</record>
<record>
  <date>2026-09-15T06:25:48.197237900Z</date>
  <millis>1789453548197</millis>
  <nanos>237900</nanos>
  <sequence>344</sequence>
  <level>START</level>
  <class>com.kms.katalon.core.logging.XmlKeywordLogger</class>
  <method>startKeyword</method>
  <thread>1</thread>
  <message>Start action : navigateToUrl(appUrl)</message>
  <nestedLevel>1</nestedLevel>
  <escapedJava>false</escapedJava>
  <property name="startLine">22</property>
  <property name="stepIndex">3</property>
</record>
<record>
  <date>2026-09-15T06:25:49.868998900Z</date>
  <millis>1789453549868</millis>
  <nanos>998900</nanos>
  <sequence>348</sequence>
  <level>PASSED</level>
  <class>com.kms.katalon.core.logging.XmlKeywordLogger</class>
  <method>logMessage</method>
  <thread>1</thread>
  <message>Navigate to &amp;apos;https://sahibnkmitraqc.banksekure.com/EKYCWeb/&amp;apos; successfully</message>
  <nestedLevel>1</nestedLevel>
  <escapedJava>false</escapedJava>
  <property name="testops-method-name">com.kms.katalon.core.webui.keyword.builtin.NavigateToUrlKeyword.navigateToUrl</property>
  <property name="testops-execution-stacktrace"></property>
</record>
<record>
  <date>2026-09-15T06:25:49.869999Z</date>
  <millis>1789453549869</millis>
  <nanos>999000</nanos>
  <sequence>349</sequence>
  <level>END</level>
  <class>com.kms.katalon.core.logging.XmlKeywordLogger</class>
  <method>endKeyword</method>
  <thread>1</thread>
  <message>End action : navigateToUrl(appUrl)</message>
  <nestedLevel>1</nestedLevel>
  <escapedJava>false</escapedJava>
</record>
<record>
  <date>2026-09-15T06:25:49.869999Z</date>
  <millis>1789453549869</millis>
  <nanos>999000</nanos>
  <sequence>350</sequence>
  <level>START</level>
  <class>com.kms.katalon.core.logging.XmlKeywordLogger</class>
  <method>startKeyword</method>
  <thread>1</thread>
  <message>Start action : setText(findTestObject(&amp;quot;validuserandInvalidpassword/Page_Agent Management System/input_Enter User Name&amp;quot;), userid)</message>
  <nestedLevel>1</nestedLevel>
  <escapedJava>false</escapedJava>
  <property name="startLine">25</property>
  <property name="stepIndex">4</property>
</record>
<record>
  <date>2026-09-15T06:25:50.425387300Z</date>
  <millis>1789453550425</millis>
  <nanos>387300</nanos>
  <sequence>364</sequence>
  <level>PASSED</level>
  <class>com.kms.katalon.core.logging.XmlKeywordLogger</class>
  <method>logMessage</method>
  <thread>1</thread>
  <message>Text &amp;apos;TestAutoAdm&amp;apos; is set on object &amp;apos;Object Repository/validuserandInvalidpassword/Page_Agent Management System/input_Enter User Name&amp;apos;</message>
  <nestedLevel>1</nestedLevel>
  <escapedJava>false</escapedJava>
  <property name="testops-method-name">com.kms.katalon.core.webui.keyword.internal.WebUIKeywordMain.runKeywordUntilTimeout</property>
  <property name="testops-execution-stacktrace">com.kms.katalon.core.logging.KeywordLogger.logPassed(KeywordLogger.java:351)
com.kms.katalon.core.logging.KeywordLogger.logPassed(KeywordLogger.java:346)
com.kms.katalon.core.webui.keyword.builtin.SetTextKeyword$_setText_closure1.doCall(SetTextKeyword.groovy:99)
java.base/jdk.internal.reflect.DirectMethodHandleAccessor.invoke(DirectMethodHandleAccessor.java:103)
jdk.proxy2/jdk.proxy2.$Proxy60.execute(Unknown Source)
com.kms.katalon.core.webui.model.SeleniumActionRetryController.performAction(SeleniumActionRetryController.java:96)
com.kms.katalon.core.webui.model.SeleniumActionRetryController.performAction(SeleniumActionRetryController.java:83)
com.kms.katalon.core.webui.keyword.internal.WebUIKeywordMain$_runKeywordUntilTimeout_closure1.doCall(WebUIKeywordMain.groovy:135)
com.kms.katalon.core.webui.keyword.internal.WebUIKeywordMain$_runKeywordUntilTimeout_closure1.call(WebUIKeywordMain.groovy)
com.kms.katalon.core.webui.keyword.internal.WebUIKeywordMain.runKeyword(WebUIKeywordMain.groovy:41)
com.kms.katalon.core.webui.keyword.internal.WebUIKeywordMain.runKeywordUntilTimeout(WebUIKeywordMain.groovy:133)
com.kms.katalon.core.webui.keyword.builtin.SetTextKeyword.setText(SetTextKeyword.groovy:106)
com.kms.katalon.core.webui.keyword.builtin.SetTextKeyword.execute(SetTextKeyword.groovy:49)
com.kms.katalon.core.keyword.internal.KeywordExecutor.executeKeywordForPlatform(KeywordExecutor.groovy:104)
com.kms.katalon.core.webui.keyword.WebUiBuiltInKeywords.setText(WebUiBuiltInKeywords.groovy:1082)
IL_ValidUsername_InvalidPassword_TC_104.run(IL_ValidUsername_InvalidPassword_TC_104:25)
</property>
</record>
<record>
  <date>2026-09-15T06:25:50.427898400Z</date>
  <millis>1789453550427</millis>
  <nanos>898400</nanos>
  <sequence>365</sequence>
  <level>END</level>
  <class>com.kms.katalon.core.logging.XmlKeywordLogger</class>
  <method>endKeyword</method>
  <thread>1</thread>
  <message>End action : setText(findTestObject(&amp;quot;validuserandInvalidpassword/Page_Agent Management System/input_Enter User Name&amp;quot;), userid)</message>
  <nestedLevel>1</nestedLevel>
  <escapedJava>false</escapedJava>
</record>
<record>
  <date>2026-09-15T06:25:50.427898400Z</date>
  <millis>1789453550427</millis>
  <nanos>898400</nanos>
  <sequence>366</sequence>
  <level>START</level>
  <class>com.kms.katalon.core.logging.XmlKeywordLogger</class>
  <method>startKeyword</method>
  <thread>1</thread>
  <message>Start action : setEncryptedText(findTestObject(&amp;quot;validuserandInvalidpassword/Page_Agent Management System/input_Enter Password&amp;quot;), password)</message>
  <nestedLevel>1</nestedLevel>
  <escapedJava>false</escapedJava>
  <property name="startLine">27</property>
  <property name="stepIndex">5</property>
</record>
<record>
  <date>2026-09-15T06:25:50.739765900Z</date>
  <millis>1789453550739</millis>
  <nanos>765900</nanos>
  <sequence>379</sequence>
  <level>PASSED</level>
  <class>com.kms.katalon.core.logging.XmlKeywordLogger</class>
  <method>logMessage</method>
  <thread>1</thread>
  <message>Text ****** has been set on object &amp;apos;Object Repository/validuserandInvalidpassword/Page_Agent Management System/input_Enter Password&amp;apos;</message>
  <nestedLevel>1</nestedLevel>
  <escapedJava>false</escapedJava>
  <property name="testops-method-name">com.kms.katalon.core.webui.keyword.internal.WebUIKeywordMain.runKeywordUntilTimeout</property>
  <property name="testops-execution-stacktrace">com.kms.katalon.core.logging.KeywordLogger.logPassed(KeywordLogger.java:351)
com.kms.katalon.core.logging.KeywordLogger.logPassed(KeywordLogger.java:346)
com.kms.katalon.core.webui.keyword.builtin.SetEncryptedTextKeyword$_setEncryptedText_closure1.doCall(SetEncryptedTextKeyword.groovy:82)
java.base/jdk.internal.reflect.DirectMethodHandleAccessor.invoke(DirectMethodHandleAccessor.java:103)
jdk.proxy2/jdk.proxy2.$Proxy60.execute(Unknown Source)
com.kms.katalon.core.webui.model.SeleniumActionRetryController.performAction(SeleniumActionRetryController.java:96)
com.kms.katalon.core.webui.model.SeleniumActionRetryController.performAction(SeleniumActionRetryController.java:83)
com.kms.katalon.core.webui.keyword.internal.WebUIKeywordMain$_runKeywordUntilTimeout_closure1.doCall(WebUIKeywordMain.groovy:135)
com.kms.katalon.core.webui.keyword.internal.WebUIKeywordMain$_runKeywordUntilTimeout_closure1.call(WebUIKeywordMain.groovy)
com.kms.katalon.core.webui.keyword.internal.WebUIKeywordMain.runKeyword(WebUIKeywordMain.groovy:41)
com.kms.katalon.core.webui.keyword.internal.WebUIKeywordMain.runKeywordUntilTimeout(WebUIKeywordMain.groovy:133)
com.kms.katalon.core.webui.keyword.builtin.SetEncryptedTextKeyword.setEncryptedText(SetEncryptedTextKeyword.groovy:88)
com.kms.katalon.core.webui.keyword.builtin.SetEncryptedTextKeyword.execute(SetEncryptedTextKeyword.groovy:48)
com.kms.katalon.core.keyword.internal.KeywordExecutor.executeKeywordForPlatform(KeywordExecutor.groovy:104)
com.kms.katalon.core.webui.keyword.WebUiBuiltInKeywords.setEncryptedText(WebUiBuiltInKeywords.groovy:1113)
IL_ValidUsername_InvalidPassword_TC_104.run(IL_ValidUsername_InvalidPassword_TC_104:27)
</property>
</record>
<record>
  <date>2026-09-15T06:25:50.741767600Z</date>
  <millis>1789453550741</millis>
  <nanos>767600</nanos>
  <sequence>380</sequence>
  <level>END</level>
  <class>com.kms.katalon.core.logging.XmlKeywordLogger</class>
  <method>endKeyword</method>
  <thread>1</thread>
  <message>End action : setEncryptedText(findTestObject(&amp;quot;validuserandInvalidpassword/Page_Agent Management System/input_Enter Password&amp;quot;), password)</message>
  <nestedLevel>1</nestedLevel>
  <escapedJava>false</escapedJava>
</record>
<record>
  <date>2026-09-15T06:25:50.742956300Z</date>
  <millis>1789453550742</millis>
  <nanos>956300</nanos>
  <sequence>381</sequence>
  <level>START</level>
  <class>com.kms.katalon.core.logging.XmlKeywordLogger</class>
  <method>startKeyword</method>
  <thread>1</thread>
  <message>Start action : setText(findTestObject(&amp;quot;validuserandInvalidpassword/Page_Agent Management System/input_Enter Captcha&amp;quot;), captcha)</message>
  <nestedLevel>1</nestedLevel>
  <escapedJava>false</escapedJava>
  <property name="startLine">30</property>
  <property name="stepIndex">6</property>
</record>
<record>
  <date>2026-09-15T06:25:51.288768900Z</date>
  <millis>1789453551288</millis>
  <nanos>768900</nanos>
  <sequence>395</sequence>
  <level>PASSED</level>
  <class>com.kms.katalon.core.logging.XmlKeywordLogger</class>
  <method>logMessage</method>
  <thread>1</thread>
  <message>Text &amp;apos;i6Lvk7&amp;apos; is set on object &amp;apos;Object Repository/validuserandInvalidpassword/Page_Agent Management System/input_Enter Captcha&amp;apos;</message>
  <nestedLevel>1</nestedLevel>
  <escapedJava>false</escapedJava>
  <property name="testops-method-name">com.kms.katalon.core.webui.keyword.internal.WebUIKeywordMain.runKeywordUntilTimeout</property>
  <property name="testops-execution-stacktrace">com.kms.katalon.core.logging.KeywordLogger.logPassed(KeywordLogger.java:351)
com.kms.katalon.core.logging.KeywordLogger.logPassed(KeywordLogger.java:346)
com.kms.katalon.core.webui.keyword.builtin.SetTextKeyword$_setText_closure1.doCall(SetTextKeyword.groovy:99)
java.base/jdk.internal.reflect.DirectMethodHandleAccessor.invoke(DirectMethodHandleAccessor.java:103)
jdk.proxy2/jdk.proxy2.$Proxy60.execute(Unknown Source)
com.kms.katalon.core.webui.model.SeleniumActionRetryController.performAction(SeleniumActionRetryController.java:96)
com.kms.katalon.core.webui.model.SeleniumActionRetryController.performAction(SeleniumActionRetryController.java:83)
com.kms.katalon.core.webui.keyword.internal.WebUIKeywordMain$_runKeywordUntilTimeout_closure1.doCall(WebUIKeywordMain.groovy:135)
com.kms.katalon.core.webui.keyword.internal.WebUIKeywordMain$_runKeywordUntilTimeout_closure1.call(WebUIKeywordMain.groovy)
com.kms.katalon.core.webui.keyword.internal.WebUIKeywordMain.runKeyword(WebUIKeywordMain.groovy:41)
com.kms.katalon.core.webui.keyword.internal.WebUIKeywordMain.runKeywordUntilTimeout(WebUIKeywordMain.groovy:133)
com.kms.katalon.core.webui.keyword.builtin.SetTextKeyword.setText(SetTextKeyword.groovy:106)
com.kms.katalon.core.webui.keyword.builtin.SetTextKeyword.execute(SetTextKeyword.groovy:49)
com.kms.katalon.core.keyword.internal.KeywordExecutor.executeKeywordForPlatform(KeywordExecutor.groovy:104)
com.kms.katalon.core.webui.keyword.WebUiBuiltInKeywords.setText(WebUiBuiltInKeywords.groovy:1082)
IL_ValidUsername_InvalidPassword_TC_104.run(IL_ValidUsername_InvalidPassword_TC_104:30)
</property>
</record>
<record>
  <date>2026-09-15T06:25:51.288768900Z</date>
  <millis>1789453551288</millis>
  <nanos>768900</nanos>
  <sequence>396</sequence>
  <level>END</level>
  <class>com.kms.katalon.core.logging.XmlKeywordLogger</class>
  <method>endKeyword</method>
  <thread>1</thread>
  <message>End action : setText(findTestObject(&amp;quot;validuserandInvalidpassword/Page_Agent Management System/input_Enter Captcha&amp;quot;), captcha)</message>
  <nestedLevel>1</nestedLevel>
  <escapedJava>false</escapedJava>
</record>
<record>
  <date>2026-09-15T06:25:51.288768900Z</date>
  <millis>1789453551288</millis>
  <nanos>768900</nanos>
  <sequence>397</sequence>
  <level>START</level>
  <class>com.kms.katalon.core.logging.XmlKeywordLogger</class>
  <method>startKeyword</method>
  <thread>1</thread>
  <message>Start action : click(findTestObject(&amp;quot;validuserandInvalidpassword/Page_Agent Management System/input_submit&amp;quot;))</message>
  <nestedLevel>1</nestedLevel>
  <escapedJava>false</escapedJava>
  <property name="startLine">32</property>
  <property name="stepIndex">7</property>
</record>
<record>
  <date>2026-09-15T06:25:52.062873600Z</date>
  <millis>1789453552062</millis>
  <nanos>873600</nanos>
  <sequence>408</sequence>
  <level>PASSED</level>
  <class>com.kms.katalon.core.logging.XmlKeywordLogger</class>
  <method>logMessage</method>
  <thread>1</thread>
  <message>Object: &amp;apos;Object Repository/validuserandInvalidpassword/Page_Agent Management System/input_submit&amp;apos; is clicked on</message>
  <nestedLevel>1</nestedLevel>
  <escapedJava>false</escapedJava>
  <property name="testops-method-name">com.kms.katalon.core.webui.keyword.internal.WebUIKeywordMain.runKeywordUntilTimeout</property>
  <property name="testops-execution-stacktrace">com.kms.katalon.core.logging.KeywordLogger.logPassed(KeywordLogger.java:351)
com.kms.katalon.core.logging.KeywordLogger.logPassed(KeywordLogger.java:346)
com.kms.katalon.core.webui.keyword.builtin.ClickKeyword$_click_closure1.doCall(ClickKeyword.groovy:66)
java.base/jdk.internal.reflect.DirectMethodHandleAccessor.invoke(DirectMethodHandleAccessor.java:103)
jdk.proxy2/jdk.proxy2.$Proxy60.execute(Unknown Source)
com.kms.katalon.core.webui.model.SeleniumActionRetryController.performAction(SeleniumActionRetryController.java:96)
com.kms.katalon.core.webui.model.SeleniumActionRetryController.performAction(SeleniumActionRetryController.java:83)
com.kms.katalon.core.webui.keyword.internal.WebUIKeywordMain$_runKeywordUntilTimeout_closure1.doCall(WebUIKeywordMain.groovy:135)
com.kms.katalon.core.webui.keyword.internal.WebUIKeywordMain$_runKeywordUntilTimeout_closure1.call(WebUIKeywordMain.groovy)
com.kms.katalon.core.webui.keyword.internal.WebUIKeywordMain.runKeyword(WebUIKeywordMain.groovy:41)
com.kms.katalon.core.webui.keyword.internal.WebUIKeywordMain.runKeywordUntilTimeout(WebUIKeywordMain.groovy:133)
com.kms.katalon.core.webui.keyword.builtin.ClickKeyword.click(ClickKeyword.groovy:72)
com.kms.katalon.core.webui.keyword.builtin.ClickKeyword.execute(ClickKeyword.groovy:38)
com.kms.katalon.core.keyword.internal.KeywordExecutor.executeKeywordForPlatform(KeywordExecutor.groovy:104)
com.kms.katalon.core.webui.keyword.WebUiBuiltInKeywords.click(WebUiBuiltInKeywords.groovy:722)
IL_ValidUsername_InvalidPassword_TC_104.run(IL_ValidUsername_InvalidPassword_TC_104:32)
</property>
</record>
<record>
  <date>2026-09-15T06:25:52.064165800Z</date>
  <millis>1789453552064</millis>
  <nanos>165800</nanos>
  <sequence>409</sequence>
  <level>END</level>
  <class>com.kms.katalon.core.logging.XmlKeywordLogger</class>
  <method>endKeyword</method>
  <thread>1</thread>
  <message>End action : click(findTestObject(&amp;quot;validuserandInvalidpassword/Page_Agent Management System/input_submit&amp;quot;))</message>
  <nestedLevel>1</nestedLevel>
  <escapedJava>false</escapedJava>
</record>
<record>
  <date>2026-09-15T06:25:52.064165800Z</date>
  <millis>1789453552064</millis>
  <nanos>165800</nanos>
  <sequence>410</sequence>
  <level>START</level>
  <class>com.kms.katalon.core.logging.XmlKeywordLogger</class>
  <method>startKeyword</method>
  <thread>1</thread>
  <message>Start action : waitForElementVisible(findTestObject(&amp;quot;invalidloginrepository/Page_Agent Management System/p_lblMessage&amp;quot;), 20)</message>
  <nestedLevel>1</nestedLevel>
  <escapedJava>false</escapedJava>
  <property name="startLine">34</property>
  <property name="stepIndex">8</property>
</record>
<record>
  <date>2026-09-15T06:25:52.744775500Z</date>
  <millis>1789453552744</millis>
  <nanos>775500</nanos>
  <sequence>417</sequence>
  <level>PASSED</level>
  <class>com.kms.katalon.core.logging.XmlKeywordLogger</class>
  <method>logMessage</method>
  <thread>1</thread>
  <message>Object &amp;apos;Object Repository/invalidloginrepository/Page_Agent Management System/p_lblMessage&amp;apos; is visible</message>
  <nestedLevel>1</nestedLevel>
  <escapedJava>false</escapedJava>
  <property name="testops-method-name">com.kms.katalon.core.webui.keyword.internal.WebUIKeywordMain.runKeywordUntilTimeout</property>
  <property name="testops-execution-stacktrace">com.kms.katalon.core.logging.KeywordLogger.logPassed(KeywordLogger.java:351)
com.kms.katalon.core.logging.KeywordLogger.logPassed(KeywordLogger.java:346)
com.kms.katalon.core.logging.KeywordLogger$logPassed$0.call(Unknown Source)
com.kms.katalon.core.webui.keyword.builtin.WaitForElementVisibleKeyword$_waitForElementVisible_closure1.doCall(WaitForElementVisibleKeyword.groovy:86)
java.base/jdk.internal.reflect.DirectMethodHandleAccessor.invoke(DirectMethodHandleAccessor.java:103)
jdk.proxy2/jdk.proxy2.$Proxy60.execute(Unknown Source)
com.kms.katalon.core.webui.model.SeleniumActionRetryController.performAction(SeleniumActionRetryController.java:96)
com.kms.katalon.core.webui.model.SeleniumActionRetryController.performAction(SeleniumActionRetryController.java:83)
com.kms.katalon.core.webui.keyword.internal.WebUIKeywordMain$_runKeywordUntilTimeout_closure2.doCall(WebUIKeywordMain.groovy:155)
com.kms.katalon.core.webui.keyword.internal.WebUIKeywordMain$_runKeywordUntilTimeout_closure2.call(WebUIKeywordMain.groovy)
com.kms.katalon.core.webui.keyword.internal.WebUIKeywordMain.runKeyword(WebUIKeywordMain.groovy:41)
com.kms.katalon.core.webui.keyword.internal.WebUIKeywordMain.runKeywordUntilTimeout(WebUIKeywordMain.groovy:152)
com.kms.katalon.core.webui.keyword.internal.WebUIKeywordMain$runKeywordUntilTimeout.call(Unknown Source)
com.kms.katalon.core.webui.keyword.builtin.WaitForElementVisibleKeyword.waitForElementVisible(WaitForElementVisibleKeyword.groovy:101)
com.kms.katalon.core.webui.keyword.builtin.WaitForElementVisibleKeyword.execute(WaitForElementVisibleKeyword.groovy:69)
com.kms.katalon.core.keyword.internal.KeywordExecutor.executeKeywordForPlatform(KeywordExecutor.groovy:104)
com.kms.katalon.core.webui.keyword.WebUiBuiltInKeywords.waitForElementVisible(WebUiBuiltInKeywords.groovy:515)
IL_ValidUsername_InvalidPassword_TC_104.run(IL_ValidUsername_InvalidPassword_TC_104:34)
</property>
</record>
<record>
  <date>2026-09-15T06:25:52.747296Z</date>
  <millis>1789453552747</millis>
  <nanos>296000</nanos>
  <sequence>418</sequence>
  <level>END</level>
  <class>com.kms.katalon.core.logging.XmlKeywordLogger</class>
  <method>endKeyword</method>
  <thread>1</thread>
  <message>End action : waitForElementVisible(findTestObject(&amp;quot;invalidloginrepository/Page_Agent Management System/p_lblMessage&amp;quot;), 20)</message>
  <nestedLevel>1</nestedLevel>
  <escapedJava>false</escapedJava>
</record>
<record>
  <date>2026-09-15T06:25:52.747296Z</date>
  <millis>1789453552747</millis>
  <nanos>296000</nanos>
  <sequence>419</sequence>
  <level>START</level>
  <class>com.kms.katalon.core.logging.XmlKeywordLogger</class>
  <method>startKeyword</method>
  <thread>1</thread>
  <message>Start action : message = getText(findTestObject(&amp;quot;invalidloginrepository/Page_Agent Management System/p_lblMessage&amp;quot;))</message>
  <nestedLevel>1</nestedLevel>
  <escapedJava>false</escapedJava>
  <property name="startLine">36</property>
  <property name="stepIndex">9</property>
</record>
<record>
  <date>2026-09-15T06:25:52.986146700Z</date>
  <millis>1789453552986</millis>
  <nanos>146700</nanos>
  <sequence>429</sequence>
  <level>PASSED</level>
  <class>com.kms.katalon.core.logging.XmlKeywordLogger</class>
  <method>logMessage</method>
  <thread>1</thread>
  <message>Text of object &amp;apos;Object Repository/invalidloginrepository/Page_Agent Management System/p_lblMessage&amp;apos; is: &amp;apos;Invalid Credentials&amp;apos;</message>
  <nestedLevel>1</nestedLevel>
  <escapedJava>false</escapedJava>
  <property name="testops-method-name">com.kms.katalon.core.webui.keyword.internal.WebUIKeywordMain.runKeywordUntilTimeout</property>
  <property name="testops-execution-stacktrace">com.kms.katalon.core.logging.KeywordLogger.logPassed(KeywordLogger.java:351)
com.kms.katalon.core.logging.KeywordLogger.logPassed(KeywordLogger.java:346)
com.kms.katalon.core.webui.keyword.builtin.GetTextKeyword$_getText_closure1.doCall(GetTextKeyword.groovy:85)
java.base/jdk.internal.reflect.DirectMethodHandleAccessor.invoke(DirectMethodHandleAccessor.java:103)
jdk.proxy2/jdk.proxy2.$Proxy60.execute(Unknown Source)
com.kms.katalon.core.webui.model.SeleniumActionRetryController.performAction(SeleniumActionRetryController.java:96)
com.kms.katalon.core.webui.model.SeleniumActionRetryController.performAction(SeleniumActionRetryController.java:83)
com.kms.katalon.core.webui.keyword.internal.WebUIKeywordMain$_runKeywordUntilTimeout_closure1.doCall(WebUIKeywordMain.groovy:135)
com.kms.katalon.core.webui.keyword.internal.WebUIKeywordMain$_runKeywordUntilTimeout_closure1.call(WebUIKeywordMain.groovy)
com.kms.katalon.core.webui.keyword.internal.WebUIKeywordMain.runKeyword(WebUIKeywordMain.groovy:41)
com.kms.katalon.core.webui.keyword.internal.WebUIKeywordMain.runKeywordUntilTimeout(WebUIKeywordMain.groovy:133)
com.kms.katalon.core.webui.keyword.builtin.GetTextKeyword.getText(GetTextKeyword.groovy:92)
com.kms.katalon.core.webui.keyword.builtin.GetTextKeyword.execute(GetTextKeyword.groovy:67)
com.kms.katalon.core.keyword.internal.KeywordExecutor.executeKeywordForPlatform(KeywordExecutor.groovy:104)
com.kms.katalon.core.webui.keyword.WebUiBuiltInKeywords.getText(WebUiBuiltInKeywords.groovy:1020)
IL_ValidUsername_InvalidPassword_TC_104.run(IL_ValidUsername_InvalidPassword_TC_104:36)
</property>
</record>
<record>
  <date>2026-09-15T06:25:52.987147800Z</date>
  <millis>1789453552987</millis>
  <nanos>147800</nanos>
  <sequence>430</sequence>
  <level>END</level>
  <class>com.kms.katalon.core.logging.XmlKeywordLogger</class>
  <method>endKeyword</method>
  <thread>1</thread>
  <message>End action : message = getText(findTestObject(&amp;quot;invalidloginrepository/Page_Agent Management System/p_lblMessage&amp;quot;))</message>
  <nestedLevel>1</nestedLevel>
  <escapedJava>false</escapedJava>
</record>
<record>
  <date>2026-09-15T06:25:52.987147800Z</date>
  <millis>1789453552987</millis>
  <nanos>147800</nanos>
  <sequence>431</sequence>
  <level>START</level>
  <class>com.kms.katalon.core.logging.XmlKeywordLogger</class>
  <method>startKeyword</method>
  <thread>1</thread>
  <message>Start action : comment(&amp;quot;Validation Message: &amp;quot; + message)</message>
  <nestedLevel>1</nestedLevel>
  <escapedJava>false</escapedJava>
  <property name="startLine">38</property>
  <property name="stepIndex">10</property>
</record>
<record>
  <date>2026-09-15T06:25:52.988264Z</date>
  <millis>1789453552988</millis>
  <nanos>264000</nanos>
  <sequence>433</sequence>
  <level>INFO</level>
  <class>com.kms.katalon.core.logging.XmlKeywordLogger</class>
  <method>logMessage</method>
  <thread>1</thread>
  <message>Validation Message: Invalid Credentials</message>
  <nestedLevel>1</nestedLevel>
  <escapedJava>false</escapedJava>
</record>
<record>
  <date>2026-09-15T06:25:52.988264Z</date>
  <millis>1789453552988</millis>
  <nanos>264000</nanos>
  <sequence>434</sequence>
  <level>END</level>
  <class>com.kms.katalon.core.logging.XmlKeywordLogger</class>
  <method>endKeyword</method>
  <thread>1</thread>
  <message>End action : comment(&amp;quot;Validation Message: &amp;quot; + message)</message>
  <nestedLevel>1</nestedLevel>
  <escapedJava>false</escapedJava>
</record>
<record>
  <date>2026-09-15T06:25:52.988264Z</date>
  <millis>1789453552988</millis>
  <nanos>264000</nanos>
  <sequence>435</sequence>
  <level>START</level>
  <class>com.kms.katalon.core.logging.XmlKeywordLogger</class>
  <method>startKeyword</method>
  <thread>1</thread>
  <message>Start action : closeBrowser()</message>
  <nestedLevel>1</nestedLevel>
  <escapedJava>false</escapedJava>
  <property name="startLine">40</property>
  <property name="stepIndex">11</property>
</record>
<record>
  <date>2026-09-15T06:25:53.114257500Z</date>
  <millis>1789453553114</millis>
  <nanos>257500</nanos>
  <sequence>438</sequence>
  <level>PASSED</level>
  <class>com.kms.katalon.core.logging.XmlKeywordLogger</class>
  <method>logMessage</method>
  <thread>1</thread>
  <message>Browser is closed</message>
  <nestedLevel>1</nestedLevel>
  <escapedJava>false</escapedJava>
  <property name="testops-method-name">com.kms.katalon.core.webui.keyword.builtin.CloseBrowserKeyword.closeBrowser</property>
  <property name="testops-execution-stacktrace"></property>
</record>
<record>
  <date>2026-09-15T06:25:53.114257500Z</date>
  <millis>1789453553114</millis>
  <nanos>257500</nanos>
  <sequence>439</sequence>
  <level>END</level>
  <class>com.kms.katalon.core.logging.XmlKeywordLogger</class>
  <method>endKeyword</method>
  <thread>1</thread>
  <message>End action : closeBrowser()</message>
  <nestedLevel>1</nestedLevel>
  <escapedJava>false</escapedJava>
</record>
<record>
  <date>2026-09-15T06:25:53.115631200Z</date>
  <millis>1789453553115</millis>
  <nanos>631200</nanos>
  <sequence>440</sequence>
  <level>PASSED</level>
  <class>com.kms.katalon.core.logging.XmlKeywordLogger</class>
  <method>logMessage</method>
  <thread>1</thread>
  <message>Test Cases/Common_Test_case/Login/InvalidLogin/IL_ValidUsername_InvalidPassword_TC_104</message>
  <nestedLevel>1</nestedLevel>
  <escapedJava>false</escapedJava>
</record>
<record>
  <date>2026-09-15T06:25:53.115631200Z</date>
  <millis>1789453553115</millis>
  <nanos>631200</nanos>
  <sequence>441</sequence>
  <level>START</level>
  <class>com.kms.katalon.core.logging.XmlKeywordLogger</class>
  <method>startKeyword</method>
  <thread>1</thread>
  <message>Start listener action : afterTestCase</message>
  <nestedLevel>1</nestedLevel>
  <escapedJava>false</escapedJava>
</record>
<record>
  <date>2026-09-15T06:25:53.115631200Z</date>
  <millis>1789453553115</millis>
  <nanos>631200</nanos>
  <sequence>443</sequence>
  <level>START</level>
  <class>com.kms.katalon.core.logging.XmlKeywordLogger</class>
  <method>startKeyword</method>
  <thread>1</thread>
  <message>Start action : if (test == null)</message>
  <nestedLevel>1</nestedLevel>
  <escapedJava>false</escapedJava>
  <property name="startLine">51</property>
  <property name="stepIndex">1</property>
</record>
<record>
  <date>2026-09-15T06:25:53.116159500Z</date>
  <millis>1789453553116</millis>
  <nanos>159500</nanos>
  <sequence>444</sequence>
  <level>END</level>
  <class>com.kms.katalon.core.logging.XmlKeywordLogger</class>
  <method>endKeyword</method>
  <thread>1</thread>
  <message>End action : if (test == null)</message>
  <nestedLevel>1</nestedLevel>
  <escapedJava>false</escapedJava>
</record>
<record>
  <date>2026-09-15T06:25:53.116159500Z</date>
  <millis>1789453553116</millis>
  <nanos>159500</nanos>
  <sequence>445</sequence>
  <level>START</level>
  <class>com.kms.katalon.core.logging.XmlKeywordLogger</class>
  <method>startKeyword</method>
  <thread>1</thread>
  <message>Start action : status = testCaseContext.getTestCaseStatus()</message>
  <nestedLevel>1</nestedLevel>
  <escapedJava>false</escapedJava>
  <property name="startLine">57</property>
  <property name="stepIndex">2</property>
</record>
<record>
  <date>2026-09-15T06:25:53.116159500Z</date>
  <millis>1789453553116</millis>
  <nanos>159500</nanos>
  <sequence>446</sequence>
  <level>END</level>
  <class>com.kms.katalon.core.logging.XmlKeywordLogger</class>
  <method>endKeyword</method>
  <thread>1</thread>
  <message>End action : status = testCaseContext.getTestCaseStatus()</message>
  <nestedLevel>1</nestedLevel>
  <escapedJava>false</escapedJava>
</record>
<record>
  <date>2026-09-15T06:25:53.116159500Z</date>
  <millis>1789453553116</millis>
  <nanos>159500</nanos>
  <sequence>447</sequence>
  <level>START</level>
  <class>com.kms.katalon.core.logging.XmlKeywordLogger</class>
  <method>startKeyword</method>
  <thread>1</thread>
  <message>Start action : if (status == &amp;quot;PASSED&amp;quot;)</message>
  <nestedLevel>1</nestedLevel>
  <escapedJava>false</escapedJava>
  <property name="startLine">60</property>
  <property name="stepIndex">3</property>
</record>
<record>
  <date>2026-09-15T06:25:53.116159500Z</date>
  <millis>1789453553116</millis>
  <nanos>159500</nanos>
  <sequence>448</sequence>
  <level>START</level>
  <class>com.kms.katalon.core.logging.XmlKeywordLogger</class>
  <method>startKeyword</method>
  <thread>1</thread>
  <message>Start action : test.pass(&amp;quot;Test Case PASSED&amp;quot;)</message>
  <nestedLevel>2</nestedLevel>
  <escapedJava>false</escapedJava>
  <property name="startLine">62</property>
  <property name="stepIndex">1</property>
</record>
<record>
  <date>2026-09-15T06:25:53.116159500Z</date>
  <millis>1789453553116</millis>
  <nanos>159500</nanos>
  <sequence>449</sequence>
  <level>END</level>
  <class>com.kms.katalon.core.logging.XmlKeywordLogger</class>
  <method>endKeyword</method>
  <thread>1</thread>
  <message>End action : test.pass(&amp;quot;Test Case PASSED&amp;quot;)</message>
  <nestedLevel>2</nestedLevel>
  <escapedJava>false</escapedJava>
</record>
<record>
  <date>2026-09-15T06:25:53.116159500Z</date>
  <millis>1789453553116</millis>
  <nanos>159500</nanos>
  <sequence>450</sequence>
  <level>END</level>
  <class>com.kms.katalon.core.logging.XmlKeywordLogger</class>
  <method>endKeyword</method>
  <thread>1</thread>
  <message>End action : if (status == &amp;quot;PASSED&amp;quot;)</message>
  <nestedLevel>1</nestedLevel>
  <escapedJava>false</escapedJava>
</record>
<record>
  <date>2026-09-15T06:25:53.116159500Z</date>
  <millis>1789453553116</millis>
  <nanos>159500</nanos>
  <sequence>451</sequence>
  <level>START</level>
  <class>com.kms.katalon.core.logging.XmlKeywordLogger</class>
  <method>startKeyword</method>
  <thread>1</thread>
  <message>Start action : println(&amp;quot;Test Status : &amp;quot; + status)</message>
  <nestedLevel>1</nestedLevel>
  <escapedJava>false</escapedJava>
  <property name="startLine">73</property>
  <property name="stepIndex">6</property>
</record>
<record>
  <date>2026-09-15T06:25:53.116159500Z</date>
  <millis>1789453553116</millis>
  <nanos>159500</nanos>
  <sequence>453</sequence>
  <level>END</level>
  <class>com.kms.katalon.core.logging.XmlKeywordLogger</class>
  <method>endKeyword</method>
  <thread>1</thread>
  <message>End action : println(&amp;quot;Test Status : &amp;quot; + status)</message>
  <nestedLevel>1</nestedLevel>
  <escapedJava>false</escapedJava>
</record>
<record>
  <date>2026-09-15T06:25:53.116159500Z</date>
  <millis>1789453553116</millis>
  <nanos>159500</nanos>
  <sequence>454</sequence>
  <level>END</level>
  <class>com.kms.katalon.core.logging.XmlKeywordLogger</class>
  <method>endKeyword</method>
  <thread>1</thread>
  <message>End listener action : afterTestCase</message>
  <nestedLevel>1</nestedLevel>
  <escapedJava>false</escapedJava>
</record>
<record>
  <date>2026-09-15T06:25:53.116159500Z</date>
  <millis>1789453553116</millis>
  <nanos>159500</nanos>
  <sequence>455</sequence>
  <level>START</level>
  <class>com.kms.katalon.core.logging.XmlKeywordLogger</class>
  <method>startKeyword</method>
  <thread>1</thread>
  <message>Start listener action : sampleAfterTestCase</message>
  <nestedLevel>1</nestedLevel>
  <escapedJava>false</escapedJava>
</record>
<record>
  <date>2026-09-15T06:25:53.117164500Z</date>
  <millis>1789453553117</millis>
  <nanos>164500</nanos>
  <sequence>457</sequence>
  <level>START</level>
  <class>com.kms.katalon.core.logging.XmlKeywordLogger</class>
  <method>startKeyword</method>
  <thread>1</thread>
  <message>Start action : closeBrowser()</message>
  <nestedLevel>1</nestedLevel>
  <escapedJava>false</escapedJava>
  <property name="startLine">93</property>
  <property name="stepIndex">1</property>
</record>
<record>
  <date>2026-09-15T06:25:53.117164500Z</date>
  <millis>1789453553117</millis>
  <nanos>164500</nanos>
  <sequence>460</sequence>
  <level>PASSED</level>
  <class>com.kms.katalon.core.logging.XmlKeywordLogger</class>
  <method>logMessage</method>
  <thread>1</thread>
  <message>Browser is closed</message>
  <nestedLevel>1</nestedLevel>
  <escapedJava>false</escapedJava>
  <property name="testops-method-name">com.kms.katalon.core.webui.keyword.builtin.CloseBrowserKeyword.closeBrowser</property>
  <property name="testops-execution-stacktrace"></property>
</record>
<record>
  <date>2026-09-15T06:25:53.117164500Z</date>
  <millis>1789453553117</millis>
  <nanos>164500</nanos>
  <sequence>462</sequence>
  <level>END</level>
  <class>com.kms.katalon.core.logging.XmlKeywordLogger</class>
  <method>endKeyword</method>
  <thread>1</thread>
  <message>End action : closeBrowser()</message>
  <nestedLevel>1</nestedLevel>
  <escapedJava>false</escapedJava>
</record>
<record>
  <date>2026-09-15T06:25:53.117164500Z</date>
  <millis>1789453553117</millis>
  <nanos>164500</nanos>
  <sequence>463</sequence>
  <level>END</level>
  <class>com.kms.katalon.core.logging.XmlKeywordLogger</class>
  <method>endKeyword</method>
  <thread>1</thread>
  <message>End listener action : sampleAfterTestCase</message>
  <nestedLevel>1</nestedLevel>
  <escapedJava>false</escapedJava>
</record>
<record>
  <date>2026-09-15T06:25:53.118171100Z</date>
  <millis>1789453553118</millis>
  <nanos>171100</nanos>
  <sequence>464</sequence>
  <level>END</level>
  <class>com.kms.katalon.core.logging.XmlKeywordLogger</class>
  <method>endTest</method>
  <thread>1</thread>
  <message>End Test Case : Test Cases/Common_Test_case/Login/InvalidLogin/IL_ValidUsername_InvalidPassword_TC_104</message>
  <nestedLevel>0</nestedLevel>
  <escapedJava>false</escapedJava>
  <property name="executionBindingVariables">[
  {
    &quot;value&quot;: &quot;https://sahibnkmitraqc.banksekure.com/EKYCWeb/&quot;,
    &quot;isDefault&quot;: false,
    &quot;name&quot;: &quot;appUrl&quot;,
    &quot;masked&quot;: false
  },
  {
    &quot;value&quot;: &quot;TestAutoAdm&quot;,
    &quot;isDefault&quot;: false,
    &quot;name&quot;: &quot;userid&quot;,
    &quot;masked&quot;: false
  },
  {
    &quot;value&quot;: &quot;P11S1FO2cCA\u003d&quot;,
    &quot;isDefault&quot;: false,
    &quot;name&quot;: &quot;password&quot;,
    &quot;masked&quot;: false
  },
  {
    &quot;value&quot;: &quot;i6Lvk7&quot;,
    &quot;isDefault&quot;: false,
    &quot;name&quot;: &quot;captcha&quot;,
    &quot;masked&quot;: false
  }
]</property>
  <property name="applitools">false</property>
  <property name="executedKeywords">{
  &quot;WebUI.closeBrowser&quot;: 2,
  &quot;WebUI.setEncryptedText&quot;: 1,
  &quot;WebUI.maximizeWindow&quot;: 1,
  &quot;WebUI.waitForElementVisible&quot;: 1,
  &quot;WebUI.click&quot;: 1,
  &quot;WebUI.getText&quot;: 1,
  &quot;BuiltIn.comment&quot;: 1,
  &quot;WebUI.navigateToUrl&quot;: 1,
  &quot;WebUI.openBrowser&quot;: 1,
  &quot;WebUI.setText&quot;: 2
}</property>
  <property name="keywordsUsage">{
  &quot;web_ui&quot;: true,
  &quot;web_service&quot;: false,
  &quot;cucumber&quot;: false,
  &quot;builtin&quot;: true,
  &quot;mobile&quot;: false,
  &quot;windows&quot;: false,
  &quot;testng&quot;: false
}</property>
</record>
<record>
  <date>2026-09-15T06:25:53.134478600Z</date>
  <millis>1789453553134</millis>
  <nanos>478600</nanos>
  <sequence>465</sequence>
  <level>START</level>
  <class>com.kms.katalon.core.logging.XmlKeywordLogger</class>
  <method>startTest</method>
  <thread>1</thread>
  <message>Start Test Case : Test Cases/Common_Test_case/Login/InvalidLogin/IL_InvalidUsername_ValidPassword_TC_105</message>
  <nestedLevel>1</nestedLevel>
  <escapedJava>false</escapedJava>
  <property name="origin">WEB_RECORDER</property>
  <property name="name">Test Cases/Common_Test_case/Login/InvalidLogin/IL_InvalidUsername_ValidPassword_TC_105</property>
  <property name="description"></property>
  <property name="iteration"></property>
  <property name="id">Test Cases/Common_Test_case/Login/InvalidLogin/IL_InvalidUsername_ValidPassword_TC_105</property>
  <property name="source">F:\SahiBnk Mitra DSB\Test Cases\Common_Test_case\Login\InvalidLogin\IL_InvalidUsername_ValidPassword_TC_105.tc</property>
  <property name="tag"></property>
  <property name="isOptional">false</property>
  <property name="uuid">34b140c9-fbb2-479b-af04-22f683a97050</property>
</record>
<record>
  <date>2026-09-15T06:25:53.139438Z</date>
  <millis>1789453553139</millis>
  <nanos>438000</nanos>
  <sequence>467</sequence>
  <level>INFO</level>
  <class>com.kms.katalon.core.logging.XmlKeywordLogger</class>
  <method>logMessage</method>
  <thread>1</thread>
  <message>appUrl = https://sahibnkmitraqc.banksekure.com/EKYCWeb/</message>
  <nestedLevel>1</nestedLevel>
  <escapedJava>false</escapedJava>
</record>
<record>
  <date>2026-09-15T06:25:53.140429500Z</date>
  <millis>1789453553140</millis>
  <nanos>429500</nanos>
  <sequence>468</sequence>
  <level>INFO</level>
  <class>com.kms.katalon.core.logging.XmlKeywordLogger</class>
  <method>logMessage</method>
  <thread>1</thread>
  <message>userid = Testing</message>
  <nestedLevel>1</nestedLevel>
  <escapedJava>false</escapedJava>
</record>
<record>
  <date>2026-09-15T06:25:53.140429500Z</date>
  <millis>1789453553140</millis>
  <nanos>429500</nanos>
  <sequence>469</sequence>
  <level>INFO</level>
  <class>com.kms.katalon.core.logging.XmlKeywordLogger</class>
  <method>logMessage</method>
  <thread>1</thread>
  <message>password = E/nTi+Q24sDkSmJpzmCoHQ==</message>
  <nestedLevel>1</nestedLevel>
  <escapedJava>false</escapedJava>
</record>
<record>
  <date>2026-09-15T06:25:53.140429500Z</date>
  <millis>1789453553140</millis>
  <nanos>429500</nanos>
  <sequence>470</sequence>
  <level>INFO</level>
  <class>com.kms.katalon.core.logging.XmlKeywordLogger</class>
  <method>logMessage</method>
  <thread>1</thread>
  <message>captcha = i6Lvk8</message>
  <nestedLevel>1</nestedLevel>
  <escapedJava>false</escapedJava>
</record>
<record>
  <date>2026-09-15T06:25:53.141430Z</date>
  <millis>1789453553141</millis>
  <nanos>430000</nanos>
  <sequence>471</sequence>
  <level>RUN_DATA</level>
  <class>com.kms.katalon.core.logging.XmlKeywordLogger</class>
  <method>logMessage</method>
  <thread>1</thread>
  <message>executionBindingVariables = [
  {
    &amp;quot;value&amp;quot;: &amp;quot;https://sahibnkmitraqc.banksekure.com/EKYCWeb/&amp;quot;,
    &amp;quot;isDefault&amp;quot;: false,
    &amp;quot;name&amp;quot;: &amp;quot;appUrl&amp;quot;,
    &amp;quot;masked&amp;quot;: false
  },
  {
    &amp;quot;value&amp;quot;: &amp;quot;Testing&amp;quot;,
    &amp;quot;isDefault&amp;quot;: false,
    &amp;quot;name&amp;quot;: &amp;quot;userid&amp;quot;,
    &amp;quot;masked&amp;quot;: false
  },
  {
    &amp;quot;value&amp;quot;: &amp;quot;E/nTi+Q24sDkSmJpzmCoHQ\u003d\u003d&amp;quot;,
    &amp;quot;isDefault&amp;quot;: false,
    &amp;quot;name&amp;quot;: &amp;quot;password&amp;quot;,
    &amp;quot;masked&amp;quot;: false
  },
  {
    &amp;quot;value&amp;quot;: &amp;quot;i6Lvk8&amp;quot;,
    &amp;quot;isDefault&amp;quot;: false,
    &amp;quot;name&amp;quot;: &amp;quot;captcha&amp;quot;,
    &amp;quot;masked&amp;quot;: false
  }
]</message>
  <nestedLevel>1</nestedLevel>
  <escapedJava>false</escapedJava>
  <property name="executionBindingVariables">[
  {
    &quot;value&quot;: &quot;https://sahibnkmitraqc.banksekure.com/EKYCWeb/&quot;,
    &quot;isDefault&quot;: false,
    &quot;name&quot;: &quot;appUrl&quot;,
    &quot;masked&quot;: false
  },
  {
    &quot;value&quot;: &quot;Testing&quot;,
    &quot;isDefault&quot;: false,
    &quot;name&quot;: &quot;userid&quot;,
    &quot;masked&quot;: false
  },
  {
    &quot;value&quot;: &quot;E/nTi+Q24sDkSmJpzmCoHQ\u003d\u003d&quot;,
    &quot;isDefault&quot;: false,
    &quot;name&quot;: &quot;password&quot;,
    &quot;masked&quot;: false
  },
  {
    &quot;value&quot;: &quot;i6Lvk8&quot;,
    &quot;isDefault&quot;: false,
    &quot;name&quot;: &quot;captcha&quot;,
    &quot;masked&quot;: false
  }
]</property>
</record>
<record>
  <date>2026-09-15T06:25:53.141430Z</date>
  <millis>1789453553141</millis>
  <nanos>430000</nanos>
  <sequence>472</sequence>
  <level>START</level>
  <class>com.kms.katalon.core.logging.XmlKeywordLogger</class>
  <method>startKeyword</method>
  <thread>1</thread>
  <message>Start listener action : beforeTestCase</message>
  <nestedLevel>1</nestedLevel>
  <escapedJava>false</escapedJava>
</record>
<record>
  <date>2026-09-15T06:25:53.142429500Z</date>
  <millis>1789453553142</millis>
  <nanos>429500</nanos>
  <sequence>474</sequence>
  <level>START</level>
  <class>com.kms.katalon.core.logging.XmlKeywordLogger</class>
  <method>startKeyword</method>
  <thread>1</thread>
  <message>Start action : if (extent != null)</message>
  <nestedLevel>1</nestedLevel>
  <escapedJava>false</escapedJava>
  <property name="startLine">33</property>
  <property name="stepIndex">1</property>
</record>
<record>
  <date>2026-09-15T06:25:53.142429500Z</date>
  <millis>1789453553142</millis>
  <nanos>429500</nanos>
  <sequence>475</sequence>
  <level>START</level>
  <class>com.kms.katalon.core.logging.XmlKeywordLogger</class>
  <method>startKeyword</method>
  <thread>1</thread>
  <message>Start action : test = extent.createTest(testCaseContext.getTestCaseId())</message>
  <nestedLevel>2</nestedLevel>
  <escapedJava>false</escapedJava>
  <property name="startLine">35</property>
  <property name="stepIndex">1</property>
</record>
<record>
  <date>2026-09-15T06:25:53.143428700Z</date>
  <millis>1789453553143</millis>
  <nanos>428700</nanos>
  <sequence>476</sequence>
  <level>END</level>
  <class>com.kms.katalon.core.logging.XmlKeywordLogger</class>
  <method>endKeyword</method>
  <thread>1</thread>
  <message>End action : test = extent.createTest(testCaseContext.getTestCaseId())</message>
  <nestedLevel>2</nestedLevel>
  <escapedJava>false</escapedJava>
</record>
<record>
  <date>2026-09-15T06:25:53.143428700Z</date>
  <millis>1789453553143</millis>
  <nanos>428700</nanos>
  <sequence>477</sequence>
  <level>START</level>
  <class>com.kms.katalon.core.logging.XmlKeywordLogger</class>
  <method>startKeyword</method>
  <thread>1</thread>
  <message>Start action : println(&amp;quot;Test Created : &amp;quot; + testCaseContext.getTestCaseId())</message>
  <nestedLevel>2</nestedLevel>
  <escapedJava>false</escapedJava>
  <property name="startLine">39</property>
  <property name="stepIndex">2</property>
</record>
<record>
  <date>2026-09-15T06:25:53.143428700Z</date>
  <millis>1789453553143</millis>
  <nanos>428700</nanos>
  <sequence>479</sequence>
  <level>END</level>
  <class>com.kms.katalon.core.logging.XmlKeywordLogger</class>
  <method>endKeyword</method>
  <thread>1</thread>
  <message>End action : println(&amp;quot;Test Created : &amp;quot; + testCaseContext.getTestCaseId())</message>
  <nestedLevel>2</nestedLevel>
  <escapedJava>false</escapedJava>
</record>
<record>
  <date>2026-09-15T06:25:53.143428700Z</date>
  <millis>1789453553143</millis>
  <nanos>428700</nanos>
  <sequence>480</sequence>
  <level>END</level>
  <class>com.kms.katalon.core.logging.XmlKeywordLogger</class>
  <method>endKeyword</method>
  <thread>1</thread>
  <message>End action : if (extent != null)</message>
  <nestedLevel>1</nestedLevel>
  <escapedJava>false</escapedJava>
</record>
<record>
  <date>2026-09-15T06:25:53.143428700Z</date>
  <millis>1789453553143</millis>
  <nanos>428700</nanos>
  <sequence>481</sequence>
  <level>END</level>
  <class>com.kms.katalon.core.logging.XmlKeywordLogger</class>
  <method>endKeyword</method>
  <thread>1</thread>
  <message>End listener action : beforeTestCase</message>
  <nestedLevel>1</nestedLevel>
  <escapedJava>false</escapedJava>
</record>
<record>
  <date>2026-09-15T06:25:53.143428700Z</date>
  <millis>1789453553143</millis>
  <nanos>428700</nanos>
  <sequence>482</sequence>
  <level>START</level>
  <class>com.kms.katalon.core.logging.XmlKeywordLogger</class>
  <method>startKeyword</method>
  <thread>1</thread>
  <message>Start listener action : beforeTestCase</message>
  <nestedLevel>1</nestedLevel>
  <escapedJava>false</escapedJava>
</record>
<record>
  <date>2026-09-15T06:25:53.143428700Z</date>
  <millis>1789453553143</millis>
  <nanos>428700</nanos>
  <sequence>484</sequence>
  <level>START</level>
  <class>com.kms.katalon.core.logging.XmlKeywordLogger</class>
  <method>startKeyword</method>
  <thread>1</thread>
  <message>Start action : tcName = testCaseContext.getTestCaseId()</message>
  <nestedLevel>1</nestedLevel>
  <escapedJava>false</escapedJava>
  <property name="startLine">34</property>
  <property name="stepIndex">1</property>
</record>
<record>
  <date>2026-09-15T06:25:53.144427600Z</date>
  <millis>1789453553144</millis>
  <nanos>427600</nanos>
  <sequence>485</sequence>
  <level>END</level>
  <class>com.kms.katalon.core.logging.XmlKeywordLogger</class>
  <method>endKeyword</method>
  <thread>1</thread>
  <message>End action : tcName = testCaseContext.getTestCaseId()</message>
  <nestedLevel>1</nestedLevel>
  <escapedJava>false</escapedJava>
</record>
<record>
  <date>2026-09-15T06:25:53.144427600Z</date>
  <millis>1789453553144</millis>
  <nanos>427600</nanos>
  <sequence>486</sequence>
  <level>START</level>
  <class>com.kms.katalon.core.logging.XmlKeywordLogger</class>
  <method>startKeyword</method>
  <thread>1</thread>
  <message>Start action : if (tcName.contains(&amp;quot;Test Cases/Common_Test_case/Login&amp;quot;) || tcName.contains(&amp;quot;Test Cases/Profile_status&amp;quot;))</message>
  <nestedLevel>1</nestedLevel>
  <escapedJava>false</escapedJava>
  <property name="startLine">37</property>
  <property name="stepIndex">2</property>
</record>
<record>
  <date>2026-09-15T06:25:53.144427600Z</date>
  <millis>1789453553144</millis>
  <nanos>427600</nanos>
  <sequence>487</sequence>
  <level>START</level>
  <class>com.kms.katalon.core.logging.XmlKeywordLogger</class>
  <method>startKeyword</method>
  <thread>1</thread>
  <message>Start action : logInfo(&amp;quot;Login Module Detected - Listener Skipped&amp;quot;)</message>
  <nestedLevel>2</nestedLevel>
  <escapedJava>false</escapedJava>
  <property name="startLine">43</property>
  <property name="stepIndex">1</property>
</record>
<record>
  <date>2026-09-15T06:25:53.144427600Z</date>
  <millis>1789453553144</millis>
  <nanos>427600</nanos>
  <sequence>488</sequence>
  <level>INFO</level>
  <class>com.kms.katalon.core.logging.XmlKeywordLogger</class>
  <method>logMessage</method>
  <thread>1</thread>
  <message>Login Module Detected - Listener Skipped</message>
  <nestedLevel>1</nestedLevel>
  <escapedJava>false</escapedJava>
</record>
<record>
  <date>2026-09-15T06:25:53.144427600Z</date>
  <millis>1789453553144</millis>
  <nanos>427600</nanos>
  <sequence>489</sequence>
  <level>END</level>
  <class>com.kms.katalon.core.logging.XmlKeywordLogger</class>
  <method>endKeyword</method>
  <thread>1</thread>
  <message>End action : logInfo(&amp;quot;Login Module Detected - Listener Skipped&amp;quot;)</message>
  <nestedLevel>2</nestedLevel>
  <escapedJava>false</escapedJava>
</record>
<record>
  <date>2026-09-15T06:25:53.144427600Z</date>
  <millis>1789453553144</millis>
  <nanos>427600</nanos>
  <sequence>490</sequence>
  <level>START</level>
  <class>com.kms.katalon.core.logging.XmlKeywordLogger</class>
  <method>startKeyword</method>
  <thread>1</thread>
  <message>Start action : return null</message>
  <nestedLevel>2</nestedLevel>
  <escapedJava>false</escapedJava>
  <property name="startLine">45</property>
  <property name="stepIndex">2</property>
</record>
<record>
  <date>2026-09-15T06:25:53.144427600Z</date>
  <millis>1789453553144</millis>
  <nanos>427600</nanos>
  <sequence>492</sequence>
  <level>END</level>
  <class>com.kms.katalon.core.logging.XmlKeywordLogger</class>
  <method>endKeyword</method>
  <thread>1</thread>
  <message>End action : return null</message>
  <nestedLevel>2</nestedLevel>
  <escapedJava>false</escapedJava>
</record>
<record>
  <date>2026-09-15T06:25:53.144427600Z</date>
  <millis>1789453553144</millis>
  <nanos>427600</nanos>
  <sequence>493</sequence>
  <level>END</level>
  <class>com.kms.katalon.core.logging.XmlKeywordLogger</class>
  <method>endKeyword</method>
  <thread>1</thread>
  <message>End action : if (tcName.contains(&amp;quot;Test Cases/Common_Test_case/Login&amp;quot;) || tcName.contains(&amp;quot;Test Cases/Profile_status&amp;quot;))</message>
  <nestedLevel>1</nestedLevel>
  <escapedJava>false</escapedJava>
</record>
<record>
  <date>2026-09-15T06:25:53.144427600Z</date>
  <millis>1789453553144</millis>
  <nanos>427600</nanos>
  <sequence>494</sequence>
  <level>END</level>
  <class>com.kms.katalon.core.logging.XmlKeywordLogger</class>
  <method>endKeyword</method>
  <thread>1</thread>
  <message>End listener action : beforeTestCase</message>
  <nestedLevel>1</nestedLevel>
  <escapedJava>false</escapedJava>
</record>
<record>
  <date>2026-09-15T06:25:53.176994100Z</date>
  <millis>1789453553176</millis>
  <nanos>994100</nanos>
  <sequence>495</sequence>
  <level>START</level>
  <class>com.kms.katalon.core.logging.XmlKeywordLogger</class>
  <method>startKeyword</method>
  <thread>1</thread>
  <message>Start action : openBrowser(&amp;quot;&amp;quot;)</message>
  <nestedLevel>1</nestedLevel>
  <escapedJava>false</escapedJava>
  <property name="startLine">20</property>
  <property name="stepIndex">1</property>
</record>
<record>
  <date>2026-09-15T06:25:53.179011300Z</date>
  <millis>1789453553179</millis>
  <nanos>11300</nanos>
  <sequence>498</sequence>
  <level>INFO</level>
  <class>com.kms.katalon.core.logging.XmlKeywordLogger</class>
  <method>logMessage</method>
  <thread>1</thread>
  <message>Starting &amp;apos;Chrome&amp;apos; driver</message>
  <nestedLevel>1</nestedLevel>
  <escapedJava>false</escapedJava>
</record>
<record>
  <date>2026-09-15T06:25:53.180023Z</date>
  <millis>1789453553180</millis>
  <nanos>23000</nanos>
  <sequence>499</sequence>
  <level>INFO</level>
  <class>com.kms.katalon.core.logging.XmlKeywordLogger</class>
  <method>logMessage</method>
  <thread>1</thread>
  <message>Action delay is set to 0 milliseconds</message>
  <nestedLevel>1</nestedLevel>
  <escapedJava>false</escapedJava>
</record>
<record>
  <date>2026-09-15T06:25:53.848366200Z</date>
  <millis>1789453553848</millis>
  <nanos>366200</nanos>
  <sequence>502</sequence>
  <level>RUN_DATA</level>
  <class>com.kms.katalon.core.logging.XmlKeywordLogger</class>
  <method>logMessage</method>
  <thread>1</thread>
  <message>sessionId = f25dc41f748e0ace55a92726e8dd2984</message>
  <nestedLevel>1</nestedLevel>
  <escapedJava>false</escapedJava>
  <property name="sessionId">f25dc41f748e0ace55a92726e8dd2984</property>
</record>
<record>
  <date>2026-09-15T06:25:53.849371100Z</date>
  <millis>1789453553849</millis>
  <nanos>371100</nanos>
  <sequence>503</sequence>
  <level>RUN_DATA</level>
  <class>com.kms.katalon.core.logging.XmlKeywordLogger</class>
  <method>logMessage</method>
  <thread>1</thread>
  <message>browser = Chrome 152.0.7977.84</message>
  <nestedLevel>1</nestedLevel>
  <escapedJava>false</escapedJava>
  <property name="browser">Chrome 152.0.7977.84</property>
</record>
<record>
  <date>2026-09-15T06:25:53.849371100Z</date>
  <millis>1789453553849</millis>
  <nanos>371100</nanos>
  <sequence>504</sequence>
  <level>RUN_DATA</level>
  <class>com.kms.katalon.core.logging.XmlKeywordLogger</class>
  <method>logMessage</method>
  <thread>1</thread>
  <message>platform = Windows 11</message>
  <nestedLevel>1</nestedLevel>
  <escapedJava>false</escapedJava>
  <property name="platform">Windows 11</property>
</record>
<record>
  <date>2026-09-15T06:25:53.849371100Z</date>
  <millis>1789453553849</millis>
  <nanos>371100</nanos>
  <sequence>505</sequence>
  <level>RUN_DATA</level>
  <class>com.kms.katalon.core.logging.XmlKeywordLogger</class>
  <method>logMessage</method>
  <thread>1</thread>
  <message>seleniumVersion = 4.39.0</message>
  <nestedLevel>1</nestedLevel>
  <escapedJava>false</escapedJava>
  <property name="seleniumVersion">4.39.0</property>
</record>
<record>
  <date>2026-09-15T06:25:53.849371100Z</date>
  <millis>1789453553849</millis>
  <nanos>371100</nanos>
  <sequence>506</sequence>
  <level>RUN_DATA</level>
  <class>com.kms.katalon.core.logging.XmlKeywordLogger</class>
  <method>logMessage</method>
  <thread>1</thread>
  <message>proxyInformation = ProxyInformation { proxyOption=NO_PROXY, proxyServerType=HTTP, username=, password=********, proxyServerAddress=, proxyServerPort=0, executionList=&amp;quot;&amp;quot;, isApplyToDesiredCapabilities=true }</message>
  <nestedLevel>1</nestedLevel>
  <escapedJava>false</escapedJava>
  <property name="proxyInformation">ProxyInformation { proxyOption=NO_PROXY, proxyServerType=HTTP, username=, password=********, proxyServerAddress=, proxyServerPort=0, executionList=&quot;&quot;, isApplyToDesiredCapabilities=true }</property>
</record>
<record>
  <date>2026-09-15T06:25:53.858887200Z</date>
  <millis>1789453553858</millis>
  <nanos>887200</nanos>
  <sequence>507</sequence>
  <level>PASSED</level>
  <class>com.kms.katalon.core.logging.XmlKeywordLogger</class>
  <method>logMessage</method>
  <thread>1</thread>
  <message>Browser is opened with url: &amp;apos;&amp;apos;</message>
  <nestedLevel>1</nestedLevel>
  <escapedJava>false</escapedJava>
  <property name="testops-method-name">com.kms.katalon.core.webui.keyword.builtin.OpenBrowserKeyword.openBrowser</property>
  <property name="testops-execution-stacktrace"></property>
</record>
<record>
  <date>2026-09-15T06:25:53.859894700Z</date>
  <millis>1789453553859</millis>
  <nanos>894700</nanos>
  <sequence>508</sequence>
  <level>END</level>
  <class>com.kms.katalon.core.logging.XmlKeywordLogger</class>
  <method>endKeyword</method>
  <thread>1</thread>
  <message>End action : openBrowser(&amp;quot;&amp;quot;)</message>
  <nestedLevel>1</nestedLevel>
  <escapedJava>false</escapedJava>
</record>
<record>
  <date>2026-09-15T06:25:53.859894700Z</date>
  <millis>1789453553859</millis>
  <nanos>894700</nanos>
  <sequence>509</sequence>
  <level>START</level>
  <class>com.kms.katalon.core.logging.XmlKeywordLogger</class>
  <method>startKeyword</method>
  <thread>1</thread>
  <message>Start action : maximizeWindow()</message>
  <nestedLevel>1</nestedLevel>
  <escapedJava>false</escapedJava>
  <property name="startLine">21</property>
  <property name="stepIndex">2</property>
</record>
<record>
  <date>2026-09-15T06:25:53.896750500Z</date>
  <millis>1789453553896</millis>
  <nanos>750500</nanos>
  <sequence>512</sequence>
  <level>PASSED</level>
  <class>com.kms.katalon.core.logging.XmlKeywordLogger</class>
  <method>logMessage</method>
  <thread>1</thread>
  <message>Current window maximized</message>
  <nestedLevel>1</nestedLevel>
  <escapedJava>false</escapedJava>
  <property name="testops-method-name">com.kms.katalon.core.webui.keyword.builtin.MaximizeWindowKeyword.maximizeWindow</property>
  <property name="testops-execution-stacktrace"></property>
</record>
<record>
  <date>2026-09-15T06:25:53.897757900Z</date>
  <millis>1789453553897</millis>
  <nanos>757900</nanos>
  <sequence>513</sequence>
  <level>END</level>
  <class>com.kms.katalon.core.logging.XmlKeywordLogger</class>
  <method>endKeyword</method>
  <thread>1</thread>
  <message>End action : maximizeWindow()</message>
  <nestedLevel>1</nestedLevel>
  <escapedJava>false</escapedJava>
</record>
<record>
  <date>2026-09-15T06:25:53.898773Z</date>
  <millis>1789453553898</millis>
  <nanos>773000</nanos>
  <sequence>514</sequence>
  <level>START</level>
  <class>com.kms.katalon.core.logging.XmlKeywordLogger</class>
  <method>startKeyword</method>
  <thread>1</thread>
  <message>Start action : navigateToUrl(appUrl)</message>
  <nestedLevel>1</nestedLevel>
  <escapedJava>false</escapedJava>
  <property name="startLine">22</property>
  <property name="stepIndex">3</property>
</record>
<record>
  <date>2026-09-15T06:25:55.568734Z</date>
  <millis>1789453555568</millis>
  <nanos>734000</nanos>
  <sequence>518</sequence>
  <level>PASSED</level>
  <class>com.kms.katalon.core.logging.XmlKeywordLogger</class>
  <method>logMessage</method>
  <thread>1</thread>
  <message>Navigate to &amp;apos;https://sahibnkmitraqc.banksekure.com/EKYCWeb/&amp;apos; successfully</message>
  <nestedLevel>1</nestedLevel>
  <escapedJava>false</escapedJava>
  <property name="testops-method-name">com.kms.katalon.core.webui.keyword.builtin.NavigateToUrlKeyword.navigateToUrl</property>
  <property name="testops-execution-stacktrace"></property>
</record>
<record>
  <date>2026-09-15T06:25:55.570130700Z</date>
  <millis>1789453555570</millis>
  <nanos>130700</nanos>
  <sequence>519</sequence>
  <level>END</level>
  <class>com.kms.katalon.core.logging.XmlKeywordLogger</class>
  <method>endKeyword</method>
  <thread>1</thread>
  <message>End action : navigateToUrl(appUrl)</message>
  <nestedLevel>1</nestedLevel>
  <escapedJava>false</escapedJava>
</record>
<record>
  <date>2026-09-15T06:25:55.571246400Z</date>
  <millis>1789453555571</millis>
  <nanos>246400</nanos>
  <sequence>520</sequence>
  <level>START</level>
  <class>com.kms.katalon.core.logging.XmlKeywordLogger</class>
  <method>startKeyword</method>
  <thread>1</thread>
  <message>Start action : setText(findTestObject(&amp;quot;invaliduseridandvalidpassword/Page_Agent Management System/input_Enter User Name&amp;quot;), userid)</message>
  <nestedLevel>1</nestedLevel>
  <escapedJava>false</escapedJava>
  <property name="startLine">24</property>
  <property name="stepIndex">4</property>
</record>
<record>
  <date>2026-09-15T06:25:56.135648200Z</date>
  <millis>1789453556135</millis>
  <nanos>648200</nanos>
  <sequence>534</sequence>
  <level>PASSED</level>
  <class>com.kms.katalon.core.logging.XmlKeywordLogger</class>
  <method>logMessage</method>
  <thread>1</thread>
  <message>Text &amp;apos;Testing&amp;apos; is set on object &amp;apos;Object Repository/invaliduseridandvalidpassword/Page_Agent Management System/input_Enter User Name&amp;apos;</message>
  <nestedLevel>1</nestedLevel>
  <escapedJava>false</escapedJava>
  <property name="testops-method-name">com.kms.katalon.core.webui.keyword.internal.WebUIKeywordMain.runKeywordUntilTimeout</property>
  <property name="testops-execution-stacktrace">com.kms.katalon.core.logging.KeywordLogger.logPassed(KeywordLogger.java:351)
com.kms.katalon.core.logging.KeywordLogger.logPassed(KeywordLogger.java:346)
com.kms.katalon.core.webui.keyword.builtin.SetTextKeyword$_setText_closure1.doCall(SetTextKeyword.groovy:99)
java.base/jdk.internal.reflect.DirectMethodHandleAccessor.invoke(DirectMethodHandleAccessor.java:103)
jdk.proxy2/jdk.proxy2.$Proxy60.execute(Unknown Source)
com.kms.katalon.core.webui.model.SeleniumActionRetryController.performAction(SeleniumActionRetryController.java:96)
com.kms.katalon.core.webui.model.SeleniumActionRetryController.performAction(SeleniumActionRetryController.java:83)
com.kms.katalon.core.webui.keyword.internal.WebUIKeywordMain$_runKeywordUntilTimeout_closure1.doCall(WebUIKeywordMain.groovy:135)
com.kms.katalon.core.webui.keyword.internal.WebUIKeywordMain$_runKeywordUntilTimeout_closure1.call(WebUIKeywordMain.groovy)
com.kms.katalon.core.webui.keyword.internal.WebUIKeywordMain.runKeyword(WebUIKeywordMain.groovy:41)
com.kms.katalon.core.webui.keyword.internal.WebUIKeywordMain.runKeywordUntilTimeout(WebUIKeywordMain.groovy:133)
com.kms.katalon.core.webui.keyword.builtin.SetTextKeyword.setText(SetTextKeyword.groovy:106)
com.kms.katalon.core.webui.keyword.builtin.SetTextKeyword.execute(SetTextKeyword.groovy:49)
com.kms.katalon.core.keyword.internal.KeywordExecutor.executeKeywordForPlatform(KeywordExecutor.groovy:104)
com.kms.katalon.core.webui.keyword.WebUiBuiltInKeywords.setText(WebUiBuiltInKeywords.groovy:1082)
IL_InvalidUsername_ValidPassword_TC_105.run(IL_InvalidUsername_ValidPassword_TC_105:24)
</property>
</record>
<record>
  <date>2026-09-15T06:25:56.137083100Z</date>
  <millis>1789453556137</millis>
  <nanos>83100</nanos>
  <sequence>535</sequence>
  <level>END</level>
  <class>com.kms.katalon.core.logging.XmlKeywordLogger</class>
  <method>endKeyword</method>
  <thread>1</thread>
  <message>End action : setText(findTestObject(&amp;quot;invaliduseridandvalidpassword/Page_Agent Management System/input_Enter User Name&amp;quot;), userid)</message>
  <nestedLevel>1</nestedLevel>
  <escapedJava>false</escapedJava>
</record>
<record>
  <date>2026-09-15T06:25:56.137083100Z</date>
  <millis>1789453556137</millis>
  <nanos>83100</nanos>
  <sequence>536</sequence>
  <level>START</level>
  <class>com.kms.katalon.core.logging.XmlKeywordLogger</class>
  <method>startKeyword</method>
  <thread>1</thread>
  <message>Start action : setEncryptedText(findTestObject(&amp;quot;invaliduseridandvalidpassword/Page_Agent Management System/input_Enter Password&amp;quot;), password)</message>
  <nestedLevel>1</nestedLevel>
  <escapedJava>false</escapedJava>
  <property name="startLine">26</property>
  <property name="stepIndex">5</property>
</record>
<record>
  <date>2026-09-15T06:25:56.432618Z</date>
  <millis>1789453556432</millis>
  <nanos>618000</nanos>
  <sequence>549</sequence>
  <level>PASSED</level>
  <class>com.kms.katalon.core.logging.XmlKeywordLogger</class>
  <method>logMessage</method>
  <thread>1</thread>
  <message>Text ****** has been set on object &amp;apos;Object Repository/invaliduseridandvalidpassword/Page_Agent Management System/input_Enter Password&amp;apos;</message>
  <nestedLevel>1</nestedLevel>
  <escapedJava>false</escapedJava>
  <property name="testops-method-name">com.kms.katalon.core.webui.keyword.internal.WebUIKeywordMain.runKeywordUntilTimeout</property>
  <property name="testops-execution-stacktrace">com.kms.katalon.core.logging.KeywordLogger.logPassed(KeywordLogger.java:351)
com.kms.katalon.core.logging.KeywordLogger.logPassed(KeywordLogger.java:346)
com.kms.katalon.core.webui.keyword.builtin.SetEncryptedTextKeyword$_setEncryptedText_closure1.doCall(SetEncryptedTextKeyword.groovy:82)
java.base/jdk.internal.reflect.DirectMethodHandleAccessor.invoke(DirectMethodHandleAccessor.java:103)
jdk.proxy2/jdk.proxy2.$Proxy60.execute(Unknown Source)
com.kms.katalon.core.webui.model.SeleniumActionRetryController.performAction(SeleniumActionRetryController.java:96)
com.kms.katalon.core.webui.model.SeleniumActionRetryController.performAction(SeleniumActionRetryController.java:83)
com.kms.katalon.core.webui.keyword.internal.WebUIKeywordMain$_runKeywordUntilTimeout_closure1.doCall(WebUIKeywordMain.groovy:135)
com.kms.katalon.core.webui.keyword.internal.WebUIKeywordMain$_runKeywordUntilTimeout_closure1.call(WebUIKeywordMain.groovy)
com.kms.katalon.core.webui.keyword.internal.WebUIKeywordMain.runKeyword(WebUIKeywordMain.groovy:41)
com.kms.katalon.core.webui.keyword.internal.WebUIKeywordMain.runKeywordUntilTimeout(WebUIKeywordMain.groovy:133)
com.kms.katalon.core.webui.keyword.builtin.SetEncryptedTextKeyword.setEncryptedText(SetEncryptedTextKeyword.groovy:88)
com.kms.katalon.core.webui.keyword.builtin.SetEncryptedTextKeyword.execute(SetEncryptedTextKeyword.groovy:48)
com.kms.katalon.core.keyword.internal.KeywordExecutor.executeKeywordForPlatform(KeywordExecutor.groovy:104)
com.kms.katalon.core.webui.keyword.WebUiBuiltInKeywords.setEncryptedText(WebUiBuiltInKeywords.groovy:1113)
IL_InvalidUsername_ValidPassword_TC_105.run(IL_InvalidUsername_ValidPassword_TC_105:26)
</property>
</record>
<record>
  <date>2026-09-15T06:25:56.433601800Z</date>
  <millis>1789453556433</millis>
  <nanos>601800</nanos>
  <sequence>550</sequence>
  <level>END</level>
  <class>com.kms.katalon.core.logging.XmlKeywordLogger</class>
  <method>endKeyword</method>
  <thread>1</thread>
  <message>End action : setEncryptedText(findTestObject(&amp;quot;invaliduseridandvalidpassword/Page_Agent Management System/input_Enter Password&amp;quot;), password)</message>
  <nestedLevel>1</nestedLevel>
  <escapedJava>false</escapedJava>
</record>
<record>
  <date>2026-09-15T06:25:56.433601800Z</date>
  <millis>1789453556433</millis>
  <nanos>601800</nanos>
  <sequence>551</sequence>
  <level>START</level>
  <class>com.kms.katalon.core.logging.XmlKeywordLogger</class>
  <method>startKeyword</method>
  <thread>1</thread>
  <message>Start action : setText(findTestObject(&amp;quot;invaliduseridandvalidpassword/Page_Agent Management System/input_Enter Captcha&amp;quot;), captcha)</message>
  <nestedLevel>1</nestedLevel>
  <escapedJava>false</escapedJava>
  <property name="startLine">29</property>
  <property name="stepIndex">6</property>
</record>
<record>
  <date>2026-09-15T06:25:56.986945300Z</date>
  <millis>1789453556986</millis>
  <nanos>945300</nanos>
  <sequence>565</sequence>
  <level>PASSED</level>
  <class>com.kms.katalon.core.logging.XmlKeywordLogger</class>
  <method>logMessage</method>
  <thread>1</thread>
  <message>Text &amp;apos;i6Lvk8&amp;apos; is set on object &amp;apos;Object Repository/invaliduseridandvalidpassword/Page_Agent Management System/input_Enter Captcha&amp;apos;</message>
  <nestedLevel>1</nestedLevel>
  <escapedJava>false</escapedJava>
  <property name="testops-method-name">com.kms.katalon.core.webui.keyword.internal.WebUIKeywordMain.runKeywordUntilTimeout</property>
  <property name="testops-execution-stacktrace">com.kms.katalon.core.logging.KeywordLogger.logPassed(KeywordLogger.java:351)
com.kms.katalon.core.logging.KeywordLogger.logPassed(KeywordLogger.java:346)
com.kms.katalon.core.webui.keyword.builtin.SetTextKeyword$_setText_closure1.doCall(SetTextKeyword.groovy:99)
java.base/jdk.internal.reflect.DirectMethodHandleAccessor.invoke(DirectMethodHandleAccessor.java:103)
jdk.proxy2/jdk.proxy2.$Proxy60.execute(Unknown Source)
com.kms.katalon.core.webui.model.SeleniumActionRetryController.performAction(SeleniumActionRetryController.java:96)
com.kms.katalon.core.webui.model.SeleniumActionRetryController.performAction(SeleniumActionRetryController.java:83)
com.kms.katalon.core.webui.keyword.internal.WebUIKeywordMain$_runKeywordUntilTimeout_closure1.doCall(WebUIKeywordMain.groovy:135)
com.kms.katalon.core.webui.keyword.internal.WebUIKeywordMain$_runKeywordUntilTimeout_closure1.call(WebUIKeywordMain.groovy)
com.kms.katalon.core.webui.keyword.internal.WebUIKeywordMain.runKeyword(WebUIKeywordMain.groovy:41)
com.kms.katalon.core.webui.keyword.internal.WebUIKeywordMain.runKeywordUntilTimeout(WebUIKeywordMain.groovy:133)
com.kms.katalon.core.webui.keyword.builtin.SetTextKeyword.setText(SetTextKeyword.groovy:106)
com.kms.katalon.core.webui.keyword.builtin.SetTextKeyword.execute(SetTextKeyword.groovy:49)
com.kms.katalon.core.keyword.internal.KeywordExecutor.executeKeywordForPlatform(KeywordExecutor.groovy:104)
com.kms.katalon.core.webui.keyword.WebUiBuiltInKeywords.setText(WebUiBuiltInKeywords.groovy:1082)
IL_InvalidUsername_ValidPassword_TC_105.run(IL_InvalidUsername_ValidPassword_TC_105:29)
</property>
</record>
<record>
  <date>2026-09-15T06:25:56.988277700Z</date>
  <millis>1789453556988</millis>
  <nanos>277700</nanos>
  <sequence>566</sequence>
  <level>END</level>
  <class>com.kms.katalon.core.logging.XmlKeywordLogger</class>
  <method>endKeyword</method>
  <thread>1</thread>
  <message>End action : setText(findTestObject(&amp;quot;invaliduseridandvalidpassword/Page_Agent Management System/input_Enter Captcha&amp;quot;), captcha)</message>
  <nestedLevel>1</nestedLevel>
  <escapedJava>false</escapedJava>
</record>
<record>
  <date>2026-09-15T06:25:56.988277700Z</date>
  <millis>1789453556988</millis>
  <nanos>277700</nanos>
  <sequence>567</sequence>
  <level>START</level>
  <class>com.kms.katalon.core.logging.XmlKeywordLogger</class>
  <method>startKeyword</method>
  <thread>1</thread>
  <message>Start action : click(findTestObject(&amp;quot;invaliduseridandvalidpassword/Page_Agent Management System/input_submit&amp;quot;))</message>
  <nestedLevel>1</nestedLevel>
  <escapedJava>false</escapedJava>
  <property name="startLine">31</property>
  <property name="stepIndex">7</property>
</record>
<record>
  <date>2026-09-15T06:25:57.744160500Z</date>
  <millis>1789453557744</millis>
  <nanos>160500</nanos>
  <sequence>578</sequence>
  <level>PASSED</level>
  <class>com.kms.katalon.core.logging.XmlKeywordLogger</class>
  <method>logMessage</method>
  <thread>1</thread>
  <message>Object: &amp;apos;Object Repository/invaliduseridandvalidpassword/Page_Agent Management System/input_submit&amp;apos; is clicked on</message>
  <nestedLevel>1</nestedLevel>
  <escapedJava>false</escapedJava>
  <property name="testops-method-name">com.kms.katalon.core.webui.keyword.internal.WebUIKeywordMain.runKeywordUntilTimeout</property>
  <property name="testops-execution-stacktrace">com.kms.katalon.core.logging.KeywordLogger.logPassed(KeywordLogger.java:351)
com.kms.katalon.core.logging.KeywordLogger.logPassed(KeywordLogger.java:346)
com.kms.katalon.core.webui.keyword.builtin.ClickKeyword$_click_closure1.doCall(ClickKeyword.groovy:66)
java.base/jdk.internal.reflect.DirectMethodHandleAccessor.invoke(DirectMethodHandleAccessor.java:103)
jdk.proxy2/jdk.proxy2.$Proxy60.execute(Unknown Source)
com.kms.katalon.core.webui.model.SeleniumActionRetryController.performAction(SeleniumActionRetryController.java:96)
com.kms.katalon.core.webui.model.SeleniumActionRetryController.performAction(SeleniumActionRetryController.java:83)
com.kms.katalon.core.webui.keyword.internal.WebUIKeywordMain$_runKeywordUntilTimeout_closure1.doCall(WebUIKeywordMain.groovy:135)
com.kms.katalon.core.webui.keyword.internal.WebUIKeywordMain$_runKeywordUntilTimeout_closure1.call(WebUIKeywordMain.groovy)
com.kms.katalon.core.webui.keyword.internal.WebUIKeywordMain.runKeyword(WebUIKeywordMain.groovy:41)
com.kms.katalon.core.webui.keyword.internal.WebUIKeywordMain.runKeywordUntilTimeout(WebUIKeywordMain.groovy:133)
com.kms.katalon.core.webui.keyword.builtin.ClickKeyword.click(ClickKeyword.groovy:72)
com.kms.katalon.core.webui.keyword.builtin.ClickKeyword.execute(ClickKeyword.groovy:38)
com.kms.katalon.core.keyword.internal.KeywordExecutor.executeKeywordForPlatform(KeywordExecutor.groovy:104)
com.kms.katalon.core.webui.keyword.WebUiBuiltInKeywords.click(WebUiBuiltInKeywords.groovy:722)
IL_InvalidUsername_ValidPassword_TC_105.run(IL_InvalidUsername_ValidPassword_TC_105:31)
</property>
</record>
<record>
  <date>2026-09-15T06:25:57.746162600Z</date>
  <millis>1789453557746</millis>
  <nanos>162600</nanos>
  <sequence>579</sequence>
  <level>END</level>
  <class>com.kms.katalon.core.logging.XmlKeywordLogger</class>
  <method>endKeyword</method>
  <thread>1</thread>
  <message>End action : click(findTestObject(&amp;quot;invaliduseridandvalidpassword/Page_Agent Management System/input_submit&amp;quot;))</message>
  <nestedLevel>1</nestedLevel>
  <escapedJava>false</escapedJava>
</record>
<record>
  <date>2026-09-15T06:25:57.746162600Z</date>
  <millis>1789453557746</millis>
  <nanos>162600</nanos>
  <sequence>580</sequence>
  <level>START</level>
  <class>com.kms.katalon.core.logging.XmlKeywordLogger</class>
  <method>startKeyword</method>
  <thread>1</thread>
  <message>Start action : waitForElementVisible(findTestObject(&amp;quot;invalidloginrepository/Page_Agent Management System/p_lblMessage&amp;quot;), 5)</message>
  <nestedLevel>1</nestedLevel>
  <escapedJava>false</escapedJava>
  <property name="startLine">33</property>
  <property name="stepIndex">8</property>
</record>
<record>
  <date>2026-09-15T06:25:58.301995600Z</date>
  <millis>1789453558301</millis>
  <nanos>995600</nanos>
  <sequence>587</sequence>
  <level>PASSED</level>
  <class>com.kms.katalon.core.logging.XmlKeywordLogger</class>
  <method>logMessage</method>
  <thread>1</thread>
  <message>Object &amp;apos;Object Repository/invalidloginrepository/Page_Agent Management System/p_lblMessage&amp;apos; is visible</message>
  <nestedLevel>1</nestedLevel>
  <escapedJava>false</escapedJava>
  <property name="testops-method-name">com.kms.katalon.core.webui.keyword.internal.WebUIKeywordMain.runKeywordUntilTimeout</property>
  <property name="testops-execution-stacktrace">com.kms.katalon.core.logging.KeywordLogger.logPassed(KeywordLogger.java:351)
com.kms.katalon.core.logging.KeywordLogger.logPassed(KeywordLogger.java:346)
com.kms.katalon.core.logging.KeywordLogger$logPassed$0.call(Unknown Source)
com.kms.katalon.core.webui.keyword.builtin.WaitForElementVisibleKeyword$_waitForElementVisible_closure1.doCall(WaitForElementVisibleKeyword.groovy:86)
java.base/jdk.internal.reflect.DirectMethodHandleAccessor.invoke(DirectMethodHandleAccessor.java:103)
jdk.proxy2/jdk.proxy2.$Proxy60.execute(Unknown Source)
com.kms.katalon.core.webui.model.SeleniumActionRetryController.performAction(SeleniumActionRetryController.java:96)
com.kms.katalon.core.webui.model.SeleniumActionRetryController.performAction(SeleniumActionRetryController.java:83)
com.kms.katalon.core.webui.keyword.internal.WebUIKeywordMain$_runKeywordUntilTimeout_closure2.doCall(WebUIKeywordMain.groovy:155)
com.kms.katalon.core.webui.keyword.internal.WebUIKeywordMain$_runKeywordUntilTimeout_closure2.call(WebUIKeywordMain.groovy)
com.kms.katalon.core.webui.keyword.internal.WebUIKeywordMain.runKeyword(WebUIKeywordMain.groovy:41)
com.kms.katalon.core.webui.keyword.internal.WebUIKeywordMain.runKeywordUntilTimeout(WebUIKeywordMain.groovy:152)
com.kms.katalon.core.webui.keyword.internal.WebUIKeywordMain$runKeywordUntilTimeout.call(Unknown Source)
com.kms.katalon.core.webui.keyword.builtin.WaitForElementVisibleKeyword.waitForElementVisible(WaitForElementVisibleKeyword.groovy:101)
com.kms.katalon.core.webui.keyword.builtin.WaitForElementVisibleKeyword.execute(WaitForElementVisibleKeyword.groovy:69)
com.kms.katalon.core.keyword.internal.KeywordExecutor.executeKeywordForPlatform(KeywordExecutor.groovy:104)
com.kms.katalon.core.webui.keyword.WebUiBuiltInKeywords.waitForElementVisible(WebUiBuiltInKeywords.groovy:515)
IL_InvalidUsername_ValidPassword_TC_105.run(IL_InvalidUsername_ValidPassword_TC_105:33)
</property>
</record>
<record>
  <date>2026-09-15T06:25:58.302995600Z</date>
  <millis>1789453558302</millis>
  <nanos>995600</nanos>
  <sequence>588</sequence>
  <level>END</level>
  <class>com.kms.katalon.core.logging.XmlKeywordLogger</class>
  <method>endKeyword</method>
  <thread>1</thread>
  <message>End action : waitForElementVisible(findTestObject(&amp;quot;invalidloginrepository/Page_Agent Management System/p_lblMessage&amp;quot;), 5)</message>
  <nestedLevel>1</nestedLevel>
  <escapedJava>false</escapedJava>
</record>
<record>
  <date>2026-09-15T06:25:58.302995600Z</date>
  <millis>1789453558302</millis>
  <nanos>995600</nanos>
  <sequence>589</sequence>
  <level>START</level>
  <class>com.kms.katalon.core.logging.XmlKeywordLogger</class>
  <method>startKeyword</method>
  <thread>1</thread>
  <message>Start action : message = getText(findTestObject(&amp;quot;invalidloginrepository/Page_Agent Management System/p_lblMessage&amp;quot;))</message>
  <nestedLevel>1</nestedLevel>
  <escapedJava>false</escapedJava>
  <property name="startLine">35</property>
  <property name="stepIndex">9</property>
</record>
<record>
  <date>2026-09-15T06:25:58.539853500Z</date>
  <millis>1789453558539</millis>
  <nanos>853500</nanos>
  <sequence>599</sequence>
  <level>PASSED</level>
  <class>com.kms.katalon.core.logging.XmlKeywordLogger</class>
  <method>logMessage</method>
  <thread>1</thread>
  <message>Text of object &amp;apos;Object Repository/invalidloginrepository/Page_Agent Management System/p_lblMessage&amp;apos; is: &amp;apos;Invalid Credentials&amp;apos;</message>
  <nestedLevel>1</nestedLevel>
  <escapedJava>false</escapedJava>
  <property name="testops-method-name">com.kms.katalon.core.webui.keyword.internal.WebUIKeywordMain.runKeywordUntilTimeout</property>
  <property name="testops-execution-stacktrace">com.kms.katalon.core.logging.KeywordLogger.logPassed(KeywordLogger.java:351)
com.kms.katalon.core.logging.KeywordLogger.logPassed(KeywordLogger.java:346)
com.kms.katalon.core.webui.keyword.builtin.GetTextKeyword$_getText_closure1.doCall(GetTextKeyword.groovy:85)
java.base/jdk.internal.reflect.DirectMethodHandleAccessor.invoke(DirectMethodHandleAccessor.java:103)
jdk.proxy2/jdk.proxy2.$Proxy60.execute(Unknown Source)
com.kms.katalon.core.webui.model.SeleniumActionRetryController.performAction(SeleniumActionRetryController.java:96)
com.kms.katalon.core.webui.model.SeleniumActionRetryController.performAction(SeleniumActionRetryController.java:83)
com.kms.katalon.core.webui.keyword.internal.WebUIKeywordMain$_runKeywordUntilTimeout_closure1.doCall(WebUIKeywordMain.groovy:135)
com.kms.katalon.core.webui.keyword.internal.WebUIKeywordMain$_runKeywordUntilTimeout_closure1.call(WebUIKeywordMain.groovy)
com.kms.katalon.core.webui.keyword.internal.WebUIKeywordMain.runKeyword(WebUIKeywordMain.groovy:41)
com.kms.katalon.core.webui.keyword.internal.WebUIKeywordMain.runKeywordUntilTimeout(WebUIKeywordMain.groovy:133)
com.kms.katalon.core.webui.keyword.builtin.GetTextKeyword.getText(GetTextKeyword.groovy:92)
com.kms.katalon.core.webui.keyword.builtin.GetTextKeyword.execute(GetTextKeyword.groovy:67)
com.kms.katalon.core.keyword.internal.KeywordExecutor.executeKeywordForPlatform(KeywordExecutor.groovy:104)
com.kms.katalon.core.webui.keyword.WebUiBuiltInKeywords.getText(WebUiBuiltInKeywords.groovy:1020)
IL_InvalidUsername_ValidPassword_TC_105.run(IL_InvalidUsername_ValidPassword_TC_105:35)
</property>
</record>
<record>
  <date>2026-09-15T06:25:58.541855100Z</date>
  <millis>1789453558541</millis>
  <nanos>855100</nanos>
  <sequence>600</sequence>
  <level>END</level>
  <class>com.kms.katalon.core.logging.XmlKeywordLogger</class>
  <method>endKeyword</method>
  <thread>1</thread>
  <message>End action : message = getText(findTestObject(&amp;quot;invalidloginrepository/Page_Agent Management System/p_lblMessage&amp;quot;))</message>
  <nestedLevel>1</nestedLevel>
  <escapedJava>false</escapedJava>
</record>
<record>
  <date>2026-09-15T06:25:58.541855100Z</date>
  <millis>1789453558541</millis>
  <nanos>855100</nanos>
  <sequence>601</sequence>
  <level>START</level>
  <class>com.kms.katalon.core.logging.XmlKeywordLogger</class>
  <method>startKeyword</method>
  <thread>1</thread>
  <message>Start action : comment(&amp;quot;Validation Message: &amp;quot; + message)</message>
  <nestedLevel>1</nestedLevel>
  <escapedJava>false</escapedJava>
  <property name="startLine">37</property>
  <property name="stepIndex">10</property>
</record>
<record>
  <date>2026-09-15T06:25:58.543258800Z</date>
  <millis>1789453558543</millis>
  <nanos>258800</nanos>
  <sequence>603</sequence>
  <level>INFO</level>
  <class>com.kms.katalon.core.logging.XmlKeywordLogger</class>
  <method>logMessage</method>
  <thread>1</thread>
  <message>Validation Message: Invalid Credentials</message>
  <nestedLevel>1</nestedLevel>
  <escapedJava>false</escapedJava>
</record>
<record>
  <date>2026-09-15T06:25:58.543258800Z</date>
  <millis>1789453558543</millis>
  <nanos>258800</nanos>
  <sequence>604</sequence>
  <level>END</level>
  <class>com.kms.katalon.core.logging.XmlKeywordLogger</class>
  <method>endKeyword</method>
  <thread>1</thread>
  <message>End action : comment(&amp;quot;Validation Message: &amp;quot; + message)</message>
  <nestedLevel>1</nestedLevel>
  <escapedJava>false</escapedJava>
</record>
<record>
  <date>2026-09-15T06:25:58.543258800Z</date>
  <millis>1789453558543</millis>
  <nanos>258800</nanos>
  <sequence>605</sequence>
  <level>START</level>
  <class>com.kms.katalon.core.logging.XmlKeywordLogger</class>
  <method>startKeyword</method>
  <thread>1</thread>
  <message>Start action : closeBrowser()</message>
  <nestedLevel>1</nestedLevel>
  <escapedJava>false</escapedJava>
  <property name="startLine">39</property>
  <property name="stepIndex">11</property>
</record>
<record>
  <date>2026-09-15T06:25:58.685002200Z</date>
  <millis>1789453558685</millis>
  <nanos>2200</nanos>
  <sequence>608</sequence>
  <level>PASSED</level>
  <class>com.kms.katalon.core.logging.XmlKeywordLogger</class>
  <method>logMessage</method>
  <thread>1</thread>
  <message>Browser is closed</message>
  <nestedLevel>1</nestedLevel>
  <escapedJava>false</escapedJava>
  <property name="testops-method-name">com.kms.katalon.core.webui.keyword.builtin.CloseBrowserKeyword.closeBrowser</property>
  <property name="testops-execution-stacktrace"></property>
</record>
<record>
  <date>2026-09-15T06:25:58.686017Z</date>
  <millis>1789453558686</millis>
  <nanos>17000</nanos>
  <sequence>609</sequence>
  <level>END</level>
  <class>com.kms.katalon.core.logging.XmlKeywordLogger</class>
  <method>endKeyword</method>
  <thread>1</thread>
  <message>End action : closeBrowser()</message>
  <nestedLevel>1</nestedLevel>
  <escapedJava>false</escapedJava>
</record>
<record>
  <date>2026-09-15T06:25:58.686017Z</date>
  <millis>1789453558686</millis>
  <nanos>17000</nanos>
  <sequence>610</sequence>
  <level>PASSED</level>
  <class>com.kms.katalon.core.logging.XmlKeywordLogger</class>
  <method>logMessage</method>
  <thread>1</thread>
  <message>Test Cases/Common_Test_case/Login/InvalidLogin/IL_InvalidUsername_ValidPassword_TC_105</message>
  <nestedLevel>1</nestedLevel>
  <escapedJava>false</escapedJava>
</record>
<record>
  <date>2026-09-15T06:25:58.686017Z</date>
  <millis>1789453558686</millis>
  <nanos>17000</nanos>
  <sequence>611</sequence>
  <level>START</level>
  <class>com.kms.katalon.core.logging.XmlKeywordLogger</class>
  <method>startKeyword</method>
  <thread>1</thread>
  <message>Start listener action : afterTestCase</message>
  <nestedLevel>1</nestedLevel>
  <escapedJava>false</escapedJava>
</record>
<record>
  <date>2026-09-15T06:25:58.686017Z</date>
  <millis>1789453558686</millis>
  <nanos>17000</nanos>
  <sequence>613</sequence>
  <level>START</level>
  <class>com.kms.katalon.core.logging.XmlKeywordLogger</class>
  <method>startKeyword</method>
  <thread>1</thread>
  <message>Start action : if (test == null)</message>
  <nestedLevel>1</nestedLevel>
  <escapedJava>false</escapedJava>
  <property name="startLine">51</property>
  <property name="stepIndex">1</property>
</record>
<record>
  <date>2026-09-15T06:25:58.686017Z</date>
  <millis>1789453558686</millis>
  <nanos>17000</nanos>
  <sequence>614</sequence>
  <level>END</level>
  <class>com.kms.katalon.core.logging.XmlKeywordLogger</class>
  <method>endKeyword</method>
  <thread>1</thread>
  <message>End action : if (test == null)</message>
  <nestedLevel>1</nestedLevel>
  <escapedJava>false</escapedJava>
</record>
<record>
  <date>2026-09-15T06:25:58.686017Z</date>
  <millis>1789453558686</millis>
  <nanos>17000</nanos>
  <sequence>615</sequence>
  <level>START</level>
  <class>com.kms.katalon.core.logging.XmlKeywordLogger</class>
  <method>startKeyword</method>
  <thread>1</thread>
  <message>Start action : status = testCaseContext.getTestCaseStatus()</message>
  <nestedLevel>1</nestedLevel>
  <escapedJava>false</escapedJava>
  <property name="startLine">57</property>
  <property name="stepIndex">2</property>
</record>
<record>
  <date>2026-09-15T06:25:58.686017Z</date>
  <millis>1789453558686</millis>
  <nanos>17000</nanos>
  <sequence>616</sequence>
  <level>END</level>
  <class>com.kms.katalon.core.logging.XmlKeywordLogger</class>
  <method>endKeyword</method>
  <thread>1</thread>
  <message>End action : status = testCaseContext.getTestCaseStatus()</message>
  <nestedLevel>1</nestedLevel>
  <escapedJava>false</escapedJava>
</record>
<record>
  <date>2026-09-15T06:25:58.686017Z</date>
  <millis>1789453558686</millis>
  <nanos>17000</nanos>
  <sequence>617</sequence>
  <level>START</level>
  <class>com.kms.katalon.core.logging.XmlKeywordLogger</class>
  <method>startKeyword</method>
  <thread>1</thread>
  <message>Start action : if (status == &amp;quot;PASSED&amp;quot;)</message>
  <nestedLevel>1</nestedLevel>
  <escapedJava>false</escapedJava>
  <property name="startLine">60</property>
  <property name="stepIndex">3</property>
</record>
<record>
  <date>2026-09-15T06:25:58.686017Z</date>
  <millis>1789453558686</millis>
  <nanos>17000</nanos>
  <sequence>618</sequence>
  <level>START</level>
  <class>com.kms.katalon.core.logging.XmlKeywordLogger</class>
  <method>startKeyword</method>
  <thread>1</thread>
  <message>Start action : test.pass(&amp;quot;Test Case PASSED&amp;quot;)</message>
  <nestedLevel>2</nestedLevel>
  <escapedJava>false</escapedJava>
  <property name="startLine">62</property>
  <property name="stepIndex">1</property>
</record>
<record>
  <date>2026-09-15T06:25:58.687002800Z</date>
  <millis>1789453558687</millis>
  <nanos>2800</nanos>
  <sequence>619</sequence>
  <level>END</level>
  <class>com.kms.katalon.core.logging.XmlKeywordLogger</class>
  <method>endKeyword</method>
  <thread>1</thread>
  <message>End action : test.pass(&amp;quot;Test Case PASSED&amp;quot;)</message>
  <nestedLevel>2</nestedLevel>
  <escapedJava>false</escapedJava>
</record>
<record>
  <date>2026-09-15T06:25:58.687002800Z</date>
  <millis>1789453558687</millis>
  <nanos>2800</nanos>
  <sequence>620</sequence>
  <level>END</level>
  <class>com.kms.katalon.core.logging.XmlKeywordLogger</class>
  <method>endKeyword</method>
  <thread>1</thread>
  <message>End action : if (status == &amp;quot;PASSED&amp;quot;)</message>
  <nestedLevel>1</nestedLevel>
  <escapedJava>false</escapedJava>
</record>
<record>
  <date>2026-09-15T06:25:58.687002800Z</date>
  <millis>1789453558687</millis>
  <nanos>2800</nanos>
  <sequence>621</sequence>
  <level>START</level>
  <class>com.kms.katalon.core.logging.XmlKeywordLogger</class>
  <method>startKeyword</method>
  <thread>1</thread>
  <message>Start action : println(&amp;quot;Test Status : &amp;quot; + status)</message>
  <nestedLevel>1</nestedLevel>
  <escapedJava>false</escapedJava>
  <property name="startLine">73</property>
  <property name="stepIndex">6</property>
</record>
<record>
  <date>2026-09-15T06:25:58.687002800Z</date>
  <millis>1789453558687</millis>
  <nanos>2800</nanos>
  <sequence>623</sequence>
  <level>END</level>
  <class>com.kms.katalon.core.logging.XmlKeywordLogger</class>
  <method>endKeyword</method>
  <thread>1</thread>
  <message>End action : println(&amp;quot;Test Status : &amp;quot; + status)</message>
  <nestedLevel>1</nestedLevel>
  <escapedJava>false</escapedJava>
</record>
<record>
  <date>2026-09-15T06:25:58.687002800Z</date>
  <millis>1789453558687</millis>
  <nanos>2800</nanos>
  <sequence>624</sequence>
  <level>END</level>
  <class>com.kms.katalon.core.logging.XmlKeywordLogger</class>
  <method>endKeyword</method>
  <thread>1</thread>
  <message>End listener action : afterTestCase</message>
  <nestedLevel>1</nestedLevel>
  <escapedJava>false</escapedJava>
</record>
<record>
  <date>2026-09-15T06:25:58.687002800Z</date>
  <millis>1789453558687</millis>
  <nanos>2800</nanos>
  <sequence>625</sequence>
  <level>START</level>
  <class>com.kms.katalon.core.logging.XmlKeywordLogger</class>
  <method>startKeyword</method>
  <thread>1</thread>
  <message>Start listener action : sampleAfterTestCase</message>
  <nestedLevel>1</nestedLevel>
  <escapedJava>false</escapedJava>
</record>
<record>
  <date>2026-09-15T06:25:58.687002800Z</date>
  <millis>1789453558687</millis>
  <nanos>2800</nanos>
  <sequence>627</sequence>
  <level>START</level>
  <class>com.kms.katalon.core.logging.XmlKeywordLogger</class>
  <method>startKeyword</method>
  <thread>1</thread>
  <message>Start action : closeBrowser()</message>
  <nestedLevel>1</nestedLevel>
  <escapedJava>false</escapedJava>
  <property name="startLine">93</property>
  <property name="stepIndex">1</property>
</record>
<record>
  <date>2026-09-15T06:25:58.688132500Z</date>
  <millis>1789453558688</millis>
  <nanos>132500</nanos>
  <sequence>630</sequence>
  <level>PASSED</level>
  <class>com.kms.katalon.core.logging.XmlKeywordLogger</class>
  <method>logMessage</method>
  <thread>1</thread>
  <message>Browser is closed</message>
  <nestedLevel>1</nestedLevel>
  <escapedJava>false</escapedJava>
  <property name="testops-method-name">com.kms.katalon.core.webui.keyword.builtin.CloseBrowserKeyword.closeBrowser</property>
  <property name="testops-execution-stacktrace"></property>
</record>
<record>
  <date>2026-09-15T06:25:58.688132500Z</date>
  <millis>1789453558688</millis>
  <nanos>132500</nanos>
  <sequence>632</sequence>
  <level>END</level>
  <class>com.kms.katalon.core.logging.XmlKeywordLogger</class>
  <method>endKeyword</method>
  <thread>1</thread>
  <message>End action : closeBrowser()</message>
  <nestedLevel>1</nestedLevel>
  <escapedJava>false</escapedJava>
</record>
<record>
  <date>2026-09-15T06:25:58.688132500Z</date>
  <millis>1789453558688</millis>
  <nanos>132500</nanos>
  <sequence>633</sequence>
  <level>END</level>
  <class>com.kms.katalon.core.logging.XmlKeywordLogger</class>
  <method>endKeyword</method>
  <thread>1</thread>
  <message>End listener action : sampleAfterTestCase</message>
  <nestedLevel>1</nestedLevel>
  <escapedJava>false</escapedJava>
</record>
<record>
  <date>2026-09-15T06:25:58.688132500Z</date>
  <millis>1789453558688</millis>
  <nanos>132500</nanos>
  <sequence>634</sequence>
  <level>END</level>
  <class>com.kms.katalon.core.logging.XmlKeywordLogger</class>
  <method>endTest</method>
  <thread>1</thread>
  <message>End Test Case : Test Cases/Common_Test_case/Login/InvalidLogin/IL_InvalidUsername_ValidPassword_TC_105</message>
  <nestedLevel>0</nestedLevel>
  <escapedJava>false</escapedJava>
  <property name="executionBindingVariables">[
  {
    &quot;value&quot;: &quot;https://sahibnkmitraqc.banksekure.com/EKYCWeb/&quot;,
    &quot;isDefault&quot;: false,
    &quot;name&quot;: &quot;appUrl&quot;,
    &quot;masked&quot;: false
  },
  {
    &quot;value&quot;: &quot;Testing&quot;,
    &quot;isDefault&quot;: false,
    &quot;name&quot;: &quot;userid&quot;,
    &quot;masked&quot;: false
  },
  {
    &quot;value&quot;: &quot;E/nTi+Q24sDkSmJpzmCoHQ\u003d\u003d&quot;,
    &quot;isDefault&quot;: false,
    &quot;name&quot;: &quot;password&quot;,
    &quot;masked&quot;: false
  },
  {
    &quot;value&quot;: &quot;i6Lvk8&quot;,
    &quot;isDefault&quot;: false,
    &quot;name&quot;: &quot;captcha&quot;,
    &quot;masked&quot;: false
  }
]</property>
  <property name="applitools">false</property>
  <property name="executedKeywords">{
  &quot;WebUI.closeBrowser&quot;: 2,
  &quot;WebUI.setEncryptedText&quot;: 1,
  &quot;WebUI.maximizeWindow&quot;: 1,
  &quot;WebUI.waitForElementVisible&quot;: 1,
  &quot;WebUI.click&quot;: 1,
  &quot;WebUI.getText&quot;: 1,
  &quot;BuiltIn.comment&quot;: 1,
  &quot;WebUI.navigateToUrl&quot;: 1,
  &quot;WebUI.openBrowser&quot;: 1,
  &quot;WebUI.setText&quot;: 2
}</property>
  <property name="keywordsUsage">{
  &quot;web_ui&quot;: true,
  &quot;web_service&quot;: false,
  &quot;cucumber&quot;: false,
  &quot;builtin&quot;: true,
  &quot;mobile&quot;: false,
  &quot;windows&quot;: false,
  &quot;testng&quot;: false
}</property>
</record>
<record>
  <date>2026-09-15T06:25:58.696122800Z</date>
  <millis>1789453558696</millis>
  <nanos>122800</nanos>
  <sequence>635</sequence>
  <level>START</level>
  <class>com.kms.katalon.core.logging.XmlKeywordLogger</class>
  <method>startTest</method>
  <thread>1</thread>
  <message>Start Test Case : Test Cases/Common_Test_case/Login/InvalidLogin/IL_BlankUsername_BlankPassword_TC_107</message>
  <nestedLevel>1</nestedLevel>
  <escapedJava>false</escapedJava>
  <property name="origin"></property>
  <property name="name">Test Cases/Common_Test_case/Login/InvalidLogin/IL_BlankUsername_BlankPassword_TC_107</property>
  <property name="description"></property>
  <property name="iteration"></property>
  <property name="id">Test Cases/Common_Test_case/Login/InvalidLogin/IL_BlankUsername_BlankPassword_TC_107</property>
  <property name="source">F:\SahiBnk Mitra DSB\Test Cases\Common_Test_case\Login\InvalidLogin\IL_BlankUsername_BlankPassword_TC_107.tc</property>
  <property name="tag"></property>
  <property name="isOptional">false</property>
  <property name="uuid">1357f9e9-0a40-4fad-8074-05644226b6ed</property>
</record>
<record>
  <date>2026-09-15T06:25:58.702205300Z</date>
  <millis>1789453558702</millis>
  <nanos>205300</nanos>
  <sequence>637</sequence>
  <level>INFO</level>
  <class>com.kms.katalon.core.logging.XmlKeywordLogger</class>
  <method>logMessage</method>
  <thread>1</thread>
  <message>appUrl = https://sahibnkmitraqc.banksekure.com/EKYCWeb/</message>
  <nestedLevel>1</nestedLevel>
  <escapedJava>false</escapedJava>
</record>
<record>
  <date>2026-09-15T06:25:58.703205900Z</date>
  <millis>1789453558703</millis>
  <nanos>205900</nanos>
  <sequence>638</sequence>
  <level>INFO</level>
  <class>com.kms.katalon.core.logging.XmlKeywordLogger</class>
  <method>logMessage</method>
  <thread>1</thread>
  <message>(Default) Userid = </message>
  <nestedLevel>1</nestedLevel>
  <escapedJava>false</escapedJava>
</record>
<record>
  <date>2026-09-15T06:25:58.703205900Z</date>
  <millis>1789453558703</millis>
  <nanos>205900</nanos>
  <sequence>639</sequence>
  <level>INFO</level>
  <class>com.kms.katalon.core.logging.XmlKeywordLogger</class>
  <method>logMessage</method>
  <thread>1</thread>
  <message>(Default) Password = </message>
  <nestedLevel>1</nestedLevel>
  <escapedJava>false</escapedJava>
</record>
<record>
  <date>2026-09-15T06:25:58.703205900Z</date>
  <millis>1789453558703</millis>
  <nanos>205900</nanos>
  <sequence>640</sequence>
  <level>INFO</level>
  <class>com.kms.katalon.core.logging.XmlKeywordLogger</class>
  <method>logMessage</method>
  <thread>1</thread>
  <message>Captcha = i6Lvk10</message>
  <nestedLevel>1</nestedLevel>
  <escapedJava>false</escapedJava>
</record>
<record>
  <date>2026-09-15T06:25:58.703205900Z</date>
  <millis>1789453558703</millis>
  <nanos>205900</nanos>
  <sequence>641</sequence>
  <level>RUN_DATA</level>
  <class>com.kms.katalon.core.logging.XmlKeywordLogger</class>
  <method>logMessage</method>
  <thread>1</thread>
  <message>executionBindingVariables = [
  {
    &amp;quot;value&amp;quot;: &amp;quot;https://sahibnkmitraqc.banksekure.com/EKYCWeb/&amp;quot;,
    &amp;quot;isDefault&amp;quot;: false,
    &amp;quot;name&amp;quot;: &amp;quot;appUrl&amp;quot;,
    &amp;quot;masked&amp;quot;: false
  },
  {
    &amp;quot;value&amp;quot;: &amp;quot;&amp;quot;,
    &amp;quot;isDefault&amp;quot;: true,
    &amp;quot;name&amp;quot;: &amp;quot;Userid&amp;quot;,
    &amp;quot;masked&amp;quot;: false
  },
  {
    &amp;quot;value&amp;quot;: &amp;quot;&amp;quot;,
    &amp;quot;isDefault&amp;quot;: true,
    &amp;quot;name&amp;quot;: &amp;quot;Password&amp;quot;,
    &amp;quot;masked&amp;quot;: false
  },
  {
    &amp;quot;value&amp;quot;: &amp;quot;i6Lvk10&amp;quot;,
    &amp;quot;isDefault&amp;quot;: false,
    &amp;quot;name&amp;quot;: &amp;quot;Captcha&amp;quot;,
    &amp;quot;masked&amp;quot;: false
  }
]</message>
  <nestedLevel>1</nestedLevel>
  <escapedJava>false</escapedJava>
  <property name="executionBindingVariables">[
  {
    &quot;value&quot;: &quot;https://sahibnkmitraqc.banksekure.com/EKYCWeb/&quot;,
    &quot;isDefault&quot;: false,
    &quot;name&quot;: &quot;appUrl&quot;,
    &quot;masked&quot;: false
  },
  {
    &quot;value&quot;: &quot;&quot;,
    &quot;isDefault&quot;: true,
    &quot;name&quot;: &quot;Userid&quot;,
    &quot;masked&quot;: false
  },
  {
    &quot;value&quot;: &quot;&quot;,
    &quot;isDefault&quot;: true,
    &quot;name&quot;: &quot;Password&quot;,
    &quot;masked&quot;: false
  },
  {
    &quot;value&quot;: &quot;i6Lvk10&quot;,
    &quot;isDefault&quot;: false,
    &quot;name&quot;: &quot;Captcha&quot;,
    &quot;masked&quot;: false
  }
]</property>
</record>
<record>
  <date>2026-09-15T06:25:58.703205900Z</date>
  <millis>1789453558703</millis>
  <nanos>205900</nanos>
  <sequence>642</sequence>
  <level>START</level>
  <class>com.kms.katalon.core.logging.XmlKeywordLogger</class>
  <method>startKeyword</method>
  <thread>1</thread>
  <message>Start listener action : beforeTestCase</message>
  <nestedLevel>1</nestedLevel>
  <escapedJava>false</escapedJava>
</record>
<record>
  <date>2026-09-15T06:25:58.703205900Z</date>
  <millis>1789453558703</millis>
  <nanos>205900</nanos>
  <sequence>644</sequence>
  <level>START</level>
  <class>com.kms.katalon.core.logging.XmlKeywordLogger</class>
  <method>startKeyword</method>
  <thread>1</thread>
  <message>Start action : if (extent != null)</message>
  <nestedLevel>1</nestedLevel>
  <escapedJava>false</escapedJava>
  <property name="startLine">33</property>
  <property name="stepIndex">1</property>
</record>
<record>
  <date>2026-09-15T06:25:58.703205900Z</date>
  <millis>1789453558703</millis>
  <nanos>205900</nanos>
  <sequence>645</sequence>
  <level>START</level>
  <class>com.kms.katalon.core.logging.XmlKeywordLogger</class>
  <method>startKeyword</method>
  <thread>1</thread>
  <message>Start action : test = extent.createTest(testCaseContext.getTestCaseId())</message>
  <nestedLevel>2</nestedLevel>
  <escapedJava>false</escapedJava>
  <property name="startLine">35</property>
  <property name="stepIndex">1</property>
</record>
<record>
  <date>2026-09-15T06:25:58.704206200Z</date>
  <millis>1789453558704</millis>
  <nanos>206200</nanos>
  <sequence>646</sequence>
  <level>END</level>
  <class>com.kms.katalon.core.logging.XmlKeywordLogger</class>
  <method>endKeyword</method>
  <thread>1</thread>
  <message>End action : test = extent.createTest(testCaseContext.getTestCaseId())</message>
  <nestedLevel>2</nestedLevel>
  <escapedJava>false</escapedJava>
</record>
<record>
  <date>2026-09-15T06:25:58.704206200Z</date>
  <millis>1789453558704</millis>
  <nanos>206200</nanos>
  <sequence>647</sequence>
  <level>START</level>
  <class>com.kms.katalon.core.logging.XmlKeywordLogger</class>
  <method>startKeyword</method>
  <thread>1</thread>
  <message>Start action : println(&amp;quot;Test Created : &amp;quot; + testCaseContext.getTestCaseId())</message>
  <nestedLevel>2</nestedLevel>
  <escapedJava>false</escapedJava>
  <property name="startLine">39</property>
  <property name="stepIndex">2</property>
</record>
<record>
  <date>2026-09-15T06:25:58.704206200Z</date>
  <millis>1789453558704</millis>
  <nanos>206200</nanos>
  <sequence>649</sequence>
  <level>END</level>
  <class>com.kms.katalon.core.logging.XmlKeywordLogger</class>
  <method>endKeyword</method>
  <thread>1</thread>
  <message>End action : println(&amp;quot;Test Created : &amp;quot; + testCaseContext.getTestCaseId())</message>
  <nestedLevel>2</nestedLevel>
  <escapedJava>false</escapedJava>
</record>
<record>
  <date>2026-09-15T06:25:58.704206200Z</date>
  <millis>1789453558704</millis>
  <nanos>206200</nanos>
  <sequence>650</sequence>
  <level>END</level>
  <class>com.kms.katalon.core.logging.XmlKeywordLogger</class>
  <method>endKeyword</method>
  <thread>1</thread>
  <message>End action : if (extent != null)</message>
  <nestedLevel>1</nestedLevel>
  <escapedJava>false</escapedJava>
</record>
<record>
  <date>2026-09-15T06:25:58.704206200Z</date>
  <millis>1789453558704</millis>
  <nanos>206200</nanos>
  <sequence>651</sequence>
  <level>END</level>
  <class>com.kms.katalon.core.logging.XmlKeywordLogger</class>
  <method>endKeyword</method>
  <thread>1</thread>
  <message>End listener action : beforeTestCase</message>
  <nestedLevel>1</nestedLevel>
  <escapedJava>false</escapedJava>
</record>
<record>
  <date>2026-09-15T06:25:58.704206200Z</date>
  <millis>1789453558704</millis>
  <nanos>206200</nanos>
  <sequence>652</sequence>
  <level>START</level>
  <class>com.kms.katalon.core.logging.XmlKeywordLogger</class>
  <method>startKeyword</method>
  <thread>1</thread>
  <message>Start listener action : beforeTestCase</message>
  <nestedLevel>1</nestedLevel>
  <escapedJava>false</escapedJava>
</record>
<record>
  <date>2026-09-15T06:25:58.704206200Z</date>
  <millis>1789453558704</millis>
  <nanos>206200</nanos>
  <sequence>654</sequence>
  <level>START</level>
  <class>com.kms.katalon.core.logging.XmlKeywordLogger</class>
  <method>startKeyword</method>
  <thread>1</thread>
  <message>Start action : tcName = testCaseContext.getTestCaseId()</message>
  <nestedLevel>1</nestedLevel>
  <escapedJava>false</escapedJava>
  <property name="startLine">34</property>
  <property name="stepIndex">1</property>
</record>
<record>
  <date>2026-09-15T06:25:58.704206200Z</date>
  <millis>1789453558704</millis>
  <nanos>206200</nanos>
  <sequence>655</sequence>
  <level>END</level>
  <class>com.kms.katalon.core.logging.XmlKeywordLogger</class>
  <method>endKeyword</method>
  <thread>1</thread>
  <message>End action : tcName = testCaseContext.getTestCaseId()</message>
  <nestedLevel>1</nestedLevel>
  <escapedJava>false</escapedJava>
</record>
<record>
  <date>2026-09-15T06:25:58.704206200Z</date>
  <millis>1789453558704</millis>
  <nanos>206200</nanos>
  <sequence>656</sequence>
  <level>START</level>
  <class>com.kms.katalon.core.logging.XmlKeywordLogger</class>
  <method>startKeyword</method>
  <thread>1</thread>
  <message>Start action : if (tcName.contains(&amp;quot;Test Cases/Common_Test_case/Login&amp;quot;) || tcName.contains(&amp;quot;Test Cases/Profile_status&amp;quot;))</message>
  <nestedLevel>1</nestedLevel>
  <escapedJava>false</escapedJava>
  <property name="startLine">37</property>
  <property name="stepIndex">2</property>
</record>
<record>
  <date>2026-09-15T06:25:58.704206200Z</date>
  <millis>1789453558704</millis>
  <nanos>206200</nanos>
  <sequence>657</sequence>
  <level>START</level>
  <class>com.kms.katalon.core.logging.XmlKeywordLogger</class>
  <method>startKeyword</method>
  <thread>1</thread>
  <message>Start action : logInfo(&amp;quot;Login Module Detected - Listener Skipped&amp;quot;)</message>
  <nestedLevel>2</nestedLevel>
  <escapedJava>false</escapedJava>
  <property name="startLine">43</property>
  <property name="stepIndex">1</property>
</record>
<record>
  <date>2026-09-15T06:25:58.705205400Z</date>
  <millis>1789453558705</millis>
  <nanos>205400</nanos>
  <sequence>658</sequence>
  <level>INFO</level>
  <class>com.kms.katalon.core.logging.XmlKeywordLogger</class>
  <method>logMessage</method>
  <thread>1</thread>
  <message>Login Module Detected - Listener Skipped</message>
  <nestedLevel>1</nestedLevel>
  <escapedJava>false</escapedJava>
</record>
<record>
  <date>2026-09-15T06:25:58.705205400Z</date>
  <millis>1789453558705</millis>
  <nanos>205400</nanos>
  <sequence>659</sequence>
  <level>END</level>
  <class>com.kms.katalon.core.logging.XmlKeywordLogger</class>
  <method>endKeyword</method>
  <thread>1</thread>
  <message>End action : logInfo(&amp;quot;Login Module Detected - Listener Skipped&amp;quot;)</message>
  <nestedLevel>2</nestedLevel>
  <escapedJava>false</escapedJava>
</record>
<record>
  <date>2026-09-15T06:25:58.705205400Z</date>
  <millis>1789453558705</millis>
  <nanos>205400</nanos>
  <sequence>660</sequence>
  <level>START</level>
  <class>com.kms.katalon.core.logging.XmlKeywordLogger</class>
  <method>startKeyword</method>
  <thread>1</thread>
  <message>Start action : return null</message>
  <nestedLevel>2</nestedLevel>
  <escapedJava>false</escapedJava>
  <property name="startLine">45</property>
  <property name="stepIndex">2</property>
</record>
<record>
  <date>2026-09-15T06:25:58.705205400Z</date>
  <millis>1789453558705</millis>
  <nanos>205400</nanos>
  <sequence>662</sequence>
  <level>END</level>
  <class>com.kms.katalon.core.logging.XmlKeywordLogger</class>
  <method>endKeyword</method>
  <thread>1</thread>
  <message>End action : return null</message>
  <nestedLevel>2</nestedLevel>
  <escapedJava>false</escapedJava>
</record>
<record>
  <date>2026-09-15T06:25:58.705205400Z</date>
  <millis>1789453558705</millis>
  <nanos>205400</nanos>
  <sequence>663</sequence>
  <level>END</level>
  <class>com.kms.katalon.core.logging.XmlKeywordLogger</class>
  <method>endKeyword</method>
  <thread>1</thread>
  <message>End action : if (tcName.contains(&amp;quot;Test Cases/Common_Test_case/Login&amp;quot;) || tcName.contains(&amp;quot;Test Cases/Profile_status&amp;quot;))</message>
  <nestedLevel>1</nestedLevel>
  <escapedJava>false</escapedJava>
</record>
<record>
  <date>2026-09-15T06:25:58.705205400Z</date>
  <millis>1789453558705</millis>
  <nanos>205400</nanos>
  <sequence>664</sequence>
  <level>END</level>
  <class>com.kms.katalon.core.logging.XmlKeywordLogger</class>
  <method>endKeyword</method>
  <thread>1</thread>
  <message>End listener action : beforeTestCase</message>
  <nestedLevel>1</nestedLevel>
  <escapedJava>false</escapedJava>
</record>
<record>
  <date>2026-09-15T06:25:58.733858200Z</date>
  <millis>1789453558733</millis>
  <nanos>858200</nanos>
  <sequence>665</sequence>
  <level>START</level>
  <class>com.kms.katalon.core.logging.XmlKeywordLogger</class>
  <method>startKeyword</method>
  <thread>1</thread>
  <message>Start action : openBrowser(&amp;quot;&amp;quot;)</message>
  <nestedLevel>1</nestedLevel>
  <escapedJava>false</escapedJava>
  <property name="startLine">22</property>
  <property name="stepIndex">1</property>
</record>
<record>
  <date>2026-09-15T06:25:58.734857900Z</date>
  <millis>1789453558734</millis>
  <nanos>857900</nanos>
  <sequence>668</sequence>
  <level>INFO</level>
  <class>com.kms.katalon.core.logging.XmlKeywordLogger</class>
  <method>logMessage</method>
  <thread>1</thread>
  <message>Starting &amp;apos;Chrome&amp;apos; driver</message>
  <nestedLevel>1</nestedLevel>
  <escapedJava>false</escapedJava>
</record>
<record>
  <date>2026-09-15T06:25:58.735858600Z</date>
  <millis>1789453558735</millis>
  <nanos>858600</nanos>
  <sequence>669</sequence>
  <level>INFO</level>
  <class>com.kms.katalon.core.logging.XmlKeywordLogger</class>
  <method>logMessage</method>
  <thread>1</thread>
  <message>Action delay is set to 0 milliseconds</message>
  <nestedLevel>1</nestedLevel>
  <escapedJava>false</escapedJava>
</record>
<record>
  <date>2026-09-15T06:25:59.433996800Z</date>
  <millis>1789453559433</millis>
  <nanos>996800</nanos>
  <sequence>672</sequence>
  <level>RUN_DATA</level>
  <class>com.kms.katalon.core.logging.XmlKeywordLogger</class>
  <method>logMessage</method>
  <thread>1</thread>
  <message>sessionId = 59ae53f28c2b2083362a7c753bca719d</message>
  <nestedLevel>1</nestedLevel>
  <escapedJava>false</escapedJava>
  <property name="sessionId">59ae53f28c2b2083362a7c753bca719d</property>
</record>
<record>
  <date>2026-09-15T06:25:59.435014200Z</date>
  <millis>1789453559435</millis>
  <nanos>14200</nanos>
  <sequence>673</sequence>
  <level>RUN_DATA</level>
  <class>com.kms.katalon.core.logging.XmlKeywordLogger</class>
  <method>logMessage</method>
  <thread>1</thread>
  <message>browser = Chrome 152.0.7977.84</message>
  <nestedLevel>1</nestedLevel>
  <escapedJava>false</escapedJava>
  <property name="browser">Chrome 152.0.7977.84</property>
</record>
<record>
  <date>2026-09-15T06:25:59.436002800Z</date>
  <millis>1789453559436</millis>
  <nanos>2800</nanos>
  <sequence>674</sequence>
  <level>RUN_DATA</level>
  <class>com.kms.katalon.core.logging.XmlKeywordLogger</class>
  <method>logMessage</method>
  <thread>1</thread>
  <message>platform = Windows 11</message>
  <nestedLevel>1</nestedLevel>
  <escapedJava>false</escapedJava>
  <property name="platform">Windows 11</property>
</record>
<record>
  <date>2026-09-15T06:25:59.436002800Z</date>
  <millis>1789453559436</millis>
  <nanos>2800</nanos>
  <sequence>675</sequence>
  <level>RUN_DATA</level>
  <class>com.kms.katalon.core.logging.XmlKeywordLogger</class>
  <method>logMessage</method>
  <thread>1</thread>
  <message>seleniumVersion = 4.39.0</message>
  <nestedLevel>1</nestedLevel>
  <escapedJava>false</escapedJava>
  <property name="seleniumVersion">4.39.0</property>
</record>
<record>
  <date>2026-09-15T06:25:59.437522400Z</date>
  <millis>1789453559437</millis>
  <nanos>522400</nanos>
  <sequence>676</sequence>
  <level>RUN_DATA</level>
  <class>com.kms.katalon.core.logging.XmlKeywordLogger</class>
  <method>logMessage</method>
  <thread>1</thread>
  <message>proxyInformation = ProxyInformation { proxyOption=NO_PROXY, proxyServerType=HTTP, username=, password=********, proxyServerAddress=, proxyServerPort=0, executionList=&amp;quot;&amp;quot;, isApplyToDesiredCapabilities=true }</message>
  <nestedLevel>1</nestedLevel>
  <escapedJava>false</escapedJava>
  <property name="proxyInformation">ProxyInformation { proxyOption=NO_PROXY, proxyServerType=HTTP, username=, password=********, proxyServerAddress=, proxyServerPort=0, executionList=&quot;&quot;, isApplyToDesiredCapabilities=true }</property>
</record>
<record>
  <date>2026-09-15T06:25:59.446050400Z</date>
  <millis>1789453559446</millis>
  <nanos>50400</nanos>
  <sequence>677</sequence>
  <level>PASSED</level>
  <class>com.kms.katalon.core.logging.XmlKeywordLogger</class>
  <method>logMessage</method>
  <thread>1</thread>
  <message>Browser is opened with url: &amp;apos;&amp;apos;</message>
  <nestedLevel>1</nestedLevel>
  <escapedJava>false</escapedJava>
  <property name="testops-method-name">com.kms.katalon.core.webui.keyword.builtin.OpenBrowserKeyword.openBrowser</property>
  <property name="testops-execution-stacktrace"></property>
</record>
<record>
  <date>2026-09-15T06:25:59.447050200Z</date>
  <millis>1789453559447</millis>
  <nanos>50200</nanos>
  <sequence>678</sequence>
  <level>END</level>
  <class>com.kms.katalon.core.logging.XmlKeywordLogger</class>
  <method>endKeyword</method>
  <thread>1</thread>
  <message>End action : openBrowser(&amp;quot;&amp;quot;)</message>
  <nestedLevel>1</nestedLevel>
  <escapedJava>false</escapedJava>
</record>
<record>
  <date>2026-09-15T06:25:59.447050200Z</date>
  <millis>1789453559447</millis>
  <nanos>50200</nanos>
  <sequence>679</sequence>
  <level>START</level>
  <class>com.kms.katalon.core.logging.XmlKeywordLogger</class>
  <method>startKeyword</method>
  <thread>1</thread>
  <message>Start action : maximizeWindow()</message>
  <nestedLevel>1</nestedLevel>
  <escapedJava>false</escapedJava>
  <property name="startLine">23</property>
  <property name="stepIndex">2</property>
</record>
<record>
  <date>2026-09-15T06:25:59.483829800Z</date>
  <millis>1789453559483</millis>
  <nanos>829800</nanos>
  <sequence>682</sequence>
  <level>PASSED</level>
  <class>com.kms.katalon.core.logging.XmlKeywordLogger</class>
  <method>logMessage</method>
  <thread>1</thread>
  <message>Current window maximized</message>
  <nestedLevel>1</nestedLevel>
  <escapedJava>false</escapedJava>
  <property name="testops-method-name">com.kms.katalon.core.webui.keyword.builtin.MaximizeWindowKeyword.maximizeWindow</property>
  <property name="testops-execution-stacktrace"></property>
</record>
<record>
  <date>2026-09-15T06:25:59.484831200Z</date>
  <millis>1789453559484</millis>
  <nanos>831200</nanos>
  <sequence>683</sequence>
  <level>END</level>
  <class>com.kms.katalon.core.logging.XmlKeywordLogger</class>
  <method>endKeyword</method>
  <thread>1</thread>
  <message>End action : maximizeWindow()</message>
  <nestedLevel>1</nestedLevel>
  <escapedJava>false</escapedJava>
</record>
<record>
  <date>2026-09-15T06:25:59.484831200Z</date>
  <millis>1789453559484</millis>
  <nanos>831200</nanos>
  <sequence>684</sequence>
  <level>START</level>
  <class>com.kms.katalon.core.logging.XmlKeywordLogger</class>
  <method>startKeyword</method>
  <thread>1</thread>
  <message>Start action : navigateToUrl(appUrl)</message>
  <nestedLevel>1</nestedLevel>
  <escapedJava>false</escapedJava>
  <property name="startLine">24</property>
  <property name="stepIndex">3</property>
</record>
<record>
  <date>2026-09-15T06:26:01.244150Z</date>
  <millis>1789453561244</millis>
  <nanos>150000</nanos>
  <sequence>688</sequence>
  <level>PASSED</level>
  <class>com.kms.katalon.core.logging.XmlKeywordLogger</class>
  <method>logMessage</method>
  <thread>1</thread>
  <message>Navigate to &amp;apos;https://sahibnkmitraqc.banksekure.com/EKYCWeb/&amp;apos; successfully</message>
  <nestedLevel>1</nestedLevel>
  <escapedJava>false</escapedJava>
  <property name="testops-method-name">com.kms.katalon.core.webui.keyword.builtin.NavigateToUrlKeyword.navigateToUrl</property>
  <property name="testops-execution-stacktrace"></property>
</record>
<record>
  <date>2026-09-15T06:26:01.246153300Z</date>
  <millis>1789453561246</millis>
  <nanos>153300</nanos>
  <sequence>689</sequence>
  <level>END</level>
  <class>com.kms.katalon.core.logging.XmlKeywordLogger</class>
  <method>endKeyword</method>
  <thread>1</thread>
  <message>End action : navigateToUrl(appUrl)</message>
  <nestedLevel>1</nestedLevel>
  <escapedJava>false</escapedJava>
</record>
<record>
  <date>2026-09-15T06:26:01.246153300Z</date>
  <millis>1789453561246</millis>
  <nanos>153300</nanos>
  <sequence>690</sequence>
  <level>START</level>
  <class>com.kms.katalon.core.logging.XmlKeywordLogger</class>
  <method>startKeyword</method>
  <thread>1</thread>
  <message>Start action : clearText(findTestObject(&amp;quot;Agentstatusrepository/Page_Agent Management System/input_Enter User Name&amp;quot;))</message>
  <nestedLevel>1</nestedLevel>
  <escapedJava>false</escapedJava>
  <property name="startLine">28</property>
  <property name="stepIndex">4</property>
</record>
<record>
  <date>2026-09-15T06:26:01.515248400Z</date>
  <millis>1789453561515</millis>
  <nanos>248400</nanos>
  <sequence>700</sequence>
  <level>PASSED</level>
  <class>com.kms.katalon.core.logging.XmlKeywordLogger</class>
  <method>logMessage</method>
  <thread>1</thread>
  <message>Text of object &amp;apos;Object Repository/Agentstatusrepository/Page_Agent Management System/input_Enter User Name&amp;apos; is cleared</message>
  <nestedLevel>1</nestedLevel>
  <escapedJava>false</escapedJava>
  <property name="testops-method-name">com.kms.katalon.core.webui.keyword.builtin.ClearTextKeyword.clearText</property>
  <property name="testops-execution-stacktrace"></property>
</record>
<record>
  <date>2026-09-15T06:26:01.516752Z</date>
  <millis>1789453561516</millis>
  <nanos>752000</nanos>
  <sequence>701</sequence>
  <level>END</level>
  <class>com.kms.katalon.core.logging.XmlKeywordLogger</class>
  <method>endKeyword</method>
  <thread>1</thread>
  <message>End action : clearText(findTestObject(&amp;quot;Agentstatusrepository/Page_Agent Management System/input_Enter User Name&amp;quot;))</message>
  <nestedLevel>1</nestedLevel>
  <escapedJava>false</escapedJava>
</record>
<record>
  <date>2026-09-15T06:26:01.516752Z</date>
  <millis>1789453561516</millis>
  <nanos>752000</nanos>
  <sequence>702</sequence>
  <level>START</level>
  <class>com.kms.katalon.core.logging.XmlKeywordLogger</class>
  <method>startKeyword</method>
  <thread>1</thread>
  <message>Start action : clearText(findTestObject(&amp;quot;Agentstatusrepository/Page_Agent Management System/input_Enter Password&amp;quot;))</message>
  <nestedLevel>1</nestedLevel>
  <escapedJava>false</escapedJava>
  <property name="startLine">33</property>
  <property name="stepIndex">5</property>
</record>
<record>
  <date>2026-09-15T06:26:01.751101400Z</date>
  <millis>1789453561751</millis>
  <nanos>101400</nanos>
  <sequence>712</sequence>
  <level>PASSED</level>
  <class>com.kms.katalon.core.logging.XmlKeywordLogger</class>
  <method>logMessage</method>
  <thread>1</thread>
  <message>Text of object &amp;apos;Object Repository/Agentstatusrepository/Page_Agent Management System/input_Enter Password&amp;apos; is cleared</message>
  <nestedLevel>1</nestedLevel>
  <escapedJava>false</escapedJava>
  <property name="testops-method-name">com.kms.katalon.core.webui.keyword.builtin.ClearTextKeyword.clearText</property>
  <property name="testops-execution-stacktrace"></property>
</record>
<record>
  <date>2026-09-15T06:26:01.751101400Z</date>
  <millis>1789453561751</millis>
  <nanos>101400</nanos>
  <sequence>713</sequence>
  <level>END</level>
  <class>com.kms.katalon.core.logging.XmlKeywordLogger</class>
  <method>endKeyword</method>
  <thread>1</thread>
  <message>End action : clearText(findTestObject(&amp;quot;Agentstatusrepository/Page_Agent Management System/input_Enter Password&amp;quot;))</message>
  <nestedLevel>1</nestedLevel>
  <escapedJava>false</escapedJava>
</record>
<record>
  <date>2026-09-15T06:26:01.751101400Z</date>
  <millis>1789453561751</millis>
  <nanos>101400</nanos>
  <sequence>714</sequence>
  <level>START</level>
  <class>com.kms.katalon.core.logging.XmlKeywordLogger</class>
  <method>startKeyword</method>
  <thread>1</thread>
  <message>Start action : setText(findTestObject(&amp;quot;Agentstatusrepository/Page_Agent Management System/input_Enter Captcha&amp;quot;), Captcha)</message>
  <nestedLevel>1</nestedLevel>
  <escapedJava>false</escapedJava>
  <property name="startLine">38</property>
  <property name="stepIndex">6</property>
</record>
<record>
  <date>2026-09-15T06:26:02.307014Z</date>
  <millis>1789453562307</millis>
  <nanos>14000</nanos>
  <sequence>728</sequence>
  <level>PASSED</level>
  <class>com.kms.katalon.core.logging.XmlKeywordLogger</class>
  <method>logMessage</method>
  <thread>1</thread>
  <message>Text &amp;apos;i6Lvk10&amp;apos; is set on object &amp;apos;Object Repository/Agentstatusrepository/Page_Agent Management System/input_Enter Captcha&amp;apos;</message>
  <nestedLevel>1</nestedLevel>
  <escapedJava>false</escapedJava>
  <property name="testops-method-name">com.kms.katalon.core.webui.keyword.internal.WebUIKeywordMain.runKeywordUntilTimeout</property>
  <property name="testops-execution-stacktrace">com.kms.katalon.core.logging.KeywordLogger.logPassed(KeywordLogger.java:351)
com.kms.katalon.core.logging.KeywordLogger.logPassed(KeywordLogger.java:346)
com.kms.katalon.core.webui.keyword.builtin.SetTextKeyword$_setText_closure1.doCall(SetTextKeyword.groovy:99)
java.base/jdk.internal.reflect.DirectMethodHandleAccessor.invoke(DirectMethodHandleAccessor.java:103)
jdk.proxy2/jdk.proxy2.$Proxy60.execute(Unknown Source)
com.kms.katalon.core.webui.model.SeleniumActionRetryController.performAction(SeleniumActionRetryController.java:96)
com.kms.katalon.core.webui.model.SeleniumActionRetryController.performAction(SeleniumActionRetryController.java:83)
com.kms.katalon.core.webui.keyword.internal.WebUIKeywordMain$_runKeywordUntilTimeout_closure1.doCall(WebUIKeywordMain.groovy:135)
com.kms.katalon.core.webui.keyword.internal.WebUIKeywordMain$_runKeywordUntilTimeout_closure1.call(WebUIKeywordMain.groovy)
com.kms.katalon.core.webui.keyword.internal.WebUIKeywordMain.runKeyword(WebUIKeywordMain.groovy:41)
com.kms.katalon.core.webui.keyword.internal.WebUIKeywordMain.runKeywordUntilTimeout(WebUIKeywordMain.groovy:133)
com.kms.katalon.core.webui.keyword.builtin.SetTextKeyword.setText(SetTextKeyword.groovy:106)
com.kms.katalon.core.webui.keyword.builtin.SetTextKeyword.execute(SetTextKeyword.groovy:49)
com.kms.katalon.core.keyword.internal.KeywordExecutor.executeKeywordForPlatform(KeywordExecutor.groovy:104)
com.kms.katalon.core.webui.keyword.WebUiBuiltInKeywords.setText(WebUiBuiltInKeywords.groovy:1082)
IL_BlankUsername_BlankPassword_TC_107.run(IL_BlankUsername_BlankPassword_TC_107:39)
</property>
</record>
<record>
  <date>2026-09-15T06:26:02.309186100Z</date>
  <millis>1789453562309</millis>
  <nanos>186100</nanos>
  <sequence>729</sequence>
  <level>END</level>
  <class>com.kms.katalon.core.logging.XmlKeywordLogger</class>
  <method>endKeyword</method>
  <thread>1</thread>
  <message>End action : setText(findTestObject(&amp;quot;Agentstatusrepository/Page_Agent Management System/input_Enter Captcha&amp;quot;), Captcha)</message>
  <nestedLevel>1</nestedLevel>
  <escapedJava>false</escapedJava>
</record>
<record>
  <date>2026-09-15T06:26:02.310191100Z</date>
  <millis>1789453562310</millis>
  <nanos>191100</nanos>
  <sequence>730</sequence>
  <level>START</level>
  <class>com.kms.katalon.core.logging.XmlKeywordLogger</class>
  <method>startKeyword</method>
  <thread>1</thread>
  <message>Start action : delay(2)</message>
  <nestedLevel>1</nestedLevel>
  <escapedJava>false</escapedJava>
  <property name="startLine">43</property>
  <property name="stepIndex">7</property>
</record>
<record>
  <date>2026-09-15T06:26:04.317896400Z</date>
  <millis>1789453564317</millis>
  <nanos>896400</nanos>
  <sequence>733</sequence>
  <level>PASSED</level>
  <class>com.kms.katalon.core.logging.XmlKeywordLogger</class>
  <method>logMessage</method>
  <thread>1</thread>
  <message>Delayed 2 second(s)</message>
  <nestedLevel>1</nestedLevel>
  <escapedJava>false</escapedJava>
  <property name="testops-method-name">com.kms.katalon.core.keyword.builtin.DelayKeyword.delay</property>
  <property name="testops-execution-stacktrace"></property>
</record>
<record>
  <date>2026-09-15T06:26:04.318921Z</date>
  <millis>1789453564318</millis>
  <nanos>921000</nanos>
  <sequence>734</sequence>
  <level>END</level>
  <class>com.kms.katalon.core.logging.XmlKeywordLogger</class>
  <method>endKeyword</method>
  <thread>1</thread>
  <message>End action : delay(2)</message>
  <nestedLevel>1</nestedLevel>
  <escapedJava>false</escapedJava>
</record>
<record>
  <date>2026-09-15T06:26:04.318921Z</date>
  <millis>1789453564318</millis>
  <nanos>921000</nanos>
  <sequence>735</sequence>
  <level>START</level>
  <class>com.kms.katalon.core.logging.XmlKeywordLogger</class>
  <method>startKeyword</method>
  <thread>1</thread>
  <message>Start action : click(findTestObject(&amp;quot;Agentstatusrepository/Page_Agent Management System/input_submit&amp;quot;))</message>
  <nestedLevel>1</nestedLevel>
  <escapedJava>false</escapedJava>
  <property name="startLine">46</property>
  <property name="stepIndex">8</property>
</record>
<record>
  <date>2026-09-15T06:26:04.620766500Z</date>
  <millis>1789453564620</millis>
  <nanos>766500</nanos>
  <sequence>746</sequence>
  <level>PASSED</level>
  <class>com.kms.katalon.core.logging.XmlKeywordLogger</class>
  <method>logMessage</method>
  <thread>1</thread>
  <message>Object: &amp;apos;Object Repository/Agentstatusrepository/Page_Agent Management System/input_submit&amp;apos; is clicked on</message>
  <nestedLevel>1</nestedLevel>
  <escapedJava>false</escapedJava>
  <property name="testops-method-name">com.kms.katalon.core.webui.keyword.internal.WebUIKeywordMain.runKeywordUntilTimeout</property>
  <property name="testops-execution-stacktrace">com.kms.katalon.core.logging.KeywordLogger.logPassed(KeywordLogger.java:351)
com.kms.katalon.core.logging.KeywordLogger.logPassed(KeywordLogger.java:346)
com.kms.katalon.core.webui.keyword.builtin.ClickKeyword$_click_closure1.doCall(ClickKeyword.groovy:66)
java.base/jdk.internal.reflect.DirectMethodHandleAccessor.invoke(DirectMethodHandleAccessor.java:103)
jdk.proxy2/jdk.proxy2.$Proxy60.execute(Unknown Source)
com.kms.katalon.core.webui.model.SeleniumActionRetryController.performAction(SeleniumActionRetryController.java:96)
com.kms.katalon.core.webui.model.SeleniumActionRetryController.performAction(SeleniumActionRetryController.java:83)
com.kms.katalon.core.webui.keyword.internal.WebUIKeywordMain$_runKeywordUntilTimeout_closure1.doCall(WebUIKeywordMain.groovy:135)
com.kms.katalon.core.webui.keyword.internal.WebUIKeywordMain$_runKeywordUntilTimeout_closure1.call(WebUIKeywordMain.groovy)
com.kms.katalon.core.webui.keyword.internal.WebUIKeywordMain.runKeyword(WebUIKeywordMain.groovy:41)
com.kms.katalon.core.webui.keyword.internal.WebUIKeywordMain.runKeywordUntilTimeout(WebUIKeywordMain.groovy:133)
com.kms.katalon.core.webui.keyword.builtin.ClickKeyword.click(ClickKeyword.groovy:72)
com.kms.katalon.core.webui.keyword.builtin.ClickKeyword.execute(ClickKeyword.groovy:38)
com.kms.katalon.core.keyword.internal.KeywordExecutor.executeKeywordForPlatform(KeywordExecutor.groovy:104)
com.kms.katalon.core.webui.keyword.WebUiBuiltInKeywords.click(WebUiBuiltInKeywords.groovy:722)
IL_BlankUsername_BlankPassword_TC_107.run(IL_BlankUsername_BlankPassword_TC_107:47)
</property>
</record>
<record>
  <date>2026-09-15T06:26:04.621764900Z</date>
  <millis>1789453564621</millis>
  <nanos>764900</nanos>
  <sequence>747</sequence>
  <level>END</level>
  <class>com.kms.katalon.core.logging.XmlKeywordLogger</class>
  <method>endKeyword</method>
  <thread>1</thread>
  <message>End action : click(findTestObject(&amp;quot;Agentstatusrepository/Page_Agent Management System/input_submit&amp;quot;))</message>
  <nestedLevel>1</nestedLevel>
  <escapedJava>false</escapedJava>
</record>
<record>
  <date>2026-09-15T06:26:04.621764900Z</date>
  <millis>1789453564621</millis>
  <nanos>764900</nanos>
  <sequence>748</sequence>
  <level>START</level>
  <class>com.kms.katalon.core.logging.XmlKeywordLogger</class>
  <method>startKeyword</method>
  <thread>1</thread>
  <message>Start action : expectedAlert = &amp;quot;Please enter UserName&amp;quot;</message>
  <nestedLevel>1</nestedLevel>
  <escapedJava>false</escapedJava>
  <property name="startLine">54</property>
  <property name="stepIndex">9</property>
</record>
<record>
  <date>2026-09-15T06:26:04.622768Z</date>
  <millis>1789453564622</millis>
  <nanos>768000</nanos>
  <sequence>749</sequence>
  <level>END</level>
  <class>com.kms.katalon.core.logging.XmlKeywordLogger</class>
  <method>endKeyword</method>
  <thread>1</thread>
  <message>End action : expectedAlert = &amp;quot;Please enter UserName&amp;quot;</message>
  <nestedLevel>1</nestedLevel>
  <escapedJava>false</escapedJava>
</record>
<record>
  <date>2026-09-15T06:26:04.622768Z</date>
  <millis>1789453564622</millis>
  <nanos>768000</nanos>
  <sequence>750</sequence>
  <level>START</level>
  <class>com.kms.katalon.core.logging.XmlKeywordLogger</class>
  <method>startKeyword</method>
  <thread>1</thread>
  <message>Start action : alertMessage = getAlertText()</message>
  <nestedLevel>1</nestedLevel>
  <escapedJava>false</escapedJava>
  <property name="startLine">56</property>
  <property name="stepIndex">10</property>
</record>
<record>
  <date>2026-09-15T06:26:04.634069700Z</date>
  <millis>1789453564634</millis>
  <nanos>69700</nanos>
  <sequence>753</sequence>
  <level>PASSED</level>
  <class>com.kms.katalon.core.logging.XmlKeywordLogger</class>
  <method>logMessage</method>
  <thread>1</thread>
  <message>Get alert text successfully: &amp;apos;Please enter UserName&amp;apos;</message>
  <nestedLevel>1</nestedLevel>
  <escapedJava>false</escapedJava>
  <property name="testops-method-name">com.kms.katalon.core.webui.keyword.builtin.GetAlertTextKeyword.getAlertText</property>
  <property name="testops-execution-stacktrace"></property>
</record>
<record>
  <date>2026-09-15T06:26:04.635071800Z</date>
  <millis>1789453564635</millis>
  <nanos>71800</nanos>
  <sequence>754</sequence>
  <level>END</level>
  <class>com.kms.katalon.core.logging.XmlKeywordLogger</class>
  <method>endKeyword</method>
  <thread>1</thread>
  <message>End action : alertMessage = getAlertText()</message>
  <nestedLevel>1</nestedLevel>
  <escapedJava>false</escapedJava>
</record>
<record>
  <date>2026-09-15T06:26:04.635071800Z</date>
  <millis>1789453564635</millis>
  <nanos>71800</nanos>
  <sequence>755</sequence>
  <level>START</level>
  <class>com.kms.katalon.core.logging.XmlKeywordLogger</class>
  <method>startKeyword</method>
  <thread>1</thread>
  <message>Start action : logInfo(&amp;quot;Alert Message: &amp;quot; + alertMessage)</message>
  <nestedLevel>1</nestedLevel>
  <escapedJava>false</escapedJava>
  <property name="startLine">58</property>
  <property name="stepIndex">11</property>
</record>
<record>
  <date>2026-09-15T06:26:04.635071800Z</date>
  <millis>1789453564635</millis>
  <nanos>71800</nanos>
  <sequence>756</sequence>
  <level>INFO</level>
  <class>com.kms.katalon.core.logging.XmlKeywordLogger</class>
  <method>logMessage</method>
  <thread>1</thread>
  <message>Alert Message: Please enter UserName</message>
  <nestedLevel>1</nestedLevel>
  <escapedJava>false</escapedJava>
</record>
<record>
  <date>2026-09-15T06:26:04.636071900Z</date>
  <millis>1789453564636</millis>
  <nanos>71900</nanos>
  <sequence>757</sequence>
  <level>END</level>
  <class>com.kms.katalon.core.logging.XmlKeywordLogger</class>
  <method>endKeyword</method>
  <thread>1</thread>
  <message>End action : logInfo(&amp;quot;Alert Message: &amp;quot; + alertMessage)</message>
  <nestedLevel>1</nestedLevel>
  <escapedJava>false</escapedJava>
</record>
<record>
  <date>2026-09-15T06:26:04.636071900Z</date>
  <millis>1789453564636</millis>
  <nanos>71900</nanos>
  <sequence>758</sequence>
  <level>START</level>
  <class>com.kms.katalon.core.logging.XmlKeywordLogger</class>
  <method>startKeyword</method>
  <thread>1</thread>
  <message>Start action : if (alertMessage.equalsIgnoreCase(expectedAlert))</message>
  <nestedLevel>1</nestedLevel>
  <escapedJava>false</escapedJava>
  <property name="startLine">60</property>
  <property name="stepIndex">12</property>
</record>
<record>
  <date>2026-09-15T06:26:04.637070300Z</date>
  <millis>1789453564637</millis>
  <nanos>70300</nanos>
  <sequence>759</sequence>
  <level>START</level>
  <class>com.kms.katalon.core.logging.XmlKeywordLogger</class>
  <method>startKeyword</method>
  <thread>1</thread>
  <message>Start action : markPassed(&amp;quot;Validation Passed: &amp;quot; + alertMessage)</message>
  <nestedLevel>2</nestedLevel>
  <escapedJava>false</escapedJava>
  <property name="startLine">62</property>
  <property name="stepIndex">1</property>
</record>
<record>
  <date>2026-09-15T06:26:04.637070300Z</date>
  <millis>1789453564637</millis>
  <nanos>70300</nanos>
  <sequence>761</sequence>
  <level>PASSED</level>
  <class>com.kms.katalon.core.logging.XmlKeywordLogger</class>
  <method>logMessage</method>
  <thread>1</thread>
  <message>Validation Passed: Please enter UserName</message>
  <nestedLevel>1</nestedLevel>
  <escapedJava>false</escapedJava>
  <property name="testops-execution-stacktrace">com.kms.katalon.core.logging.KeywordLogger.logPassed(KeywordLogger.java:351)
com.kms.katalon.core.logging.KeywordLogger.logPassed(KeywordLogger.java:346)
com.kms.katalon.core.util.KeywordUtil.markPassed(KeywordUtil.java:58)
IL_BlankUsername_BlankPassword_TC_107.run(IL_BlankUsername_BlankPassword_TC_107:62)
</property>
</record>
<record>
  <date>2026-09-15T06:26:04.638386500Z</date>
  <millis>1789453564638</millis>
  <nanos>386500</nanos>
  <sequence>762</sequence>
  <level>END</level>
  <class>com.kms.katalon.core.logging.XmlKeywordLogger</class>
  <method>endKeyword</method>
  <thread>1</thread>
  <message>End action : markPassed(&amp;quot;Validation Passed: &amp;quot; + alertMessage)</message>
  <nestedLevel>2</nestedLevel>
  <escapedJava>false</escapedJava>
</record>
<record>
  <date>2026-09-15T06:26:04.638386500Z</date>
  <millis>1789453564638</millis>
  <nanos>386500</nanos>
  <sequence>763</sequence>
  <level>END</level>
  <class>com.kms.katalon.core.logging.XmlKeywordLogger</class>
  <method>endKeyword</method>
  <thread>1</thread>
  <message>End action : if (alertMessage.equalsIgnoreCase(expectedAlert))</message>
  <nestedLevel>1</nestedLevel>
  <escapedJava>false</escapedJava>
</record>
<record>
  <date>2026-09-15T06:26:04.638386500Z</date>
  <millis>1789453564638</millis>
  <nanos>386500</nanos>
  <sequence>764</sequence>
  <level>START</level>
  <class>com.kms.katalon.core.logging.XmlKeywordLogger</class>
  <method>startKeyword</method>
  <thread>1</thread>
  <message>Start action : acceptAlert()</message>
  <nestedLevel>1</nestedLevel>
  <escapedJava>false</escapedJava>
  <property name="startLine">72</property>
  <property name="stepIndex">14</property>
</record>
<record>
  <date>2026-09-15T06:26:04.647264200Z</date>
  <millis>1789453564647</millis>
  <nanos>264200</nanos>
  <sequence>767</sequence>
  <level>PASSED</level>
  <class>com.kms.katalon.core.logging.XmlKeywordLogger</class>
  <method>logMessage</method>
  <thread>1</thread>
  <message>Alert accepted</message>
  <nestedLevel>1</nestedLevel>
  <escapedJava>false</escapedJava>
  <property name="testops-method-name">com.kms.katalon.core.webui.keyword.builtin.AcceptAlertKeyword.acceptAlert</property>
  <property name="testops-execution-stacktrace"></property>
</record>
<record>
  <date>2026-09-15T06:26:04.648701Z</date>
  <millis>1789453564648</millis>
  <nanos>701000</nanos>
  <sequence>768</sequence>
  <level>END</level>
  <class>com.kms.katalon.core.logging.XmlKeywordLogger</class>
  <method>endKeyword</method>
  <thread>1</thread>
  <message>End action : acceptAlert()</message>
  <nestedLevel>1</nestedLevel>
  <escapedJava>false</escapedJava>
</record>
<record>
  <date>2026-09-15T06:26:04.648701Z</date>
  <millis>1789453564648</millis>
  <nanos>701000</nanos>
  <sequence>769</sequence>
  <level>START</level>
  <class>com.kms.katalon.core.logging.XmlKeywordLogger</class>
  <method>startKeyword</method>
  <thread>1</thread>
  <message>Start action : closeBrowser()</message>
  <nestedLevel>1</nestedLevel>
  <escapedJava>false</escapedJava>
  <property name="startLine">74</property>
  <property name="stepIndex">15</property>
</record>
<record>
  <date>2026-09-15T06:26:04.797195800Z</date>
  <millis>1789453564797</millis>
  <nanos>195800</nanos>
  <sequence>772</sequence>
  <level>PASSED</level>
  <class>com.kms.katalon.core.logging.XmlKeywordLogger</class>
  <method>logMessage</method>
  <thread>1</thread>
  <message>Browser is closed</message>
  <nestedLevel>1</nestedLevel>
  <escapedJava>false</escapedJava>
  <property name="testops-method-name">com.kms.katalon.core.webui.keyword.builtin.CloseBrowserKeyword.closeBrowser</property>
  <property name="testops-execution-stacktrace"></property>
</record>
<record>
  <date>2026-09-15T06:26:04.798203700Z</date>
  <millis>1789453564798</millis>
  <nanos>203700</nanos>
  <sequence>773</sequence>
  <level>END</level>
  <class>com.kms.katalon.core.logging.XmlKeywordLogger</class>
  <method>endKeyword</method>
  <thread>1</thread>
  <message>End action : closeBrowser()</message>
  <nestedLevel>1</nestedLevel>
  <escapedJava>false</escapedJava>
</record>
<record>
  <date>2026-09-15T06:26:04.798203700Z</date>
  <millis>1789453564798</millis>
  <nanos>203700</nanos>
  <sequence>774</sequence>
  <level>PASSED</level>
  <class>com.kms.katalon.core.logging.XmlKeywordLogger</class>
  <method>logMessage</method>
  <thread>1</thread>
  <message>Test Cases/Common_Test_case/Login/InvalidLogin/IL_BlankUsername_BlankPassword_TC_107</message>
  <nestedLevel>1</nestedLevel>
  <escapedJava>false</escapedJava>
</record>
<record>
  <date>2026-09-15T06:26:04.798203700Z</date>
  <millis>1789453564798</millis>
  <nanos>203700</nanos>
  <sequence>775</sequence>
  <level>START</level>
  <class>com.kms.katalon.core.logging.XmlKeywordLogger</class>
  <method>startKeyword</method>
  <thread>1</thread>
  <message>Start listener action : afterTestCase</message>
  <nestedLevel>1</nestedLevel>
  <escapedJava>false</escapedJava>
</record>
<record>
  <date>2026-09-15T06:26:04.798203700Z</date>
  <millis>1789453564798</millis>
  <nanos>203700</nanos>
  <sequence>777</sequence>
  <level>START</level>
  <class>com.kms.katalon.core.logging.XmlKeywordLogger</class>
  <method>startKeyword</method>
  <thread>1</thread>
  <message>Start action : if (test == null)</message>
  <nestedLevel>1</nestedLevel>
  <escapedJava>false</escapedJava>
  <property name="startLine">51</property>
  <property name="stepIndex">1</property>
</record>
<record>
  <date>2026-09-15T06:26:04.798203700Z</date>
  <millis>1789453564798</millis>
  <nanos>203700</nanos>
  <sequence>778</sequence>
  <level>END</level>
  <class>com.kms.katalon.core.logging.XmlKeywordLogger</class>
  <method>endKeyword</method>
  <thread>1</thread>
  <message>End action : if (test == null)</message>
  <nestedLevel>1</nestedLevel>
  <escapedJava>false</escapedJava>
</record>
<record>
  <date>2026-09-15T06:26:04.798203700Z</date>
  <millis>1789453564798</millis>
  <nanos>203700</nanos>
  <sequence>779</sequence>
  <level>START</level>
  <class>com.kms.katalon.core.logging.XmlKeywordLogger</class>
  <method>startKeyword</method>
  <thread>1</thread>
  <message>Start action : status = testCaseContext.getTestCaseStatus()</message>
  <nestedLevel>1</nestedLevel>
  <escapedJava>false</escapedJava>
  <property name="startLine">57</property>
  <property name="stepIndex">2</property>
</record>
<record>
  <date>2026-09-15T06:26:04.798203700Z</date>
  <millis>1789453564798</millis>
  <nanos>203700</nanos>
  <sequence>780</sequence>
  <level>END</level>
  <class>com.kms.katalon.core.logging.XmlKeywordLogger</class>
  <method>endKeyword</method>
  <thread>1</thread>
  <message>End action : status = testCaseContext.getTestCaseStatus()</message>
  <nestedLevel>1</nestedLevel>
  <escapedJava>false</escapedJava>
</record>
<record>
  <date>2026-09-15T06:26:04.798203700Z</date>
  <millis>1789453564798</millis>
  <nanos>203700</nanos>
  <sequence>781</sequence>
  <level>START</level>
  <class>com.kms.katalon.core.logging.XmlKeywordLogger</class>
  <method>startKeyword</method>
  <thread>1</thread>
  <message>Start action : if (status == &amp;quot;PASSED&amp;quot;)</message>
  <nestedLevel>1</nestedLevel>
  <escapedJava>false</escapedJava>
  <property name="startLine">60</property>
  <property name="stepIndex">3</property>
</record>
<record>
  <date>2026-09-15T06:26:04.799210100Z</date>
  <millis>1789453564799</millis>
  <nanos>210100</nanos>
  <sequence>782</sequence>
  <level>START</level>
  <class>com.kms.katalon.core.logging.XmlKeywordLogger</class>
  <method>startKeyword</method>
  <thread>1</thread>
  <message>Start action : test.pass(&amp;quot;Test Case PASSED&amp;quot;)</message>
  <nestedLevel>2</nestedLevel>
  <escapedJava>false</escapedJava>
  <property name="startLine">62</property>
  <property name="stepIndex">1</property>
</record>
<record>
  <date>2026-09-15T06:26:04.799210100Z</date>
  <millis>1789453564799</millis>
  <nanos>210100</nanos>
  <sequence>783</sequence>
  <level>END</level>
  <class>com.kms.katalon.core.logging.XmlKeywordLogger</class>
  <method>endKeyword</method>
  <thread>1</thread>
  <message>End action : test.pass(&amp;quot;Test Case PASSED&amp;quot;)</message>
  <nestedLevel>2</nestedLevel>
  <escapedJava>false</escapedJava>
</record>
<record>
  <date>2026-09-15T06:26:04.799210100Z</date>
  <millis>1789453564799</millis>
  <nanos>210100</nanos>
  <sequence>784</sequence>
  <level>END</level>
  <class>com.kms.katalon.core.logging.XmlKeywordLogger</class>
  <method>endKeyword</method>
  <thread>1</thread>
  <message>End action : if (status == &amp;quot;PASSED&amp;quot;)</message>
  <nestedLevel>1</nestedLevel>
  <escapedJava>false</escapedJava>
</record>
<record>
  <date>2026-09-15T06:26:04.799210100Z</date>
  <millis>1789453564799</millis>
  <nanos>210100</nanos>
  <sequence>785</sequence>
  <level>START</level>
  <class>com.kms.katalon.core.logging.XmlKeywordLogger</class>
  <method>startKeyword</method>
  <thread>1</thread>
  <message>Start action : println(&amp;quot;Test Status : &amp;quot; + status)</message>
  <nestedLevel>1</nestedLevel>
  <escapedJava>false</escapedJava>
  <property name="startLine">73</property>
  <property name="stepIndex">6</property>
</record>
<record>
  <date>2026-09-15T06:26:04.799210100Z</date>
  <millis>1789453564799</millis>
  <nanos>210100</nanos>
  <sequence>787</sequence>
  <level>END</level>
  <class>com.kms.katalon.core.logging.XmlKeywordLogger</class>
  <method>endKeyword</method>
  <thread>1</thread>
  <message>End action : println(&amp;quot;Test Status : &amp;quot; + status)</message>
  <nestedLevel>1</nestedLevel>
  <escapedJava>false</escapedJava>
</record>
<record>
  <date>2026-09-15T06:26:04.799210100Z</date>
  <millis>1789453564799</millis>
  <nanos>210100</nanos>
  <sequence>788</sequence>
  <level>END</level>
  <class>com.kms.katalon.core.logging.XmlKeywordLogger</class>
  <method>endKeyword</method>
  <thread>1</thread>
  <message>End listener action : afterTestCase</message>
  <nestedLevel>1</nestedLevel>
  <escapedJava>false</escapedJava>
</record>
<record>
  <date>2026-09-15T06:26:04.799210100Z</date>
  <millis>1789453564799</millis>
  <nanos>210100</nanos>
  <sequence>789</sequence>
  <level>START</level>
  <class>com.kms.katalon.core.logging.XmlKeywordLogger</class>
  <method>startKeyword</method>
  <thread>1</thread>
  <message>Start listener action : sampleAfterTestCase</message>
  <nestedLevel>1</nestedLevel>
  <escapedJava>false</escapedJava>
</record>
<record>
  <date>2026-09-15T06:26:04.799210100Z</date>
  <millis>1789453564799</millis>
  <nanos>210100</nanos>
  <sequence>791</sequence>
  <level>START</level>
  <class>com.kms.katalon.core.logging.XmlKeywordLogger</class>
  <method>startKeyword</method>
  <thread>1</thread>
  <message>Start action : closeBrowser()</message>
  <nestedLevel>1</nestedLevel>
  <escapedJava>false</escapedJava>
  <property name="startLine">93</property>
  <property name="stepIndex">1</property>
</record>
<record>
  <date>2026-09-15T06:26:04.800209600Z</date>
  <millis>1789453564800</millis>
  <nanos>209600</nanos>
  <sequence>794</sequence>
  <level>PASSED</level>
  <class>com.kms.katalon.core.logging.XmlKeywordLogger</class>
  <method>logMessage</method>
  <thread>1</thread>
  <message>Browser is closed</message>
  <nestedLevel>1</nestedLevel>
  <escapedJava>false</escapedJava>
  <property name="testops-method-name">com.kms.katalon.core.webui.keyword.builtin.CloseBrowserKeyword.closeBrowser</property>
  <property name="testops-execution-stacktrace"></property>
</record>
<record>
  <date>2026-09-15T06:26:04.800209600Z</date>
  <millis>1789453564800</millis>
  <nanos>209600</nanos>
  <sequence>796</sequence>
  <level>END</level>
  <class>com.kms.katalon.core.logging.XmlKeywordLogger</class>
  <method>endKeyword</method>
  <thread>1</thread>
  <message>End action : closeBrowser()</message>
  <nestedLevel>1</nestedLevel>
  <escapedJava>false</escapedJava>
</record>
<record>
  <date>2026-09-15T06:26:04.800209600Z</date>
  <millis>1789453564800</millis>
  <nanos>209600</nanos>
  <sequence>797</sequence>
  <level>END</level>
  <class>com.kms.katalon.core.logging.XmlKeywordLogger</class>
  <method>endKeyword</method>
  <thread>1</thread>
  <message>End listener action : sampleAfterTestCase</message>
  <nestedLevel>1</nestedLevel>
  <escapedJava>false</escapedJava>
</record>
<record>
  <date>2026-09-15T06:26:04.800209600Z</date>
  <millis>1789453564800</millis>
  <nanos>209600</nanos>
  <sequence>798</sequence>
  <level>END</level>
  <class>com.kms.katalon.core.logging.XmlKeywordLogger</class>
  <method>endTest</method>
  <thread>1</thread>
  <message>End Test Case : Test Cases/Common_Test_case/Login/InvalidLogin/IL_BlankUsername_BlankPassword_TC_107</message>
  <nestedLevel>0</nestedLevel>
  <escapedJava>false</escapedJava>
  <property name="executionBindingVariables">[
  {
    &quot;value&quot;: &quot;https://sahibnkmitraqc.banksekure.com/EKYCWeb/&quot;,
    &quot;isDefault&quot;: false,
    &quot;name&quot;: &quot;appUrl&quot;,
    &quot;masked&quot;: false
  },
  {
    &quot;value&quot;: &quot;&quot;,
    &quot;isDefault&quot;: true,
    &quot;name&quot;: &quot;Userid&quot;,
    &quot;masked&quot;: false
  },
  {
    &quot;value&quot;: &quot;&quot;,
    &quot;isDefault&quot;: true,
    &quot;name&quot;: &quot;Password&quot;,
    &quot;masked&quot;: false
  },
  {
    &quot;value&quot;: &quot;i6Lvk10&quot;,
    &quot;isDefault&quot;: false,
    &quot;name&quot;: &quot;Captcha&quot;,
    &quot;masked&quot;: false
  }
]</property>
  <property name="applitools">false</property>
  <property name="executedKeywords">{
  &quot;WebUI.closeBrowser&quot;: 2,
  &quot;WebUI.maximizeWindow&quot;: 1,
  &quot;WebUI.click&quot;: 1,
  &quot;WebUI.navigateToUrl&quot;: 1,
  &quot;WebUI.clearText&quot;: 2,
  &quot;WebUI.getAlertText&quot;: 1,
  &quot;WebUI.openBrowser&quot;: 1,
  &quot;BuiltIn.delay&quot;: 1,
  &quot;WebUI.acceptAlert&quot;: 1,
  &quot;WebUI.setText&quot;: 1
}</property>
  <property name="keywordsUsage">{
  &quot;web_ui&quot;: true,
  &quot;web_service&quot;: false,
  &quot;cucumber&quot;: false,
  &quot;builtin&quot;: true,
  &quot;mobile&quot;: false,
  &quot;windows&quot;: false,
  &quot;testng&quot;: false
}</property>
</record>
<record>
  <date>2026-09-15T06:26:04.811726500Z</date>
  <millis>1789453564811</millis>
  <nanos>726500</nanos>
  <sequence>799</sequence>
  <level>START</level>
  <class>com.kms.katalon.core.logging.XmlKeywordLogger</class>
  <method>startTest</method>
  <thread>1</thread>
  <message>Start Test Case : Test Cases/Common_Test_case/Login/InvalidLogin/IL_SpecialCharacterUsername_ValidPassword_TC_108</message>
  <nestedLevel>1</nestedLevel>
  <escapedJava>false</escapedJava>
  <property name="origin"></property>
  <property name="name">Test Cases/Common_Test_case/Login/InvalidLogin/IL_SpecialCharacterUsername_ValidPassword_TC_108</property>
  <property name="description"></property>
  <property name="iteration"></property>
  <property name="id">Test Cases/Common_Test_case/Login/InvalidLogin/IL_SpecialCharacterUsername_ValidPassword_TC_108</property>
  <property name="source">F:\SahiBnk Mitra DSB\Test Cases\Common_Test_case\Login\InvalidLogin\IL_SpecialCharacterUsername_ValidPassword_TC_108.tc</property>
  <property name="tag"></property>
  <property name="isOptional">false</property>
  <property name="uuid">b84b4f33-d2ec-49e2-8c74-3b2aa62a4303</property>
</record>
<record>
  <date>2026-09-15T06:26:04.815726400Z</date>
  <millis>1789453564815</millis>
  <nanos>726400</nanos>
  <sequence>801</sequence>
  <level>INFO</level>
  <class>com.kms.katalon.core.logging.XmlKeywordLogger</class>
  <method>logMessage</method>
  <thread>1</thread>
  <message>appUrl = https://sahibnkmitraqc.banksekure.com/EKYCWeb/</message>
  <nestedLevel>1</nestedLevel>
  <escapedJava>false</escapedJava>
</record>
<record>
  <date>2026-09-15T06:26:04.815726400Z</date>
  <millis>1789453564815</millis>
  <nanos>726400</nanos>
  <sequence>802</sequence>
  <level>INFO</level>
  <class>com.kms.katalon.core.logging.XmlKeywordLogger</class>
  <method>logMessage</method>
  <thread>1</thread>
  <message>userid = Kdd@#ff</message>
  <nestedLevel>1</nestedLevel>
  <escapedJava>false</escapedJava>
</record>
<record>
  <date>2026-09-15T06:26:04.815726400Z</date>
  <millis>1789453564815</millis>
  <nanos>726400</nanos>
  <sequence>803</sequence>
  <level>INFO</level>
  <class>com.kms.katalon.core.logging.XmlKeywordLogger</class>
  <method>logMessage</method>
  <thread>1</thread>
  <message>Password = E/nTi+Q24sDkSmJpzmCoHQ==</message>
  <nestedLevel>1</nestedLevel>
  <escapedJava>false</escapedJava>
</record>
<record>
  <date>2026-09-15T06:26:04.815726400Z</date>
  <millis>1789453564815</millis>
  <nanos>726400</nanos>
  <sequence>804</sequence>
  <level>INFO</level>
  <class>com.kms.katalon.core.logging.XmlKeywordLogger</class>
  <method>logMessage</method>
  <thread>1</thread>
  <message>Captcha = i6Lvk11</message>
  <nestedLevel>1</nestedLevel>
  <escapedJava>false</escapedJava>
</record>
<record>
  <date>2026-09-15T06:26:04.815726400Z</date>
  <millis>1789453564815</millis>
  <nanos>726400</nanos>
  <sequence>805</sequence>
  <level>RUN_DATA</level>
  <class>com.kms.katalon.core.logging.XmlKeywordLogger</class>
  <method>logMessage</method>
  <thread>1</thread>
  <message>executionBindingVariables = [
  {
    &amp;quot;value&amp;quot;: &amp;quot;https://sahibnkmitraqc.banksekure.com/EKYCWeb/&amp;quot;,
    &amp;quot;isDefault&amp;quot;: false,
    &amp;quot;name&amp;quot;: &amp;quot;appUrl&amp;quot;,
    &amp;quot;masked&amp;quot;: false
  },
  {
    &amp;quot;value&amp;quot;: &amp;quot;Kdd@#ff&amp;quot;,
    &amp;quot;isDefault&amp;quot;: false,
    &amp;quot;name&amp;quot;: &amp;quot;userid&amp;quot;,
    &amp;quot;masked&amp;quot;: false
  },
  {
    &amp;quot;value&amp;quot;: &amp;quot;E/nTi+Q24sDkSmJpzmCoHQ\u003d\u003d&amp;quot;,
    &amp;quot;isDefault&amp;quot;: false,
    &amp;quot;name&amp;quot;: &amp;quot;Password&amp;quot;,
    &amp;quot;masked&amp;quot;: false
  },
  {
    &amp;quot;value&amp;quot;: &amp;quot;i6Lvk11&amp;quot;,
    &amp;quot;isDefault&amp;quot;: false,
    &amp;quot;name&amp;quot;: &amp;quot;Captcha&amp;quot;,
    &amp;quot;masked&amp;quot;: false
  }
]</message>
  <nestedLevel>1</nestedLevel>
  <escapedJava>false</escapedJava>
  <property name="executionBindingVariables">[
  {
    &quot;value&quot;: &quot;https://sahibnkmitraqc.banksekure.com/EKYCWeb/&quot;,
    &quot;isDefault&quot;: false,
    &quot;name&quot;: &quot;appUrl&quot;,
    &quot;masked&quot;: false
  },
  {
    &quot;value&quot;: &quot;Kdd@#ff&quot;,
    &quot;isDefault&quot;: false,
    &quot;name&quot;: &quot;userid&quot;,
    &quot;masked&quot;: false
  },
  {
    &quot;value&quot;: &quot;E/nTi+Q24sDkSmJpzmCoHQ\u003d\u003d&quot;,
    &quot;isDefault&quot;: false,
    &quot;name&quot;: &quot;Password&quot;,
    &quot;masked&quot;: false
  },
  {
    &quot;value&quot;: &quot;i6Lvk11&quot;,
    &quot;isDefault&quot;: false,
    &quot;name&quot;: &quot;Captcha&quot;,
    &quot;masked&quot;: false
  }
]</property>
</record>
<record>
  <date>2026-09-15T06:26:04.816726500Z</date>
  <millis>1789453564816</millis>
  <nanos>726500</nanos>
  <sequence>806</sequence>
  <level>START</level>
  <class>com.kms.katalon.core.logging.XmlKeywordLogger</class>
  <method>startKeyword</method>
  <thread>1</thread>
  <message>Start listener action : beforeTestCase</message>
  <nestedLevel>1</nestedLevel>
  <escapedJava>false</escapedJava>
</record>
<record>
  <date>2026-09-15T06:26:04.816726500Z</date>
  <millis>1789453564816</millis>
  <nanos>726500</nanos>
  <sequence>808</sequence>
  <level>START</level>
  <class>com.kms.katalon.core.logging.XmlKeywordLogger</class>
  <method>startKeyword</method>
  <thread>1</thread>
  <message>Start action : if (extent != null)</message>
  <nestedLevel>1</nestedLevel>
  <escapedJava>false</escapedJava>
  <property name="startLine">33</property>
  <property name="stepIndex">1</property>
</record>
<record>
  <date>2026-09-15T06:26:04.816726500Z</date>
  <millis>1789453564816</millis>
  <nanos>726500</nanos>
  <sequence>809</sequence>
  <level>START</level>
  <class>com.kms.katalon.core.logging.XmlKeywordLogger</class>
  <method>startKeyword</method>
  <thread>1</thread>
  <message>Start action : test = extent.createTest(testCaseContext.getTestCaseId())</message>
  <nestedLevel>2</nestedLevel>
  <escapedJava>false</escapedJava>
  <property name="startLine">35</property>
  <property name="stepIndex">1</property>
</record>
<record>
  <date>2026-09-15T06:26:04.816726500Z</date>
  <millis>1789453564816</millis>
  <nanos>726500</nanos>
  <sequence>810</sequence>
  <level>END</level>
  <class>com.kms.katalon.core.logging.XmlKeywordLogger</class>
  <method>endKeyword</method>
  <thread>1</thread>
  <message>End action : test = extent.createTest(testCaseContext.getTestCaseId())</message>
  <nestedLevel>2</nestedLevel>
  <escapedJava>false</escapedJava>
</record>
<record>
  <date>2026-09-15T06:26:04.816726500Z</date>
  <millis>1789453564816</millis>
  <nanos>726500</nanos>
  <sequence>811</sequence>
  <level>START</level>
  <class>com.kms.katalon.core.logging.XmlKeywordLogger</class>
  <method>startKeyword</method>
  <thread>1</thread>
  <message>Start action : println(&amp;quot;Test Created : &amp;quot; + testCaseContext.getTestCaseId())</message>
  <nestedLevel>2</nestedLevel>
  <escapedJava>false</escapedJava>
  <property name="startLine">39</property>
  <property name="stepIndex">2</property>
</record>
<record>
  <date>2026-09-15T06:26:04.816726500Z</date>
  <millis>1789453564816</millis>
  <nanos>726500</nanos>
  <sequence>813</sequence>
  <level>END</level>
  <class>com.kms.katalon.core.logging.XmlKeywordLogger</class>
  <method>endKeyword</method>
  <thread>1</thread>
  <message>End action : println(&amp;quot;Test Created : &amp;quot; + testCaseContext.getTestCaseId())</message>
  <nestedLevel>2</nestedLevel>
  <escapedJava>false</escapedJava>
</record>
<record>
  <date>2026-09-15T06:26:04.816726500Z</date>
  <millis>1789453564816</millis>
  <nanos>726500</nanos>
  <sequence>814</sequence>
  <level>END</level>
  <class>com.kms.katalon.core.logging.XmlKeywordLogger</class>
  <method>endKeyword</method>
  <thread>1</thread>
  <message>End action : if (extent != null)</message>
  <nestedLevel>1</nestedLevel>
  <escapedJava>false</escapedJava>
</record>
<record>
  <date>2026-09-15T06:26:04.816726500Z</date>
  <millis>1789453564816</millis>
  <nanos>726500</nanos>
  <sequence>815</sequence>
  <level>END</level>
  <class>com.kms.katalon.core.logging.XmlKeywordLogger</class>
  <method>endKeyword</method>
  <thread>1</thread>
  <message>End listener action : beforeTestCase</message>
  <nestedLevel>1</nestedLevel>
  <escapedJava>false</escapedJava>
</record>
<record>
  <date>2026-09-15T06:26:04.816726500Z</date>
  <millis>1789453564816</millis>
  <nanos>726500</nanos>
  <sequence>816</sequence>
  <level>START</level>
  <class>com.kms.katalon.core.logging.XmlKeywordLogger</class>
  <method>startKeyword</method>
  <thread>1</thread>
  <message>Start listener action : beforeTestCase</message>
  <nestedLevel>1</nestedLevel>
  <escapedJava>false</escapedJava>
</record>
<record>
  <date>2026-09-15T06:26:04.816726500Z</date>
  <millis>1789453564816</millis>
  <nanos>726500</nanos>
  <sequence>818</sequence>
  <level>START</level>
  <class>com.kms.katalon.core.logging.XmlKeywordLogger</class>
  <method>startKeyword</method>
  <thread>1</thread>
  <message>Start action : tcName = testCaseContext.getTestCaseId()</message>
  <nestedLevel>1</nestedLevel>
  <escapedJava>false</escapedJava>
  <property name="startLine">34</property>
  <property name="stepIndex">1</property>
</record>
<record>
  <date>2026-09-15T06:26:04.816726500Z</date>
  <millis>1789453564816</millis>
  <nanos>726500</nanos>
  <sequence>819</sequence>
  <level>END</level>
  <class>com.kms.katalon.core.logging.XmlKeywordLogger</class>
  <method>endKeyword</method>
  <thread>1</thread>
  <message>End action : tcName = testCaseContext.getTestCaseId()</message>
  <nestedLevel>1</nestedLevel>
  <escapedJava>false</escapedJava>
</record>
<record>
  <date>2026-09-15T06:26:04.816726500Z</date>
  <millis>1789453564816</millis>
  <nanos>726500</nanos>
  <sequence>820</sequence>
  <level>START</level>
  <class>com.kms.katalon.core.logging.XmlKeywordLogger</class>
  <method>startKeyword</method>
  <thread>1</thread>
  <message>Start action : if (tcName.contains(&amp;quot;Test Cases/Common_Test_case/Login&amp;quot;) || tcName.contains(&amp;quot;Test Cases/Profile_status&amp;quot;))</message>
  <nestedLevel>1</nestedLevel>
  <escapedJava>false</escapedJava>
  <property name="startLine">37</property>
  <property name="stepIndex">2</property>
</record>
<record>
  <date>2026-09-15T06:26:04.816726500Z</date>
  <millis>1789453564816</millis>
  <nanos>726500</nanos>
  <sequence>821</sequence>
  <level>START</level>
  <class>com.kms.katalon.core.logging.XmlKeywordLogger</class>
  <method>startKeyword</method>
  <thread>1</thread>
  <message>Start action : logInfo(&amp;quot;Login Module Detected - Listener Skipped&amp;quot;)</message>
  <nestedLevel>2</nestedLevel>
  <escapedJava>false</escapedJava>
  <property name="startLine">43</property>
  <property name="stepIndex">1</property>
</record>
<record>
  <date>2026-09-15T06:26:04.816726500Z</date>
  <millis>1789453564816</millis>
  <nanos>726500</nanos>
  <sequence>822</sequence>
  <level>INFO</level>
  <class>com.kms.katalon.core.logging.XmlKeywordLogger</class>
  <method>logMessage</method>
  <thread>1</thread>
  <message>Login Module Detected - Listener Skipped</message>
  <nestedLevel>1</nestedLevel>
  <escapedJava>false</escapedJava>
</record>
<record>
  <date>2026-09-15T06:26:04.816726500Z</date>
  <millis>1789453564816</millis>
  <nanos>726500</nanos>
  <sequence>823</sequence>
  <level>END</level>
  <class>com.kms.katalon.core.logging.XmlKeywordLogger</class>
  <method>endKeyword</method>
  <thread>1</thread>
  <message>End action : logInfo(&amp;quot;Login Module Detected - Listener Skipped&amp;quot;)</message>
  <nestedLevel>2</nestedLevel>
  <escapedJava>false</escapedJava>
</record>
<record>
  <date>2026-09-15T06:26:04.817899600Z</date>
  <millis>1789453564817</millis>
  <nanos>899600</nanos>
  <sequence>824</sequence>
  <level>START</level>
  <class>com.kms.katalon.core.logging.XmlKeywordLogger</class>
  <method>startKeyword</method>
  <thread>1</thread>
  <message>Start action : return null</message>
  <nestedLevel>2</nestedLevel>
  <escapedJava>false</escapedJava>
  <property name="startLine">45</property>
  <property name="stepIndex">2</property>
</record>
<record>
  <date>2026-09-15T06:26:04.817899600Z</date>
  <millis>1789453564817</millis>
  <nanos>899600</nanos>
  <sequence>826</sequence>
  <level>END</level>
  <class>com.kms.katalon.core.logging.XmlKeywordLogger</class>
  <method>endKeyword</method>
  <thread>1</thread>
  <message>End action : return null</message>
  <nestedLevel>2</nestedLevel>
  <escapedJava>false</escapedJava>
</record>
<record>
  <date>2026-09-15T06:26:04.817899600Z</date>
  <millis>1789453564817</millis>
  <nanos>899600</nanos>
  <sequence>827</sequence>
  <level>END</level>
  <class>com.kms.katalon.core.logging.XmlKeywordLogger</class>
  <method>endKeyword</method>
  <thread>1</thread>
  <message>End action : if (tcName.contains(&amp;quot;Test Cases/Common_Test_case/Login&amp;quot;) || tcName.contains(&amp;quot;Test Cases/Profile_status&amp;quot;))</message>
  <nestedLevel>1</nestedLevel>
  <escapedJava>false</escapedJava>
</record>
<record>
  <date>2026-09-15T06:26:04.817899600Z</date>
  <millis>1789453564817</millis>
  <nanos>899600</nanos>
  <sequence>828</sequence>
  <level>END</level>
  <class>com.kms.katalon.core.logging.XmlKeywordLogger</class>
  <method>endKeyword</method>
  <thread>1</thread>
  <message>End listener action : beforeTestCase</message>
  <nestedLevel>1</nestedLevel>
  <escapedJava>false</escapedJava>
</record>
<record>
  <date>2026-09-15T06:26:04.851941100Z</date>
  <millis>1789453564851</millis>
  <nanos>941100</nanos>
  <sequence>829</sequence>
  <level>START</level>
  <class>com.kms.katalon.core.logging.XmlKeywordLogger</class>
  <method>startKeyword</method>
  <thread>1</thread>
  <message>Start action : openBrowser(&amp;quot;&amp;quot;)</message>
  <nestedLevel>1</nestedLevel>
  <escapedJava>false</escapedJava>
  <property name="startLine">21</property>
  <property name="stepIndex">1</property>
</record>
<record>
  <date>2026-09-15T06:26:04.852942400Z</date>
  <millis>1789453564852</millis>
  <nanos>942400</nanos>
  <sequence>832</sequence>
  <level>INFO</level>
  <class>com.kms.katalon.core.logging.XmlKeywordLogger</class>
  <method>logMessage</method>
  <thread>1</thread>
  <message>Starting &amp;apos;Chrome&amp;apos; driver</message>
  <nestedLevel>1</nestedLevel>
  <escapedJava>false</escapedJava>
</record>
<record>
  <date>2026-09-15T06:26:04.852942400Z</date>
  <millis>1789453564852</millis>
  <nanos>942400</nanos>
  <sequence>833</sequence>
  <level>INFO</level>
  <class>com.kms.katalon.core.logging.XmlKeywordLogger</class>
  <method>logMessage</method>
  <thread>1</thread>
  <message>Action delay is set to 0 milliseconds</message>
  <nestedLevel>1</nestedLevel>
  <escapedJava>false</escapedJava>
</record>
<record>
  <date>2026-09-15T06:26:05.530092900Z</date>
  <millis>1789453565530</millis>
  <nanos>92900</nanos>
  <sequence>836</sequence>
  <level>RUN_DATA</level>
  <class>com.kms.katalon.core.logging.XmlKeywordLogger</class>
  <method>logMessage</method>
  <thread>1</thread>
  <message>sessionId = ca01c50ea6762c6cc48bb83e0686a3a7</message>
  <nestedLevel>1</nestedLevel>
  <escapedJava>false</escapedJava>
  <property name="sessionId">ca01c50ea6762c6cc48bb83e0686a3a7</property>
</record>
<record>
  <date>2026-09-15T06:26:05.531092500Z</date>
  <millis>1789453565531</millis>
  <nanos>92500</nanos>
  <sequence>837</sequence>
  <level>RUN_DATA</level>
  <class>com.kms.katalon.core.logging.XmlKeywordLogger</class>
  <method>logMessage</method>
  <thread>1</thread>
  <message>browser = Chrome 152.0.7977.84</message>
  <nestedLevel>1</nestedLevel>
  <escapedJava>false</escapedJava>
  <property name="browser">Chrome 152.0.7977.84</property>
</record>
<record>
  <date>2026-09-15T06:26:05.531092500Z</date>
  <millis>1789453565531</millis>
  <nanos>92500</nanos>
  <sequence>838</sequence>
  <level>RUN_DATA</level>
  <class>com.kms.katalon.core.logging.XmlKeywordLogger</class>
  <method>logMessage</method>
  <thread>1</thread>
  <message>platform = Windows 11</message>
  <nestedLevel>1</nestedLevel>
  <escapedJava>false</escapedJava>
  <property name="platform">Windows 11</property>
</record>
<record>
  <date>2026-09-15T06:26:05.531092500Z</date>
  <millis>1789453565531</millis>
  <nanos>92500</nanos>
  <sequence>839</sequence>
  <level>RUN_DATA</level>
  <class>com.kms.katalon.core.logging.XmlKeywordLogger</class>
  <method>logMessage</method>
  <thread>1</thread>
  <message>seleniumVersion = 4.39.0</message>
  <nestedLevel>1</nestedLevel>
  <escapedJava>false</escapedJava>
  <property name="seleniumVersion">4.39.0</property>
</record>
<record>
  <date>2026-09-15T06:26:05.532093500Z</date>
  <millis>1789453565532</millis>
  <nanos>93500</nanos>
  <sequence>840</sequence>
  <level>RUN_DATA</level>
  <class>com.kms.katalon.core.logging.XmlKeywordLogger</class>
  <method>logMessage</method>
  <thread>1</thread>
  <message>proxyInformation = ProxyInformation { proxyOption=NO_PROXY, proxyServerType=HTTP, username=, password=********, proxyServerAddress=, proxyServerPort=0, executionList=&amp;quot;&amp;quot;, isApplyToDesiredCapabilities=true }</message>
  <nestedLevel>1</nestedLevel>
  <escapedJava>false</escapedJava>
  <property name="proxyInformation">ProxyInformation { proxyOption=NO_PROXY, proxyServerType=HTTP, username=, password=********, proxyServerAddress=, proxyServerPort=0, executionList=&quot;&quot;, isApplyToDesiredCapabilities=true }</property>
</record>
<record>
  <date>2026-09-15T06:26:05.551392300Z</date>
  <millis>1789453565551</millis>
  <nanos>392300</nanos>
  <sequence>841</sequence>
  <level>PASSED</level>
  <class>com.kms.katalon.core.logging.XmlKeywordLogger</class>
  <method>logMessage</method>
  <thread>1</thread>
  <message>Browser is opened with url: &amp;apos;&amp;apos;</message>
  <nestedLevel>1</nestedLevel>
  <escapedJava>false</escapedJava>
  <property name="testops-method-name">com.kms.katalon.core.webui.keyword.builtin.OpenBrowserKeyword.openBrowser</property>
  <property name="testops-execution-stacktrace"></property>
</record>
<record>
  <date>2026-09-15T06:26:05.552391800Z</date>
  <millis>1789453565552</millis>
  <nanos>391800</nanos>
  <sequence>842</sequence>
  <level>END</level>
  <class>com.kms.katalon.core.logging.XmlKeywordLogger</class>
  <method>endKeyword</method>
  <thread>1</thread>
  <message>End action : openBrowser(&amp;quot;&amp;quot;)</message>
  <nestedLevel>1</nestedLevel>
  <escapedJava>false</escapedJava>
</record>
<record>
  <date>2026-09-15T06:26:05.552391800Z</date>
  <millis>1789453565552</millis>
  <nanos>391800</nanos>
  <sequence>843</sequence>
  <level>START</level>
  <class>com.kms.katalon.core.logging.XmlKeywordLogger</class>
  <method>startKeyword</method>
  <thread>1</thread>
  <message>Start action : maximizeWindow()</message>
  <nestedLevel>1</nestedLevel>
  <escapedJava>false</escapedJava>
  <property name="startLine">22</property>
  <property name="stepIndex">2</property>
</record>
<record>
  <date>2026-09-15T06:26:05.582827900Z</date>
  <millis>1789453565582</millis>
  <nanos>827900</nanos>
  <sequence>846</sequence>
  <level>PASSED</level>
  <class>com.kms.katalon.core.logging.XmlKeywordLogger</class>
  <method>logMessage</method>
  <thread>1</thread>
  <message>Current window maximized</message>
  <nestedLevel>1</nestedLevel>
  <escapedJava>false</escapedJava>
  <property name="testops-method-name">com.kms.katalon.core.webui.keyword.builtin.MaximizeWindowKeyword.maximizeWindow</property>
  <property name="testops-execution-stacktrace"></property>
</record>
<record>
  <date>2026-09-15T06:26:05.583827500Z</date>
  <millis>1789453565583</millis>
  <nanos>827500</nanos>
  <sequence>847</sequence>
  <level>END</level>
  <class>com.kms.katalon.core.logging.XmlKeywordLogger</class>
  <method>endKeyword</method>
  <thread>1</thread>
  <message>End action : maximizeWindow()</message>
  <nestedLevel>1</nestedLevel>
  <escapedJava>false</escapedJava>
</record>
<record>
  <date>2026-09-15T06:26:05.583827500Z</date>
  <millis>1789453565583</millis>
  <nanos>827500</nanos>
  <sequence>848</sequence>
  <level>START</level>
  <class>com.kms.katalon.core.logging.XmlKeywordLogger</class>
  <method>startKeyword</method>
  <thread>1</thread>
  <message>Start action : navigateToUrl(appUrl)</message>
  <nestedLevel>1</nestedLevel>
  <escapedJava>false</escapedJava>
  <property name="startLine">23</property>
  <property name="stepIndex">3</property>
</record>
<record>
  <date>2026-09-15T06:26:07.302792800Z</date>
  <millis>1789453567302</millis>
  <nanos>792800</nanos>
  <sequence>852</sequence>
  <level>PASSED</level>
  <class>com.kms.katalon.core.logging.XmlKeywordLogger</class>
  <method>logMessage</method>
  <thread>1</thread>
  <message>Navigate to &amp;apos;https://sahibnkmitraqc.banksekure.com/EKYCWeb/&amp;apos; successfully</message>
  <nestedLevel>1</nestedLevel>
  <escapedJava>false</escapedJava>
  <property name="testops-method-name">com.kms.katalon.core.webui.keyword.builtin.NavigateToUrlKeyword.navigateToUrl</property>
  <property name="testops-execution-stacktrace"></property>
</record>
<record>
  <date>2026-09-15T06:26:07.303793Z</date>
  <millis>1789453567303</millis>
  <nanos>793000</nanos>
  <sequence>853</sequence>
  <level>END</level>
  <class>com.kms.katalon.core.logging.XmlKeywordLogger</class>
  <method>endKeyword</method>
  <thread>1</thread>
  <message>End action : navigateToUrl(appUrl)</message>
  <nestedLevel>1</nestedLevel>
  <escapedJava>false</escapedJava>
</record>
<record>
  <date>2026-09-15T06:26:07.303793Z</date>
  <millis>1789453567303</millis>
  <nanos>793000</nanos>
  <sequence>854</sequence>
  <level>START</level>
  <class>com.kms.katalon.core.logging.XmlKeywordLogger</class>
  <method>startKeyword</method>
  <thread>1</thread>
  <message>Start action : setText(findTestObject(&amp;quot;Agentstatusrepository/Page_Agent Management System/input_Enter User Name&amp;quot;), userid)</message>
  <nestedLevel>1</nestedLevel>
  <escapedJava>false</escapedJava>
  <property name="startLine">26</property>
  <property name="stepIndex">4</property>
</record>
<record>
  <date>2026-09-15T06:26:07.870057900Z</date>
  <millis>1789453567870</millis>
  <nanos>57900</nanos>
  <sequence>868</sequence>
  <level>PASSED</level>
  <class>com.kms.katalon.core.logging.XmlKeywordLogger</class>
  <method>logMessage</method>
  <thread>1</thread>
  <message>Text &amp;apos;Kdd@#ff&amp;apos; is set on object &amp;apos;Object Repository/Agentstatusrepository/Page_Agent Management System/input_Enter User Name&amp;apos;</message>
  <nestedLevel>1</nestedLevel>
  <escapedJava>false</escapedJava>
  <property name="testops-method-name">com.kms.katalon.core.webui.keyword.internal.WebUIKeywordMain.runKeywordUntilTimeout</property>
  <property name="testops-execution-stacktrace">com.kms.katalon.core.logging.KeywordLogger.logPassed(KeywordLogger.java:351)
com.kms.katalon.core.logging.KeywordLogger.logPassed(KeywordLogger.java:346)
com.kms.katalon.core.webui.keyword.builtin.SetTextKeyword$_setText_closure1.doCall(SetTextKeyword.groovy:99)
java.base/jdk.internal.reflect.DirectMethodHandleAccessor.invoke(DirectMethodHandleAccessor.java:103)
jdk.proxy2/jdk.proxy2.$Proxy60.execute(Unknown Source)
com.kms.katalon.core.webui.model.SeleniumActionRetryController.performAction(SeleniumActionRetryController.java:96)
com.kms.katalon.core.webui.model.SeleniumActionRetryController.performAction(SeleniumActionRetryController.java:83)
com.kms.katalon.core.webui.keyword.internal.WebUIKeywordMain$_runKeywordUntilTimeout_closure1.doCall(WebUIKeywordMain.groovy:135)
com.kms.katalon.core.webui.keyword.internal.WebUIKeywordMain$_runKeywordUntilTimeout_closure1.call(WebUIKeywordMain.groovy)
com.kms.katalon.core.webui.keyword.internal.WebUIKeywordMain.runKeyword(WebUIKeywordMain.groovy:41)
com.kms.katalon.core.webui.keyword.internal.WebUIKeywordMain.runKeywordUntilTimeout(WebUIKeywordMain.groovy:133)
com.kms.katalon.core.webui.keyword.builtin.SetTextKeyword.setText(SetTextKeyword.groovy:106)
com.kms.katalon.core.webui.keyword.builtin.SetTextKeyword.execute(SetTextKeyword.groovy:49)
com.kms.katalon.core.keyword.internal.KeywordExecutor.executeKeywordForPlatform(KeywordExecutor.groovy:104)
com.kms.katalon.core.webui.keyword.WebUiBuiltInKeywords.setText(WebUiBuiltInKeywords.groovy:1082)
IL_SpecialCharacterUsername_ValidPassword_TC_108.run(IL_SpecialCharacterUsername_ValidPassword_TC_108:26)
</property>
</record>
<record>
  <date>2026-09-15T06:26:07.871056400Z</date>
  <millis>1789453567871</millis>
  <nanos>56400</nanos>
  <sequence>869</sequence>
  <level>END</level>
  <class>com.kms.katalon.core.logging.XmlKeywordLogger</class>
  <method>endKeyword</method>
  <thread>1</thread>
  <message>End action : setText(findTestObject(&amp;quot;Agentstatusrepository/Page_Agent Management System/input_Enter User Name&amp;quot;), userid)</message>
  <nestedLevel>1</nestedLevel>
  <escapedJava>false</escapedJava>
</record>
<record>
  <date>2026-09-15T06:26:07.871056400Z</date>
  <millis>1789453567871</millis>
  <nanos>56400</nanos>
  <sequence>870</sequence>
  <level>START</level>
  <class>com.kms.katalon.core.logging.XmlKeywordLogger</class>
  <method>startKeyword</method>
  <thread>1</thread>
  <message>Start action : setEncryptedText(findTestObject(&amp;quot;Agentstatusrepository/Page_Agent Management System/input_Enter Password&amp;quot;), Password)</message>
  <nestedLevel>1</nestedLevel>
  <escapedJava>false</escapedJava>
  <property name="startLine">27</property>
  <property name="stepIndex">5</property>
</record>
<record>
  <date>2026-09-15T06:26:08.163497400Z</date>
  <millis>1789453568163</millis>
  <nanos>497400</nanos>
  <sequence>883</sequence>
  <level>PASSED</level>
  <class>com.kms.katalon.core.logging.XmlKeywordLogger</class>
  <method>logMessage</method>
  <thread>1</thread>
  <message>Text ****** has been set on object &amp;apos;Object Repository/Agentstatusrepository/Page_Agent Management System/input_Enter Password&amp;apos;</message>
  <nestedLevel>1</nestedLevel>
  <escapedJava>false</escapedJava>
  <property name="testops-method-name">com.kms.katalon.core.webui.keyword.internal.WebUIKeywordMain.runKeywordUntilTimeout</property>
  <property name="testops-execution-stacktrace">com.kms.katalon.core.logging.KeywordLogger.logPassed(KeywordLogger.java:351)
com.kms.katalon.core.logging.KeywordLogger.logPassed(KeywordLogger.java:346)
com.kms.katalon.core.webui.keyword.builtin.SetEncryptedTextKeyword$_setEncryptedText_closure1.doCall(SetEncryptedTextKeyword.groovy:82)
java.base/jdk.internal.reflect.DirectMethodHandleAccessor.invoke(DirectMethodHandleAccessor.java:103)
jdk.proxy2/jdk.proxy2.$Proxy60.execute(Unknown Source)
com.kms.katalon.core.webui.model.SeleniumActionRetryController.performAction(SeleniumActionRetryController.java:96)
com.kms.katalon.core.webui.model.SeleniumActionRetryController.performAction(SeleniumActionRetryController.java:83)
com.kms.katalon.core.webui.keyword.internal.WebUIKeywordMain$_runKeywordUntilTimeout_closure1.doCall(WebUIKeywordMain.groovy:135)
com.kms.katalon.core.webui.keyword.internal.WebUIKeywordMain$_runKeywordUntilTimeout_closure1.call(WebUIKeywordMain.groovy)
com.kms.katalon.core.webui.keyword.internal.WebUIKeywordMain.runKeyword(WebUIKeywordMain.groovy:41)
com.kms.katalon.core.webui.keyword.internal.WebUIKeywordMain.runKeywordUntilTimeout(WebUIKeywordMain.groovy:133)
com.kms.katalon.core.webui.keyword.builtin.SetEncryptedTextKeyword.setEncryptedText(SetEncryptedTextKeyword.groovy:88)
com.kms.katalon.core.webui.keyword.builtin.SetEncryptedTextKeyword.execute(SetEncryptedTextKeyword.groovy:48)
com.kms.katalon.core.keyword.internal.KeywordExecutor.executeKeywordForPlatform(KeywordExecutor.groovy:104)
com.kms.katalon.core.webui.keyword.WebUiBuiltInKeywords.setEncryptedText(WebUiBuiltInKeywords.groovy:1113)
IL_SpecialCharacterUsername_ValidPassword_TC_108.run(IL_SpecialCharacterUsername_ValidPassword_TC_108:27)
</property>
</record>
<record>
  <date>2026-09-15T06:26:08.164496400Z</date>
  <millis>1789453568164</millis>
  <nanos>496400</nanos>
  <sequence>884</sequence>
  <level>END</level>
  <class>com.kms.katalon.core.logging.XmlKeywordLogger</class>
  <method>endKeyword</method>
  <thread>1</thread>
  <message>End action : setEncryptedText(findTestObject(&amp;quot;Agentstatusrepository/Page_Agent Management System/input_Enter Password&amp;quot;), Password)</message>
  <nestedLevel>1</nestedLevel>
  <escapedJava>false</escapedJava>
</record>
<record>
  <date>2026-09-15T06:26:08.164496400Z</date>
  <millis>1789453568164</millis>
  <nanos>496400</nanos>
  <sequence>885</sequence>
  <level>START</level>
  <class>com.kms.katalon.core.logging.XmlKeywordLogger</class>
  <method>startKeyword</method>
  <thread>1</thread>
  <message>Start action : delay(5)</message>
  <nestedLevel>1</nestedLevel>
  <escapedJava>false</escapedJava>
  <property name="startLine">28</property>
  <property name="stepIndex">6</property>
</record>
<record>
  <date>2026-09-15T06:26:13.173960700Z</date>
  <millis>1789453573173</millis>
  <nanos>960700</nanos>
  <sequence>888</sequence>
  <level>PASSED</level>
  <class>com.kms.katalon.core.logging.XmlKeywordLogger</class>
  <method>logMessage</method>
  <thread>1</thread>
  <message>Delayed 5 second(s)</message>
  <nestedLevel>1</nestedLevel>
  <escapedJava>false</escapedJava>
  <property name="testops-method-name">com.kms.katalon.core.keyword.builtin.DelayKeyword.delay</property>
  <property name="testops-execution-stacktrace"></property>
</record>
<record>
  <date>2026-09-15T06:26:13.174960900Z</date>
  <millis>1789453573174</millis>
  <nanos>960900</nanos>
  <sequence>889</sequence>
  <level>END</level>
  <class>com.kms.katalon.core.logging.XmlKeywordLogger</class>
  <method>endKeyword</method>
  <thread>1</thread>
  <message>End action : delay(5)</message>
  <nestedLevel>1</nestedLevel>
  <escapedJava>false</escapedJava>
</record>
<record>
  <date>2026-09-15T06:26:13.174960900Z</date>
  <millis>1789453573174</millis>
  <nanos>960900</nanos>
  <sequence>890</sequence>
  <level>START</level>
  <class>com.kms.katalon.core.logging.XmlKeywordLogger</class>
  <method>startKeyword</method>
  <thread>1</thread>
  <message>Start action : setText(findTestObject(&amp;quot;Agentstatusrepository/Page_Agent Management System/input_Enter Captcha&amp;quot;), Captcha)</message>
  <nestedLevel>1</nestedLevel>
  <escapedJava>false</escapedJava>
  <property name="startLine">29</property>
  <property name="stepIndex">7</property>
</record>
<record>
  <date>2026-09-15T06:26:13.708849800Z</date>
  <millis>1789453573708</millis>
  <nanos>849800</nanos>
  <sequence>904</sequence>
  <level>PASSED</level>
  <class>com.kms.katalon.core.logging.XmlKeywordLogger</class>
  <method>logMessage</method>
  <thread>1</thread>
  <message>Text &amp;apos;i6Lvk11&amp;apos; is set on object &amp;apos;Object Repository/Agentstatusrepository/Page_Agent Management System/input_Enter Captcha&amp;apos;</message>
  <nestedLevel>1</nestedLevel>
  <escapedJava>false</escapedJava>
  <property name="testops-method-name">com.kms.katalon.core.webui.keyword.internal.WebUIKeywordMain.runKeywordUntilTimeout</property>
  <property name="testops-execution-stacktrace">com.kms.katalon.core.logging.KeywordLogger.logPassed(KeywordLogger.java:351)
com.kms.katalon.core.logging.KeywordLogger.logPassed(KeywordLogger.java:346)
com.kms.katalon.core.webui.keyword.builtin.SetTextKeyword$_setText_closure1.doCall(SetTextKeyword.groovy:99)
java.base/jdk.internal.reflect.DirectMethodHandleAccessor.invoke(DirectMethodHandleAccessor.java:103)
jdk.proxy2/jdk.proxy2.$Proxy60.execute(Unknown Source)
com.kms.katalon.core.webui.model.SeleniumActionRetryController.performAction(SeleniumActionRetryController.java:96)
com.kms.katalon.core.webui.model.SeleniumActionRetryController.performAction(SeleniumActionRetryController.java:83)
com.kms.katalon.core.webui.keyword.internal.WebUIKeywordMain$_runKeywordUntilTimeout_closure1.doCall(WebUIKeywordMain.groovy:135)
com.kms.katalon.core.webui.keyword.internal.WebUIKeywordMain$_runKeywordUntilTimeout_closure1.call(WebUIKeywordMain.groovy)
com.kms.katalon.core.webui.keyword.internal.WebUIKeywordMain.runKeyword(WebUIKeywordMain.groovy:41)
com.kms.katalon.core.webui.keyword.internal.WebUIKeywordMain.runKeywordUntilTimeout(WebUIKeywordMain.groovy:133)
com.kms.katalon.core.webui.keyword.builtin.SetTextKeyword.setText(SetTextKeyword.groovy:106)
com.kms.katalon.core.webui.keyword.builtin.SetTextKeyword.execute(SetTextKeyword.groovy:49)
com.kms.katalon.core.keyword.internal.KeywordExecutor.executeKeywordForPlatform(KeywordExecutor.groovy:104)
com.kms.katalon.core.webui.keyword.WebUiBuiltInKeywords.setText(WebUiBuiltInKeywords.groovy:1082)
IL_SpecialCharacterUsername_ValidPassword_TC_108.run(IL_SpecialCharacterUsername_ValidPassword_TC_108:29)
</property>
</record>
<record>
  <date>2026-09-15T06:26:13.709849400Z</date>
  <millis>1789453573709</millis>
  <nanos>849400</nanos>
  <sequence>905</sequence>
  <level>END</level>
  <class>com.kms.katalon.core.logging.XmlKeywordLogger</class>
  <method>endKeyword</method>
  <thread>1</thread>
  <message>End action : setText(findTestObject(&amp;quot;Agentstatusrepository/Page_Agent Management System/input_Enter Captcha&amp;quot;), Captcha)</message>
  <nestedLevel>1</nestedLevel>
  <escapedJava>false</escapedJava>
</record>
<record>
  <date>2026-09-15T06:26:13.709849400Z</date>
  <millis>1789453573709</millis>
  <nanos>849400</nanos>
  <sequence>906</sequence>
  <level>START</level>
  <class>com.kms.katalon.core.logging.XmlKeywordLogger</class>
  <method>startKeyword</method>
  <thread>1</thread>
  <message>Start action : click(findTestObject(&amp;quot;Agentstatusrepository/Page_Agent Management System/input_submit&amp;quot;))</message>
  <nestedLevel>1</nestedLevel>
  <escapedJava>false</escapedJava>
  <property name="startLine">30</property>
  <property name="stepIndex">8</property>
</record>
<record>
  <date>2026-09-15T06:26:14.021150300Z</date>
  <millis>1789453574021</millis>
  <nanos>150300</nanos>
  <sequence>917</sequence>
  <level>PASSED</level>
  <class>com.kms.katalon.core.logging.XmlKeywordLogger</class>
  <method>logMessage</method>
  <thread>1</thread>
  <message>Object: &amp;apos;Object Repository/Agentstatusrepository/Page_Agent Management System/input_submit&amp;apos; is clicked on</message>
  <nestedLevel>1</nestedLevel>
  <escapedJava>false</escapedJava>
  <property name="testops-method-name">com.kms.katalon.core.webui.keyword.internal.WebUIKeywordMain.runKeywordUntilTimeout</property>
  <property name="testops-execution-stacktrace">com.kms.katalon.core.logging.KeywordLogger.logPassed(KeywordLogger.java:351)
com.kms.katalon.core.logging.KeywordLogger.logPassed(KeywordLogger.java:346)
com.kms.katalon.core.webui.keyword.builtin.ClickKeyword$_click_closure1.doCall(ClickKeyword.groovy:66)
java.base/jdk.internal.reflect.DirectMethodHandleAccessor.invoke(DirectMethodHandleAccessor.java:103)
jdk.proxy2/jdk.proxy2.$Proxy60.execute(Unknown Source)
com.kms.katalon.core.webui.model.SeleniumActionRetryController.performAction(SeleniumActionRetryController.java:96)
com.kms.katalon.core.webui.model.SeleniumActionRetryController.performAction(SeleniumActionRetryController.java:83)
com.kms.katalon.core.webui.keyword.internal.WebUIKeywordMain$_runKeywordUntilTimeout_closure1.doCall(WebUIKeywordMain.groovy:135)
com.kms.katalon.core.webui.keyword.internal.WebUIKeywordMain$_runKeywordUntilTimeout_closure1.call(WebUIKeywordMain.groovy)
com.kms.katalon.core.webui.keyword.internal.WebUIKeywordMain.runKeyword(WebUIKeywordMain.groovy:41)
com.kms.katalon.core.webui.keyword.internal.WebUIKeywordMain.runKeywordUntilTimeout(WebUIKeywordMain.groovy:133)
com.kms.katalon.core.webui.keyword.builtin.ClickKeyword.click(ClickKeyword.groovy:72)
com.kms.katalon.core.webui.keyword.builtin.ClickKeyword.execute(ClickKeyword.groovy:38)
com.kms.katalon.core.keyword.internal.KeywordExecutor.executeKeywordForPlatform(KeywordExecutor.groovy:104)
com.kms.katalon.core.webui.keyword.WebUiBuiltInKeywords.click(WebUiBuiltInKeywords.groovy:722)
IL_SpecialCharacterUsername_ValidPassword_TC_108.run(IL_SpecialCharacterUsername_ValidPassword_TC_108:30)
</property>
</record>
<record>
  <date>2026-09-15T06:26:14.022268800Z</date>
  <millis>1789453574022</millis>
  <nanos>268800</nanos>
  <sequence>918</sequence>
  <level>END</level>
  <class>com.kms.katalon.core.logging.XmlKeywordLogger</class>
  <method>endKeyword</method>
  <thread>1</thread>
  <message>End action : click(findTestObject(&amp;quot;Agentstatusrepository/Page_Agent Management System/input_submit&amp;quot;))</message>
  <nestedLevel>1</nestedLevel>
  <escapedJava>false</escapedJava>
</record>
<record>
  <date>2026-09-15T06:26:14.023278600Z</date>
  <millis>1789453574023</millis>
  <nanos>278600</nanos>
  <sequence>919</sequence>
  <level>START</level>
  <class>com.kms.katalon.core.logging.XmlKeywordLogger</class>
  <method>startKeyword</method>
  <thread>1</thread>
  <message>Start action : waitForElementVisible(findTestObject(&amp;quot;invalidloginrepository/Page_Agent Management System/p_lblMessage&amp;quot;), 5)</message>
  <nestedLevel>1</nestedLevel>
  <escapedJava>false</escapedJava>
  <property name="startLine">31</property>
  <property name="stepIndex">9</property>
</record>
<record>
  <date>2026-09-15T06:26:15.168982Z</date>
  <millis>1789453575168</millis>
  <nanos>982000</nanos>
  <sequence>926</sequence>
  <level>PASSED</level>
  <class>com.kms.katalon.core.logging.XmlKeywordLogger</class>
  <method>logMessage</method>
  <thread>1</thread>
  <message>Object &amp;apos;Object Repository/invalidloginrepository/Page_Agent Management System/p_lblMessage&amp;apos; is visible</message>
  <nestedLevel>1</nestedLevel>
  <escapedJava>false</escapedJava>
  <property name="testops-method-name">com.kms.katalon.core.webui.keyword.internal.WebUIKeywordMain.runKeywordUntilTimeout</property>
  <property name="testops-execution-stacktrace">com.kms.katalon.core.logging.KeywordLogger.logPassed(KeywordLogger.java:351)
com.kms.katalon.core.logging.KeywordLogger.logPassed(KeywordLogger.java:346)
com.kms.katalon.core.logging.KeywordLogger$logPassed$0.call(Unknown Source)
com.kms.katalon.core.webui.keyword.builtin.WaitForElementVisibleKeyword$_waitForElementVisible_closure1.doCall(WaitForElementVisibleKeyword.groovy:86)
java.base/jdk.internal.reflect.DirectMethodHandleAccessor.invoke(DirectMethodHandleAccessor.java:103)
jdk.proxy2/jdk.proxy2.$Proxy60.execute(Unknown Source)
com.kms.katalon.core.webui.model.SeleniumActionRetryController.performAction(SeleniumActionRetryController.java:96)
com.kms.katalon.core.webui.model.SeleniumActionRetryController.performAction(SeleniumActionRetryController.java:83)
com.kms.katalon.core.webui.keyword.internal.WebUIKeywordMain$_runKeywordUntilTimeout_closure2.doCall(WebUIKeywordMain.groovy:155)
com.kms.katalon.core.webui.keyword.internal.WebUIKeywordMain$_runKeywordUntilTimeout_closure2.call(WebUIKeywordMain.groovy)
com.kms.katalon.core.webui.keyword.internal.WebUIKeywordMain.runKeyword(WebUIKeywordMain.groovy:41)
com.kms.katalon.core.webui.keyword.internal.WebUIKeywordMain.runKeywordUntilTimeout(WebUIKeywordMain.groovy:152)
com.kms.katalon.core.webui.keyword.internal.WebUIKeywordMain$runKeywordUntilTimeout.call(Unknown Source)
com.kms.katalon.core.webui.keyword.builtin.WaitForElementVisibleKeyword.waitForElementVisible(WaitForElementVisibleKeyword.groovy:101)
com.kms.katalon.core.webui.keyword.builtin.WaitForElementVisibleKeyword.execute(WaitForElementVisibleKeyword.groovy:69)
com.kms.katalon.core.keyword.internal.KeywordExecutor.executeKeywordForPlatform(KeywordExecutor.groovy:104)
com.kms.katalon.core.webui.keyword.WebUiBuiltInKeywords.waitForElementVisible(WebUiBuiltInKeywords.groovy:515)
IL_SpecialCharacterUsername_ValidPassword_TC_108.run(IL_SpecialCharacterUsername_ValidPassword_TC_108:31)
</property>
</record>
<record>
  <date>2026-09-15T06:26:15.170256800Z</date>
  <millis>1789453575170</millis>
  <nanos>256800</nanos>
  <sequence>927</sequence>
  <level>END</level>
  <class>com.kms.katalon.core.logging.XmlKeywordLogger</class>
  <method>endKeyword</method>
  <thread>1</thread>
  <message>End action : waitForElementVisible(findTestObject(&amp;quot;invalidloginrepository/Page_Agent Management System/p_lblMessage&amp;quot;), 5)</message>
  <nestedLevel>1</nestedLevel>
  <escapedJava>false</escapedJava>
</record>
<record>
  <date>2026-09-15T06:26:15.170256800Z</date>
  <millis>1789453575170</millis>
  <nanos>256800</nanos>
  <sequence>928</sequence>
  <level>START</level>
  <class>com.kms.katalon.core.logging.XmlKeywordLogger</class>
  <method>startKeyword</method>
  <thread>1</thread>
  <message>Start action : message = getText(findTestObject(&amp;quot;invalidloginrepository/Page_Agent Management System/p_lblMessage&amp;quot;))</message>
  <nestedLevel>1</nestedLevel>
  <escapedJava>false</escapedJava>
  <property name="startLine">33</property>
  <property name="stepIndex">10</property>
</record>
<record>
  <date>2026-09-15T06:26:15.409477900Z</date>
  <millis>1789453575409</millis>
  <nanos>477900</nanos>
  <sequence>938</sequence>
  <level>PASSED</level>
  <class>com.kms.katalon.core.logging.XmlKeywordLogger</class>
  <method>logMessage</method>
  <thread>1</thread>
  <message>Text of object &amp;apos;Object Repository/invalidloginrepository/Page_Agent Management System/p_lblMessage&amp;apos; is: &amp;apos;Invalid Credentials&amp;apos;</message>
  <nestedLevel>1</nestedLevel>
  <escapedJava>false</escapedJava>
  <property name="testops-method-name">com.kms.katalon.core.webui.keyword.internal.WebUIKeywordMain.runKeywordUntilTimeout</property>
  <property name="testops-execution-stacktrace">com.kms.katalon.core.logging.KeywordLogger.logPassed(KeywordLogger.java:351)
com.kms.katalon.core.logging.KeywordLogger.logPassed(KeywordLogger.java:346)
com.kms.katalon.core.webui.keyword.builtin.GetTextKeyword$_getText_closure1.doCall(GetTextKeyword.groovy:85)
java.base/jdk.internal.reflect.DirectMethodHandleAccessor.invoke(DirectMethodHandleAccessor.java:103)
jdk.proxy2/jdk.proxy2.$Proxy60.execute(Unknown Source)
com.kms.katalon.core.webui.model.SeleniumActionRetryController.performAction(SeleniumActionRetryController.java:96)
com.kms.katalon.core.webui.model.SeleniumActionRetryController.performAction(SeleniumActionRetryController.java:83)
com.kms.katalon.core.webui.keyword.internal.WebUIKeywordMain$_runKeywordUntilTimeout_closure1.doCall(WebUIKeywordMain.groovy:135)
com.kms.katalon.core.webui.keyword.internal.WebUIKeywordMain$_runKeywordUntilTimeout_closure1.call(WebUIKeywordMain.groovy)
com.kms.katalon.core.webui.keyword.internal.WebUIKeywordMain.runKeyword(WebUIKeywordMain.groovy:41)
com.kms.katalon.core.webui.keyword.internal.WebUIKeywordMain.runKeywordUntilTimeout(WebUIKeywordMain.groovy:133)
com.kms.katalon.core.webui.keyword.builtin.GetTextKeyword.getText(GetTextKeyword.groovy:92)
com.kms.katalon.core.webui.keyword.builtin.GetTextKeyword.execute(GetTextKeyword.groovy:67)
com.kms.katalon.core.keyword.internal.KeywordExecutor.executeKeywordForPlatform(KeywordExecutor.groovy:104)
com.kms.katalon.core.webui.keyword.WebUiBuiltInKeywords.getText(WebUiBuiltInKeywords.groovy:1020)
IL_SpecialCharacterUsername_ValidPassword_TC_108.run(IL_SpecialCharacterUsername_ValidPassword_TC_108:33)
</property>
</record>
<record>
  <date>2026-09-15T06:26:15.410483900Z</date>
  <millis>1789453575410</millis>
  <nanos>483900</nanos>
  <sequence>939</sequence>
  <level>END</level>
  <class>com.kms.katalon.core.logging.XmlKeywordLogger</class>
  <method>endKeyword</method>
  <thread>1</thread>
  <message>End action : message = getText(findTestObject(&amp;quot;invalidloginrepository/Page_Agent Management System/p_lblMessage&amp;quot;))</message>
  <nestedLevel>1</nestedLevel>
  <escapedJava>false</escapedJava>
</record>
<record>
  <date>2026-09-15T06:26:15.410483900Z</date>
  <millis>1789453575410</millis>
  <nanos>483900</nanos>
  <sequence>940</sequence>
  <level>START</level>
  <class>com.kms.katalon.core.logging.XmlKeywordLogger</class>
  <method>startKeyword</method>
  <thread>1</thread>
  <message>Start action : comment(&amp;quot;Validation Message: &amp;quot; + message)</message>
  <nestedLevel>1</nestedLevel>
  <escapedJava>false</escapedJava>
  <property name="startLine">35</property>
  <property name="stepIndex">11</property>
</record>
<record>
  <date>2026-09-15T06:26:15.411481Z</date>
  <millis>1789453575411</millis>
  <nanos>481000</nanos>
  <sequence>942</sequence>
  <level>INFO</level>
  <class>com.kms.katalon.core.logging.XmlKeywordLogger</class>
  <method>logMessage</method>
  <thread>1</thread>
  <message>Validation Message: Invalid Credentials</message>
  <nestedLevel>1</nestedLevel>
  <escapedJava>false</escapedJava>
</record>
<record>
  <date>2026-09-15T06:26:15.411481Z</date>
  <millis>1789453575411</millis>
  <nanos>481000</nanos>
  <sequence>943</sequence>
  <level>END</level>
  <class>com.kms.katalon.core.logging.XmlKeywordLogger</class>
  <method>endKeyword</method>
  <thread>1</thread>
  <message>End action : comment(&amp;quot;Validation Message: &amp;quot; + message)</message>
  <nestedLevel>1</nestedLevel>
  <escapedJava>false</escapedJava>
</record>
<record>
  <date>2026-09-15T06:26:15.411481Z</date>
  <millis>1789453575411</millis>
  <nanos>481000</nanos>
  <sequence>944</sequence>
  <level>START</level>
  <class>com.kms.katalon.core.logging.XmlKeywordLogger</class>
  <method>startKeyword</method>
  <thread>1</thread>
  <message>Start action : closeBrowser()</message>
  <nestedLevel>1</nestedLevel>
  <escapedJava>false</escapedJava>
  <property name="startLine">37</property>
  <property name="stepIndex">12</property>
</record>
<record>
  <date>2026-09-15T06:26:15.567758200Z</date>
  <millis>1789453575567</millis>
  <nanos>758200</nanos>
  <sequence>947</sequence>
  <level>PASSED</level>
  <class>com.kms.katalon.core.logging.XmlKeywordLogger</class>
  <method>logMessage</method>
  <thread>1</thread>
  <message>Browser is closed</message>
  <nestedLevel>1</nestedLevel>
  <escapedJava>false</escapedJava>
  <property name="testops-method-name">com.kms.katalon.core.webui.keyword.builtin.CloseBrowserKeyword.closeBrowser</property>
  <property name="testops-execution-stacktrace"></property>
</record>
<record>
  <date>2026-09-15T06:26:15.568857600Z</date>
  <millis>1789453575568</millis>
  <nanos>857600</nanos>
  <sequence>948</sequence>
  <level>END</level>
  <class>com.kms.katalon.core.logging.XmlKeywordLogger</class>
  <method>endKeyword</method>
  <thread>1</thread>
  <message>End action : closeBrowser()</message>
  <nestedLevel>1</nestedLevel>
  <escapedJava>false</escapedJava>
</record>
<record>
  <date>2026-09-15T06:26:15.568857600Z</date>
  <millis>1789453575568</millis>
  <nanos>857600</nanos>
  <sequence>949</sequence>
  <level>PASSED</level>
  <class>com.kms.katalon.core.logging.XmlKeywordLogger</class>
  <method>logMessage</method>
  <thread>1</thread>
  <message>Test Cases/Common_Test_case/Login/InvalidLogin/IL_SpecialCharacterUsername_ValidPassword_TC_108</message>
  <nestedLevel>1</nestedLevel>
  <escapedJava>false</escapedJava>
</record>
<record>
  <date>2026-09-15T06:26:15.568857600Z</date>
  <millis>1789453575568</millis>
  <nanos>857600</nanos>
  <sequence>950</sequence>
  <level>START</level>
  <class>com.kms.katalon.core.logging.XmlKeywordLogger</class>
  <method>startKeyword</method>
  <thread>1</thread>
  <message>Start listener action : afterTestCase</message>
  <nestedLevel>1</nestedLevel>
  <escapedJava>false</escapedJava>
</record>
<record>
  <date>2026-09-15T06:26:15.568857600Z</date>
  <millis>1789453575568</millis>
  <nanos>857600</nanos>
  <sequence>952</sequence>
  <level>START</level>
  <class>com.kms.katalon.core.logging.XmlKeywordLogger</class>
  <method>startKeyword</method>
  <thread>1</thread>
  <message>Start action : if (test == null)</message>
  <nestedLevel>1</nestedLevel>
  <escapedJava>false</escapedJava>
  <property name="startLine">51</property>
  <property name="stepIndex">1</property>
</record>
<record>
  <date>2026-09-15T06:26:15.568857600Z</date>
  <millis>1789453575568</millis>
  <nanos>857600</nanos>
  <sequence>953</sequence>
  <level>END</level>
  <class>com.kms.katalon.core.logging.XmlKeywordLogger</class>
  <method>endKeyword</method>
  <thread>1</thread>
  <message>End action : if (test == null)</message>
  <nestedLevel>1</nestedLevel>
  <escapedJava>false</escapedJava>
</record>
<record>
  <date>2026-09-15T06:26:15.568857600Z</date>
  <millis>1789453575568</millis>
  <nanos>857600</nanos>
  <sequence>954</sequence>
  <level>START</level>
  <class>com.kms.katalon.core.logging.XmlKeywordLogger</class>
  <method>startKeyword</method>
  <thread>1</thread>
  <message>Start action : status = testCaseContext.getTestCaseStatus()</message>
  <nestedLevel>1</nestedLevel>
  <escapedJava>false</escapedJava>
  <property name="startLine">57</property>
  <property name="stepIndex">2</property>
</record>
<record>
  <date>2026-09-15T06:26:15.568857600Z</date>
  <millis>1789453575568</millis>
  <nanos>857600</nanos>
  <sequence>955</sequence>
  <level>END</level>
  <class>com.kms.katalon.core.logging.XmlKeywordLogger</class>
  <method>endKeyword</method>
  <thread>1</thread>
  <message>End action : status = testCaseContext.getTestCaseStatus()</message>
  <nestedLevel>1</nestedLevel>
  <escapedJava>false</escapedJava>
</record>
<record>
  <date>2026-09-15T06:26:15.568857600Z</date>
  <millis>1789453575568</millis>
  <nanos>857600</nanos>
  <sequence>956</sequence>
  <level>START</level>
  <class>com.kms.katalon.core.logging.XmlKeywordLogger</class>
  <method>startKeyword</method>
  <thread>1</thread>
  <message>Start action : if (status == &amp;quot;PASSED&amp;quot;)</message>
  <nestedLevel>1</nestedLevel>
  <escapedJava>false</escapedJava>
  <property name="startLine">60</property>
  <property name="stepIndex">3</property>
</record>
<record>
  <date>2026-09-15T06:26:15.568857600Z</date>
  <millis>1789453575568</millis>
  <nanos>857600</nanos>
  <sequence>957</sequence>
  <level>START</level>
  <class>com.kms.katalon.core.logging.XmlKeywordLogger</class>
  <method>startKeyword</method>
  <thread>1</thread>
  <message>Start action : test.pass(&amp;quot;Test Case PASSED&amp;quot;)</message>
  <nestedLevel>2</nestedLevel>
  <escapedJava>false</escapedJava>
  <property name="startLine">62</property>
  <property name="stepIndex">1</property>
</record>
<record>
  <date>2026-09-15T06:26:15.568857600Z</date>
  <millis>1789453575568</millis>
  <nanos>857600</nanos>
  <sequence>958</sequence>
  <level>END</level>
  <class>com.kms.katalon.core.logging.XmlKeywordLogger</class>
  <method>endKeyword</method>
  <thread>1</thread>
  <message>End action : test.pass(&amp;quot;Test Case PASSED&amp;quot;)</message>
  <nestedLevel>2</nestedLevel>
  <escapedJava>false</escapedJava>
</record>
<record>
  <date>2026-09-15T06:26:15.569855100Z</date>
  <millis>1789453575569</millis>
  <nanos>855100</nanos>
  <sequence>959</sequence>
  <level>END</level>
  <class>com.kms.katalon.core.logging.XmlKeywordLogger</class>
  <method>endKeyword</method>
  <thread>1</thread>
  <message>End action : if (status == &amp;quot;PASSED&amp;quot;)</message>
  <nestedLevel>1</nestedLevel>
  <escapedJava>false</escapedJava>
</record>
<record>
  <date>2026-09-15T06:26:15.569855100Z</date>
  <millis>1789453575569</millis>
  <nanos>855100</nanos>
  <sequence>960</sequence>
  <level>START</level>
  <class>com.kms.katalon.core.logging.XmlKeywordLogger</class>
  <method>startKeyword</method>
  <thread>1</thread>
  <message>Start action : println(&amp;quot;Test Status : &amp;quot; + status)</message>
  <nestedLevel>1</nestedLevel>
  <escapedJava>false</escapedJava>
  <property name="startLine">73</property>
  <property name="stepIndex">6</property>
</record>
<record>
  <date>2026-09-15T06:26:15.569855100Z</date>
  <millis>1789453575569</millis>
  <nanos>855100</nanos>
  <sequence>962</sequence>
  <level>END</level>
  <class>com.kms.katalon.core.logging.XmlKeywordLogger</class>
  <method>endKeyword</method>
  <thread>1</thread>
  <message>End action : println(&amp;quot;Test Status : &amp;quot; + status)</message>
  <nestedLevel>1</nestedLevel>
  <escapedJava>false</escapedJava>
</record>
<record>
  <date>2026-09-15T06:26:15.569855100Z</date>
  <millis>1789453575569</millis>
  <nanos>855100</nanos>
  <sequence>963</sequence>
  <level>END</level>
  <class>com.kms.katalon.core.logging.XmlKeywordLogger</class>
  <method>endKeyword</method>
  <thread>1</thread>
  <message>End listener action : afterTestCase</message>
  <nestedLevel>1</nestedLevel>
  <escapedJava>false</escapedJava>
</record>
<record>
  <date>2026-09-15T06:26:15.569855100Z</date>
  <millis>1789453575569</millis>
  <nanos>855100</nanos>
  <sequence>964</sequence>
  <level>START</level>
  <class>com.kms.katalon.core.logging.XmlKeywordLogger</class>
  <method>startKeyword</method>
  <thread>1</thread>
  <message>Start listener action : sampleAfterTestCase</message>
  <nestedLevel>1</nestedLevel>
  <escapedJava>false</escapedJava>
</record>
<record>
  <date>2026-09-15T06:26:15.569855100Z</date>
  <millis>1789453575569</millis>
  <nanos>855100</nanos>
  <sequence>966</sequence>
  <level>START</level>
  <class>com.kms.katalon.core.logging.XmlKeywordLogger</class>
  <method>startKeyword</method>
  <thread>1</thread>
  <message>Start action : closeBrowser()</message>
  <nestedLevel>1</nestedLevel>
  <escapedJava>false</escapedJava>
  <property name="startLine">93</property>
  <property name="stepIndex">1</property>
</record>
<record>
  <date>2026-09-15T06:26:15.569855100Z</date>
  <millis>1789453575569</millis>
  <nanos>855100</nanos>
  <sequence>969</sequence>
  <level>PASSED</level>
  <class>com.kms.katalon.core.logging.XmlKeywordLogger</class>
  <method>logMessage</method>
  <thread>1</thread>
  <message>Browser is closed</message>
  <nestedLevel>1</nestedLevel>
  <escapedJava>false</escapedJava>
  <property name="testops-method-name">com.kms.katalon.core.webui.keyword.builtin.CloseBrowserKeyword.closeBrowser</property>
  <property name="testops-execution-stacktrace"></property>
</record>
<record>
  <date>2026-09-15T06:26:15.569855100Z</date>
  <millis>1789453575569</millis>
  <nanos>855100</nanos>
  <sequence>971</sequence>
  <level>END</level>
  <class>com.kms.katalon.core.logging.XmlKeywordLogger</class>
  <method>endKeyword</method>
  <thread>1</thread>
  <message>End action : closeBrowser()</message>
  <nestedLevel>1</nestedLevel>
  <escapedJava>false</escapedJava>
</record>
<record>
  <date>2026-09-15T06:26:15.569855100Z</date>
  <millis>1789453575569</millis>
  <nanos>855100</nanos>
  <sequence>972</sequence>
  <level>END</level>
  <class>com.kms.katalon.core.logging.XmlKeywordLogger</class>
  <method>endKeyword</method>
  <thread>1</thread>
  <message>End listener action : sampleAfterTestCase</message>
  <nestedLevel>1</nestedLevel>
  <escapedJava>false</escapedJava>
</record>
<record>
  <date>2026-09-15T06:26:15.570855800Z</date>
  <millis>1789453575570</millis>
  <nanos>855800</nanos>
  <sequence>973</sequence>
  <level>END</level>
  <class>com.kms.katalon.core.logging.XmlKeywordLogger</class>
  <method>endTest</method>
  <thread>1</thread>
  <message>End Test Case : Test Cases/Common_Test_case/Login/InvalidLogin/IL_SpecialCharacterUsername_ValidPassword_TC_108</message>
  <nestedLevel>0</nestedLevel>
  <escapedJava>false</escapedJava>
  <property name="executionBindingVariables">[
  {
    &quot;value&quot;: &quot;https://sahibnkmitraqc.banksekure.com/EKYCWeb/&quot;,
    &quot;isDefault&quot;: false,
    &quot;name&quot;: &quot;appUrl&quot;,
    &quot;masked&quot;: false
  },
  {
    &quot;value&quot;: &quot;Kdd@#ff&quot;,
    &quot;isDefault&quot;: false,
    &quot;name&quot;: &quot;userid&quot;,
    &quot;masked&quot;: false
  },
  {
    &quot;value&quot;: &quot;E/nTi+Q24sDkSmJpzmCoHQ\u003d\u003d&quot;,
    &quot;isDefault&quot;: false,
    &quot;name&quot;: &quot;Password&quot;,
    &quot;masked&quot;: false
  },
  {
    &quot;value&quot;: &quot;i6Lvk11&quot;,
    &quot;isDefault&quot;: false,
    &quot;name&quot;: &quot;Captcha&quot;,
    &quot;masked&quot;: false
  }
]</property>
  <property name="applitools">false</property>
  <property name="executedKeywords">{
  &quot;WebUI.closeBrowser&quot;: 2,
  &quot;WebUI.setEncryptedText&quot;: 1,
  &quot;WebUI.maximizeWindow&quot;: 1,
  &quot;WebUI.waitForElementVisible&quot;: 1,
  &quot;WebUI.click&quot;: 1,
  &quot;WebUI.getText&quot;: 1,
  &quot;BuiltIn.comment&quot;: 1,
  &quot;WebUI.navigateToUrl&quot;: 1,
  &quot;WebUI.openBrowser&quot;: 1,
  &quot;BuiltIn.delay&quot;: 1,
  &quot;WebUI.setText&quot;: 2
}</property>
  <property name="keywordsUsage">{
  &quot;web_ui&quot;: true,
  &quot;web_service&quot;: false,
  &quot;cucumber&quot;: false,
  &quot;builtin&quot;: true,
  &quot;mobile&quot;: false,
  &quot;windows&quot;: false,
  &quot;testng&quot;: false
}</property>
</record>
<record>
  <date>2026-09-15T06:26:15.571861700Z</date>
  <millis>1789453575571</millis>
  <nanos>861700</nanos>
  <sequence>974</sequence>
  <level>START</level>
  <class>com.kms.katalon.core.logging.XmlKeywordLogger</class>
  <method>startTest</method>
  <thread>1</thread>
  <message>Start Test Case : Test Cases/Common_Test_case/Login/Forgotpassword/FP_UnregisteredMobileNo_TC_202</message>
  <nestedLevel>1</nestedLevel>
  <escapedJava>false</escapedJava>
  <property name="origin">WEB_RECORDER</property>
  <property name="name">Test Cases/Common_Test_case/Login/Forgotpassword/FP_UnregisteredMobileNo_TC_202</property>
  <property name="description"></property>
  <property name="iteration"></property>
  <property name="id">Test Cases/Common_Test_case/Login/Forgotpassword/FP_UnregisteredMobileNo_TC_202</property>
  <property name="source">F:\SahiBnk Mitra DSB\Test Cases\Common_Test_case\Login\Forgotpassword\FP_UnregisteredMobileNo_TC_202.tc</property>
  <property name="tag"></property>
  <property name="isOptional">false</property>
  <property name="uuid">8cc28900-59fe-4c76-b858-4991169cb6c1</property>
</record>
<record>
  <date>2026-09-15T06:26:15.577359Z</date>
  <millis>1789453575577</millis>
  <nanos>359000</nanos>
  <sequence>976</sequence>
  <level>RUN_DATA</level>
  <class>com.kms.katalon.core.logging.XmlKeywordLogger</class>
  <method>logMessage</method>
  <thread>1</thread>
  <message>executionBindingVariables = []</message>
  <nestedLevel>1</nestedLevel>
  <escapedJava>false</escapedJava>
  <property name="executionBindingVariables">[]</property>
</record>
<record>
  <date>2026-09-15T06:26:15.577359Z</date>
  <millis>1789453575577</millis>
  <nanos>359000</nanos>
  <sequence>977</sequence>
  <level>START</level>
  <class>com.kms.katalon.core.logging.XmlKeywordLogger</class>
  <method>startKeyword</method>
  <thread>1</thread>
  <message>Start listener action : beforeTestCase</message>
  <nestedLevel>1</nestedLevel>
  <escapedJava>false</escapedJava>
</record>
<record>
  <date>2026-09-15T06:26:15.577359Z</date>
  <millis>1789453575577</millis>
  <nanos>359000</nanos>
  <sequence>979</sequence>
  <level>START</level>
  <class>com.kms.katalon.core.logging.XmlKeywordLogger</class>
  <method>startKeyword</method>
  <thread>1</thread>
  <message>Start action : if (extent != null)</message>
  <nestedLevel>1</nestedLevel>
  <escapedJava>false</escapedJava>
  <property name="startLine">33</property>
  <property name="stepIndex">1</property>
</record>
<record>
  <date>2026-09-15T06:26:15.577359Z</date>
  <millis>1789453575577</millis>
  <nanos>359000</nanos>
  <sequence>980</sequence>
  <level>START</level>
  <class>com.kms.katalon.core.logging.XmlKeywordLogger</class>
  <method>startKeyword</method>
  <thread>1</thread>
  <message>Start action : test = extent.createTest(testCaseContext.getTestCaseId())</message>
  <nestedLevel>2</nestedLevel>
  <escapedJava>false</escapedJava>
  <property name="startLine">35</property>
  <property name="stepIndex">1</property>
</record>
<record>
  <date>2026-09-15T06:26:15.578865200Z</date>
  <millis>1789453575578</millis>
  <nanos>865200</nanos>
  <sequence>981</sequence>
  <level>END</level>
  <class>com.kms.katalon.core.logging.XmlKeywordLogger</class>
  <method>endKeyword</method>
  <thread>1</thread>
  <message>End action : test = extent.createTest(testCaseContext.getTestCaseId())</message>
  <nestedLevel>2</nestedLevel>
  <escapedJava>false</escapedJava>
</record>
<record>
  <date>2026-09-15T06:26:15.578865200Z</date>
  <millis>1789453575578</millis>
  <nanos>865200</nanos>
  <sequence>982</sequence>
  <level>START</level>
  <class>com.kms.katalon.core.logging.XmlKeywordLogger</class>
  <method>startKeyword</method>
  <thread>1</thread>
  <message>Start action : println(&amp;quot;Test Created : &amp;quot; + testCaseContext.getTestCaseId())</message>
  <nestedLevel>2</nestedLevel>
  <escapedJava>false</escapedJava>
  <property name="startLine">39</property>
  <property name="stepIndex">2</property>
</record>
<record>
  <date>2026-09-15T06:26:15.578865200Z</date>
  <millis>1789453575578</millis>
  <nanos>865200</nanos>
  <sequence>984</sequence>
  <level>END</level>
  <class>com.kms.katalon.core.logging.XmlKeywordLogger</class>
  <method>endKeyword</method>
  <thread>1</thread>
  <message>End action : println(&amp;quot;Test Created : &amp;quot; + testCaseContext.getTestCaseId())</message>
  <nestedLevel>2</nestedLevel>
  <escapedJava>false</escapedJava>
</record>
<record>
  <date>2026-09-15T06:26:15.578865200Z</date>
  <millis>1789453575578</millis>
  <nanos>865200</nanos>
  <sequence>985</sequence>
  <level>END</level>
  <class>com.kms.katalon.core.logging.XmlKeywordLogger</class>
  <method>endKeyword</method>
  <thread>1</thread>
  <message>End action : if (extent != null)</message>
  <nestedLevel>1</nestedLevel>
  <escapedJava>false</escapedJava>
</record>
<record>
  <date>2026-09-15T06:26:15.578865200Z</date>
  <millis>1789453575578</millis>
  <nanos>865200</nanos>
  <sequence>986</sequence>
  <level>END</level>
  <class>com.kms.katalon.core.logging.XmlKeywordLogger</class>
  <method>endKeyword</method>
  <thread>1</thread>
  <message>End listener action : beforeTestCase</message>
  <nestedLevel>1</nestedLevel>
  <escapedJava>false</escapedJava>
</record>
<record>
  <date>2026-09-15T06:26:15.578865200Z</date>
  <millis>1789453575578</millis>
  <nanos>865200</nanos>
  <sequence>987</sequence>
  <level>START</level>
  <class>com.kms.katalon.core.logging.XmlKeywordLogger</class>
  <method>startKeyword</method>
  <thread>1</thread>
  <message>Start listener action : beforeTestCase</message>
  <nestedLevel>1</nestedLevel>
  <escapedJava>false</escapedJava>
</record>
<record>
  <date>2026-09-15T06:26:15.578865200Z</date>
  <millis>1789453575578</millis>
  <nanos>865200</nanos>
  <sequence>989</sequence>
  <level>START</level>
  <class>com.kms.katalon.core.logging.XmlKeywordLogger</class>
  <method>startKeyword</method>
  <thread>1</thread>
  <message>Start action : tcName = testCaseContext.getTestCaseId()</message>
  <nestedLevel>1</nestedLevel>
  <escapedJava>false</escapedJava>
  <property name="startLine">34</property>
  <property name="stepIndex">1</property>
</record>
<record>
  <date>2026-09-15T06:26:15.578865200Z</date>
  <millis>1789453575578</millis>
  <nanos>865200</nanos>
  <sequence>990</sequence>
  <level>END</level>
  <class>com.kms.katalon.core.logging.XmlKeywordLogger</class>
  <method>endKeyword</method>
  <thread>1</thread>
  <message>End action : tcName = testCaseContext.getTestCaseId()</message>
  <nestedLevel>1</nestedLevel>
  <escapedJava>false</escapedJava>
</record>
<record>
  <date>2026-09-15T06:26:15.578865200Z</date>
  <millis>1789453575578</millis>
  <nanos>865200</nanos>
  <sequence>991</sequence>
  <level>START</level>
  <class>com.kms.katalon.core.logging.XmlKeywordLogger</class>
  <method>startKeyword</method>
  <thread>1</thread>
  <message>Start action : if (tcName.contains(&amp;quot;Test Cases/Common_Test_case/Login&amp;quot;) || tcName.contains(&amp;quot;Test Cases/Profile_status&amp;quot;))</message>
  <nestedLevel>1</nestedLevel>
  <escapedJava>false</escapedJava>
  <property name="startLine">37</property>
  <property name="stepIndex">2</property>
</record>
<record>
  <date>2026-09-15T06:26:15.578865200Z</date>
  <millis>1789453575578</millis>
  <nanos>865200</nanos>
  <sequence>992</sequence>
  <level>START</level>
  <class>com.kms.katalon.core.logging.XmlKeywordLogger</class>
  <method>startKeyword</method>
  <thread>1</thread>
  <message>Start action : logInfo(&amp;quot;Login Module Detected - Listener Skipped&amp;quot;)</message>
  <nestedLevel>2</nestedLevel>
  <escapedJava>false</escapedJava>
  <property name="startLine">43</property>
  <property name="stepIndex">1</property>
</record>
<record>
  <date>2026-09-15T06:26:15.579875500Z</date>
  <millis>1789453575579</millis>
  <nanos>875500</nanos>
  <sequence>993</sequence>
  <level>INFO</level>
  <class>com.kms.katalon.core.logging.XmlKeywordLogger</class>
  <method>logMessage</method>
  <thread>1</thread>
  <message>Login Module Detected - Listener Skipped</message>
  <nestedLevel>1</nestedLevel>
  <escapedJava>false</escapedJava>
</record>
<record>
  <date>2026-09-15T06:26:15.579875500Z</date>
  <millis>1789453575579</millis>
  <nanos>875500</nanos>
  <sequence>994</sequence>
  <level>END</level>
  <class>com.kms.katalon.core.logging.XmlKeywordLogger</class>
  <method>endKeyword</method>
  <thread>1</thread>
  <message>End action : logInfo(&amp;quot;Login Module Detected - Listener Skipped&amp;quot;)</message>
  <nestedLevel>2</nestedLevel>
  <escapedJava>false</escapedJava>
</record>
<record>
  <date>2026-09-15T06:26:15.579875500Z</date>
  <millis>1789453575579</millis>
  <nanos>875500</nanos>
  <sequence>995</sequence>
  <level>START</level>
  <class>com.kms.katalon.core.logging.XmlKeywordLogger</class>
  <method>startKeyword</method>
  <thread>1</thread>
  <message>Start action : return null</message>
  <nestedLevel>2</nestedLevel>
  <escapedJava>false</escapedJava>
  <property name="startLine">45</property>
  <property name="stepIndex">2</property>
</record>
<record>
  <date>2026-09-15T06:26:15.579875500Z</date>
  <millis>1789453575579</millis>
  <nanos>875500</nanos>
  <sequence>997</sequence>
  <level>END</level>
  <class>com.kms.katalon.core.logging.XmlKeywordLogger</class>
  <method>endKeyword</method>
  <thread>1</thread>
  <message>End action : return null</message>
  <nestedLevel>2</nestedLevel>
  <escapedJava>false</escapedJava>
</record>
<record>
  <date>2026-09-15T06:26:15.579875500Z</date>
  <millis>1789453575579</millis>
  <nanos>875500</nanos>
  <sequence>998</sequence>
  <level>END</level>
  <class>com.kms.katalon.core.logging.XmlKeywordLogger</class>
  <method>endKeyword</method>
  <thread>1</thread>
  <message>End action : if (tcName.contains(&amp;quot;Test Cases/Common_Test_case/Login&amp;quot;) || tcName.contains(&amp;quot;Test Cases/Profile_status&amp;quot;))</message>
  <nestedLevel>1</nestedLevel>
  <escapedJava>false</escapedJava>
</record>
<record>
  <date>2026-09-15T06:26:15.579875500Z</date>
  <millis>1789453575579</millis>
  <nanos>875500</nanos>
  <sequence>999</sequence>
  <level>END</level>
  <class>com.kms.katalon.core.logging.XmlKeywordLogger</class>
  <method>endKeyword</method>
  <thread>1</thread>
  <message>End listener action : beforeTestCase</message>
  <nestedLevel>1</nestedLevel>
  <escapedJava>false</escapedJava>
</record>
<record>
  <date>2026-09-15T06:26:15.598953300Z</date>
  <millis>1789453575598</millis>
  <nanos>953300</nanos>
  <sequence>1000</sequence>
  <level>START</level>
  <class>com.kms.katalon.core.logging.XmlKeywordLogger</class>
  <method>startKeyword</method>
  <thread>1</thread>
  <message>Start action : openBrowser(&amp;quot;&amp;quot;)</message>
  <nestedLevel>1</nestedLevel>
  <escapedJava>false</escapedJava>
  <property name="startLine">21</property>
  <property name="stepIndex">1</property>
</record>
<record>
  <date>2026-09-15T06:26:15.599965700Z</date>
  <millis>1789453575599</millis>
  <nanos>965700</nanos>
  <sequence>1003</sequence>
  <level>INFO</level>
  <class>com.kms.katalon.core.logging.XmlKeywordLogger</class>
  <method>logMessage</method>
  <thread>1</thread>
  <message>Starting &amp;apos;Chrome&amp;apos; driver</message>
  <nestedLevel>1</nestedLevel>
  <escapedJava>false</escapedJava>
</record>
<record>
  <date>2026-09-15T06:26:15.599965700Z</date>
  <millis>1789453575599</millis>
  <nanos>965700</nanos>
  <sequence>1004</sequence>
  <level>INFO</level>
  <class>com.kms.katalon.core.logging.XmlKeywordLogger</class>
  <method>logMessage</method>
  <thread>1</thread>
  <message>Action delay is set to 0 milliseconds</message>
  <nestedLevel>1</nestedLevel>
  <escapedJava>false</escapedJava>
</record>
<record>
  <date>2026-09-15T06:26:16.285229600Z</date>
  <millis>1789453576285</millis>
  <nanos>229600</nanos>
  <sequence>1007</sequence>
  <level>RUN_DATA</level>
  <class>com.kms.katalon.core.logging.XmlKeywordLogger</class>
  <method>logMessage</method>
  <thread>1</thread>
  <message>sessionId = 9f29cf90e2a2ccc57b76be614a7e65b5</message>
  <nestedLevel>1</nestedLevel>
  <escapedJava>false</escapedJava>
  <property name="sessionId">9f29cf90e2a2ccc57b76be614a7e65b5</property>
</record>
<record>
  <date>2026-09-15T06:26:16.285229600Z</date>
  <millis>1789453576285</millis>
  <nanos>229600</nanos>
  <sequence>1008</sequence>
  <level>RUN_DATA</level>
  <class>com.kms.katalon.core.logging.XmlKeywordLogger</class>
  <method>logMessage</method>
  <thread>1</thread>
  <message>browser = Chrome 152.0.7977.84</message>
  <nestedLevel>1</nestedLevel>
  <escapedJava>false</escapedJava>
  <property name="browser">Chrome 152.0.7977.84</property>
</record>
<record>
  <date>2026-09-15T06:26:16.285229600Z</date>
  <millis>1789453576285</millis>
  <nanos>229600</nanos>
  <sequence>1009</sequence>
  <level>RUN_DATA</level>
  <class>com.kms.katalon.core.logging.XmlKeywordLogger</class>
  <method>logMessage</method>
  <thread>1</thread>
  <message>platform = Windows 11</message>
  <nestedLevel>1</nestedLevel>
  <escapedJava>false</escapedJava>
  <property name="platform">Windows 11</property>
</record>
<record>
  <date>2026-09-15T06:26:16.285229600Z</date>
  <millis>1789453576285</millis>
  <nanos>229600</nanos>
  <sequence>1010</sequence>
  <level>RUN_DATA</level>
  <class>com.kms.katalon.core.logging.XmlKeywordLogger</class>
  <method>logMessage</method>
  <thread>1</thread>
  <message>seleniumVersion = 4.39.0</message>
  <nestedLevel>1</nestedLevel>
  <escapedJava>false</escapedJava>
  <property name="seleniumVersion">4.39.0</property>
</record>
<record>
  <date>2026-09-15T06:26:16.285229600Z</date>
  <millis>1789453576285</millis>
  <nanos>229600</nanos>
  <sequence>1011</sequence>
  <level>RUN_DATA</level>
  <class>com.kms.katalon.core.logging.XmlKeywordLogger</class>
  <method>logMessage</method>
  <thread>1</thread>
  <message>proxyInformation = ProxyInformation { proxyOption=NO_PROXY, proxyServerType=HTTP, username=, password=********, proxyServerAddress=, proxyServerPort=0, executionList=&amp;quot;&amp;quot;, isApplyToDesiredCapabilities=true }</message>
  <nestedLevel>1</nestedLevel>
  <escapedJava>false</escapedJava>
  <property name="proxyInformation">ProxyInformation { proxyOption=NO_PROXY, proxyServerType=HTTP, username=, password=********, proxyServerAddress=, proxyServerPort=0, executionList=&quot;&quot;, isApplyToDesiredCapabilities=true }</property>
</record>
<record>
  <date>2026-09-15T06:26:16.297697200Z</date>
  <millis>1789453576297</millis>
  <nanos>697200</nanos>
  <sequence>1012</sequence>
  <level>PASSED</level>
  <class>com.kms.katalon.core.logging.XmlKeywordLogger</class>
  <method>logMessage</method>
  <thread>1</thread>
  <message>Browser is opened with url: &amp;apos;&amp;apos;</message>
  <nestedLevel>1</nestedLevel>
  <escapedJava>false</escapedJava>
  <property name="testops-method-name">com.kms.katalon.core.webui.keyword.builtin.OpenBrowserKeyword.openBrowser</property>
  <property name="testops-execution-stacktrace"></property>
</record>
<record>
  <date>2026-09-15T06:26:16.298705Z</date>
  <millis>1789453576298</millis>
  <nanos>705000</nanos>
  <sequence>1013</sequence>
  <level>END</level>
  <class>com.kms.katalon.core.logging.XmlKeywordLogger</class>
  <method>endKeyword</method>
  <thread>1</thread>
  <message>End action : openBrowser(&amp;quot;&amp;quot;)</message>
  <nestedLevel>1</nestedLevel>
  <escapedJava>false</escapedJava>
</record>
<record>
  <date>2026-09-15T06:26:16.298705Z</date>
  <millis>1789453576298</millis>
  <nanos>705000</nanos>
  <sequence>1014</sequence>
  <level>START</level>
  <class>com.kms.katalon.core.logging.XmlKeywordLogger</class>
  <method>startKeyword</method>
  <thread>1</thread>
  <message>Start action : maximizeWindow()</message>
  <nestedLevel>1</nestedLevel>
  <escapedJava>false</escapedJava>
  <property name="startLine">22</property>
  <property name="stepIndex">2</property>
</record>
<record>
  <date>2026-09-15T06:26:16.337001900Z</date>
  <millis>1789453576337</millis>
  <nanos>1900</nanos>
  <sequence>1017</sequence>
  <level>PASSED</level>
  <class>com.kms.katalon.core.logging.XmlKeywordLogger</class>
  <method>logMessage</method>
  <thread>1</thread>
  <message>Current window maximized</message>
  <nestedLevel>1</nestedLevel>
  <escapedJava>false</escapedJava>
  <property name="testops-method-name">com.kms.katalon.core.webui.keyword.builtin.MaximizeWindowKeyword.maximizeWindow</property>
  <property name="testops-execution-stacktrace"></property>
</record>
<record>
  <date>2026-09-15T06:26:16.339064800Z</date>
  <millis>1789453576339</millis>
  <nanos>64800</nanos>
  <sequence>1018</sequence>
  <level>END</level>
  <class>com.kms.katalon.core.logging.XmlKeywordLogger</class>
  <method>endKeyword</method>
  <thread>1</thread>
  <message>End action : maximizeWindow()</message>
  <nestedLevel>1</nestedLevel>
  <escapedJava>false</escapedJava>
</record>
<record>
  <date>2026-09-15T06:26:16.339064800Z</date>
  <millis>1789453576339</millis>
  <nanos>64800</nanos>
  <sequence>1019</sequence>
  <level>START</level>
  <class>com.kms.katalon.core.logging.XmlKeywordLogger</class>
  <method>startKeyword</method>
  <thread>1</thread>
  <message>Start action : navigateToUrl(&amp;quot;https://sahibnkmitraqc.banksekure.com/EKYCWeb/&amp;quot;)</message>
  <nestedLevel>1</nestedLevel>
  <escapedJava>false</escapedJava>
  <property name="startLine">23</property>
  <property name="stepIndex">3</property>
</record>
<record>
  <date>2026-09-15T06:26:17.336835500Z</date>
  <millis>1789453577336</millis>
  <nanos>835500</nanos>
  <sequence>1023</sequence>
  <level>PASSED</level>
  <class>com.kms.katalon.core.logging.XmlKeywordLogger</class>
  <method>logMessage</method>
  <thread>1</thread>
  <message>Navigate to &amp;apos;https://sahibnkmitraqc.banksekure.com/EKYCWeb/&amp;apos; successfully</message>
  <nestedLevel>1</nestedLevel>
  <escapedJava>false</escapedJava>
  <property name="testops-method-name">com.kms.katalon.core.webui.keyword.builtin.NavigateToUrlKeyword.navigateToUrl</property>
  <property name="testops-execution-stacktrace"></property>
</record>
<record>
  <date>2026-09-15T06:26:17.337339700Z</date>
  <millis>1789453577337</millis>
  <nanos>339700</nanos>
  <sequence>1024</sequence>
  <level>END</level>
  <class>com.kms.katalon.core.logging.XmlKeywordLogger</class>
  <method>endKeyword</method>
  <thread>1</thread>
  <message>End action : navigateToUrl(&amp;quot;https://sahibnkmitraqc.banksekure.com/EKYCWeb/&amp;quot;)</message>
  <nestedLevel>1</nestedLevel>
  <escapedJava>false</escapedJava>
</record>
<record>
  <date>2026-09-15T06:26:17.337339700Z</date>
  <millis>1789453577337</millis>
  <nanos>339700</nanos>
  <sequence>1025</sequence>
  <level>START</level>
  <class>com.kms.katalon.core.logging.XmlKeywordLogger</class>
  <method>startKeyword</method>
  <thread>1</thread>
  <message>Start action : click(findTestObject(&amp;quot;Forgotpasswordwithoutregisteredmono/Page_Agent Management System/a_Forgot Password _&amp;quot;))</message>
  <nestedLevel>1</nestedLevel>
  <escapedJava>false</escapedJava>
  <property name="startLine">25</property>
  <property name="stepIndex">4</property>
</record>
<record>
  <date>2026-09-15T06:26:17.863130900Z</date>
  <millis>1789453577863</millis>
  <nanos>130900</nanos>
  <sequence>1036</sequence>
  <level>PASSED</level>
  <class>com.kms.katalon.core.logging.XmlKeywordLogger</class>
  <method>logMessage</method>
  <thread>1</thread>
  <message>Object: &amp;apos;Object Repository/Forgotpasswordwithoutregisteredmono/Page_Agent Management System/a_Forgot Password _&amp;apos; is clicked on</message>
  <nestedLevel>1</nestedLevel>
  <escapedJava>false</escapedJava>
  <property name="testops-method-name">com.kms.katalon.core.webui.keyword.internal.WebUIKeywordMain.runKeywordUntilTimeout</property>
  <property name="testops-execution-stacktrace">com.kms.katalon.core.logging.KeywordLogger.logPassed(KeywordLogger.java:351)
com.kms.katalon.core.logging.KeywordLogger.logPassed(KeywordLogger.java:346)
com.kms.katalon.core.webui.keyword.builtin.ClickKeyword$_click_closure1.doCall(ClickKeyword.groovy:66)
java.base/jdk.internal.reflect.DirectMethodHandleAccessor.invoke(DirectMethodHandleAccessor.java:103)
jdk.proxy2/jdk.proxy2.$Proxy60.execute(Unknown Source)
com.kms.katalon.core.webui.model.SeleniumActionRetryController.performAction(SeleniumActionRetryController.java:96)
com.kms.katalon.core.webui.model.SeleniumActionRetryController.performAction(SeleniumActionRetryController.java:83)
com.kms.katalon.core.webui.keyword.internal.WebUIKeywordMain$_runKeywordUntilTimeout_closure1.doCall(WebUIKeywordMain.groovy:135)
com.kms.katalon.core.webui.keyword.internal.WebUIKeywordMain$_runKeywordUntilTimeout_closure1.call(WebUIKeywordMain.groovy)
com.kms.katalon.core.webui.keyword.internal.WebUIKeywordMain.runKeyword(WebUIKeywordMain.groovy:41)
com.kms.katalon.core.webui.keyword.internal.WebUIKeywordMain.runKeywordUntilTimeout(WebUIKeywordMain.groovy:133)
com.kms.katalon.core.webui.keyword.builtin.ClickKeyword.click(ClickKeyword.groovy:72)
com.kms.katalon.core.webui.keyword.builtin.ClickKeyword.execute(ClickKeyword.groovy:38)
com.kms.katalon.core.keyword.internal.KeywordExecutor.executeKeywordForPlatform(KeywordExecutor.groovy:104)
com.kms.katalon.core.webui.keyword.WebUiBuiltInKeywords.click(WebUiBuiltInKeywords.groovy:722)
FP_UnregisteredMobileNo_TC_202.run(FP_UnregisteredMobileNo_TC_202:25)
</property>
</record>
<record>
  <date>2026-09-15T06:26:17.864118900Z</date>
  <millis>1789453577864</millis>
  <nanos>118900</nanos>
  <sequence>1037</sequence>
  <level>END</level>
  <class>com.kms.katalon.core.logging.XmlKeywordLogger</class>
  <method>endKeyword</method>
  <thread>1</thread>
  <message>End action : click(findTestObject(&amp;quot;Forgotpasswordwithoutregisteredmono/Page_Agent Management System/a_Forgot Password _&amp;quot;))</message>
  <nestedLevel>1</nestedLevel>
  <escapedJava>false</escapedJava>
</record>
<record>
  <date>2026-09-15T06:26:17.864118900Z</date>
  <millis>1789453577864</millis>
  <nanos>118900</nanos>
  <sequence>1038</sequence>
  <level>START</level>
  <class>com.kms.katalon.core.logging.XmlKeywordLogger</class>
  <method>startKeyword</method>
  <thread>1</thread>
  <message>Start action : setText(findTestObject(&amp;quot;Forgotpasswordwithoutregisteredmono/Page_Agent Management System/input_Enter Mobile Number&amp;quot;), &amp;quot;9689997879&amp;quot;)</message>
  <nestedLevel>1</nestedLevel>
  <escapedJava>false</escapedJava>
  <property name="startLine">27</property>
  <property name="stepIndex">5</property>
</record>
<record>
  <date>2026-09-15T06:26:18.627714500Z</date>
  <millis>1789453578627</millis>
  <nanos>714500</nanos>
  <sequence>1052</sequence>
  <level>PASSED</level>
  <class>com.kms.katalon.core.logging.XmlKeywordLogger</class>
  <method>logMessage</method>
  <thread>1</thread>
  <message>Text &amp;apos;9689997879&amp;apos; is set on object &amp;apos;Object Repository/Forgotpasswordwithoutregisteredmono/Page_Agent Management System/input_Enter Mobile Number&amp;apos;</message>
  <nestedLevel>1</nestedLevel>
  <escapedJava>false</escapedJava>
  <property name="testops-method-name">com.kms.katalon.core.webui.keyword.internal.WebUIKeywordMain.runKeywordUntilTimeout</property>
  <property name="testops-execution-stacktrace">com.kms.katalon.core.logging.KeywordLogger.logPassed(KeywordLogger.java:351)
com.kms.katalon.core.logging.KeywordLogger.logPassed(KeywordLogger.java:346)
com.kms.katalon.core.webui.keyword.builtin.SetTextKeyword$_setText_closure1.doCall(SetTextKeyword.groovy:99)
java.base/jdk.internal.reflect.DirectMethodHandleAccessor.invoke(DirectMethodHandleAccessor.java:103)
jdk.proxy2/jdk.proxy2.$Proxy60.execute(Unknown Source)
com.kms.katalon.core.webui.model.SeleniumActionRetryController.performAction(SeleniumActionRetryController.java:96)
com.kms.katalon.core.webui.model.SeleniumActionRetryController.performAction(SeleniumActionRetryController.java:83)
com.kms.katalon.core.webui.keyword.internal.WebUIKeywordMain$_runKeywordUntilTimeout_closure1.doCall(WebUIKeywordMain.groovy:135)
com.kms.katalon.core.webui.keyword.internal.WebUIKeywordMain$_runKeywordUntilTimeout_closure1.call(WebUIKeywordMain.groovy)
com.kms.katalon.core.webui.keyword.internal.WebUIKeywordMain.runKeyword(WebUIKeywordMain.groovy:41)
com.kms.katalon.core.webui.keyword.internal.WebUIKeywordMain.runKeywordUntilTimeout(WebUIKeywordMain.groovy:133)
com.kms.katalon.core.webui.keyword.builtin.SetTextKeyword.setText(SetTextKeyword.groovy:106)
com.kms.katalon.core.webui.keyword.builtin.SetTextKeyword.execute(SetTextKeyword.groovy:49)
com.kms.katalon.core.keyword.internal.KeywordExecutor.executeKeywordForPlatform(KeywordExecutor.groovy:104)
com.kms.katalon.core.webui.keyword.WebUiBuiltInKeywords.setText(WebUiBuiltInKeywords.groovy:1082)
FP_UnregisteredMobileNo_TC_202.run(FP_UnregisteredMobileNo_TC_202:27)
</property>
</record>
<record>
  <date>2026-09-15T06:26:18.628715100Z</date>
  <millis>1789453578628</millis>
  <nanos>715100</nanos>
  <sequence>1053</sequence>
  <level>END</level>
  <class>com.kms.katalon.core.logging.XmlKeywordLogger</class>
  <method>endKeyword</method>
  <thread>1</thread>
  <message>End action : setText(findTestObject(&amp;quot;Forgotpasswordwithoutregisteredmono/Page_Agent Management System/input_Enter Mobile Number&amp;quot;), &amp;quot;9689997879&amp;quot;)</message>
  <nestedLevel>1</nestedLevel>
  <escapedJava>false</escapedJava>
</record>
<record>
  <date>2026-09-15T06:26:18.628715100Z</date>
  <millis>1789453578628</millis>
  <nanos>715100</nanos>
  <sequence>1054</sequence>
  <level>START</level>
  <class>com.kms.katalon.core.logging.XmlKeywordLogger</class>
  <method>startKeyword</method>
  <thread>1</thread>
  <message>Start action : click(findTestObject(&amp;quot;Forgotpasswordwithoutregisteredmono/Page_Agent Management System/input_SendOTPBtn&amp;quot;))</message>
  <nestedLevel>1</nestedLevel>
  <escapedJava>false</escapedJava>
  <property name="startLine">30</property>
  <property name="stepIndex">6</property>
</record>
<record>
  <date>2026-09-15T06:26:18.970134800Z</date>
  <millis>1789453578970</millis>
  <nanos>134800</nanos>
  <sequence>1065</sequence>
  <level>PASSED</level>
  <class>com.kms.katalon.core.logging.XmlKeywordLogger</class>
  <method>logMessage</method>
  <thread>1</thread>
  <message>Object: &amp;apos;Object Repository/Forgotpasswordwithoutregisteredmono/Page_Agent Management System/input_SendOTPBtn&amp;apos; is clicked on</message>
  <nestedLevel>1</nestedLevel>
  <escapedJava>false</escapedJava>
  <property name="testops-method-name">com.kms.katalon.core.webui.keyword.internal.WebUIKeywordMain.runKeywordUntilTimeout</property>
  <property name="testops-execution-stacktrace">com.kms.katalon.core.logging.KeywordLogger.logPassed(KeywordLogger.java:351)
com.kms.katalon.core.logging.KeywordLogger.logPassed(KeywordLogger.java:346)
com.kms.katalon.core.webui.keyword.builtin.ClickKeyword$_click_closure1.doCall(ClickKeyword.groovy:66)
java.base/jdk.internal.reflect.DirectMethodHandleAccessor.invoke(DirectMethodHandleAccessor.java:103)
jdk.proxy2/jdk.proxy2.$Proxy60.execute(Unknown Source)
com.kms.katalon.core.webui.model.SeleniumActionRetryController.performAction(SeleniumActionRetryController.java:96)
com.kms.katalon.core.webui.model.SeleniumActionRetryController.performAction(SeleniumActionRetryController.java:83)
com.kms.katalon.core.webui.keyword.internal.WebUIKeywordMain$_runKeywordUntilTimeout_closure1.doCall(WebUIKeywordMain.groovy:135)
com.kms.katalon.core.webui.keyword.internal.WebUIKeywordMain$_runKeywordUntilTimeout_closure1.call(WebUIKeywordMain.groovy)
com.kms.katalon.core.webui.keyword.internal.WebUIKeywordMain.runKeyword(WebUIKeywordMain.groovy:41)
com.kms.katalon.core.webui.keyword.internal.WebUIKeywordMain.runKeywordUntilTimeout(WebUIKeywordMain.groovy:133)
com.kms.katalon.core.webui.keyword.builtin.ClickKeyword.click(ClickKeyword.groovy:72)
com.kms.katalon.core.webui.keyword.builtin.ClickKeyword.execute(ClickKeyword.groovy:38)
com.kms.katalon.core.keyword.internal.KeywordExecutor.executeKeywordForPlatform(KeywordExecutor.groovy:104)
com.kms.katalon.core.webui.keyword.WebUiBuiltInKeywords.click(WebUiBuiltInKeywords.groovy:722)
FP_UnregisteredMobileNo_TC_202.run(FP_UnregisteredMobileNo_TC_202:30)
</property>
</record>
<record>
  <date>2026-09-15T06:26:18.971129500Z</date>
  <millis>1789453578971</millis>
  <nanos>129500</nanos>
  <sequence>1066</sequence>
  <level>END</level>
  <class>com.kms.katalon.core.logging.XmlKeywordLogger</class>
  <method>endKeyword</method>
  <thread>1</thread>
  <message>End action : click(findTestObject(&amp;quot;Forgotpasswordwithoutregisteredmono/Page_Agent Management System/input_SendOTPBtn&amp;quot;))</message>
  <nestedLevel>1</nestedLevel>
  <escapedJava>false</escapedJava>
</record>
<record>
  <date>2026-09-15T06:26:18.971129500Z</date>
  <millis>1789453578971</millis>
  <nanos>129500</nanos>
  <sequence>1067</sequence>
  <level>START</level>
  <class>com.kms.katalon.core.logging.XmlKeywordLogger</class>
  <method>startKeyword</method>
  <thread>1</thread>
  <message>Start action : waitForElementVisible(findTestObject(&amp;quot;Forgotpasswordwithoutregisteredmono/Page_Agent Management System/p_error_MobileNo&amp;quot;), 5)</message>
  <nestedLevel>1</nestedLevel>
  <escapedJava>false</escapedJava>
  <property name="startLine">32</property>
  <property name="stepIndex">7</property>
</record>
<record>
  <date>2026-09-15T06:26:19.636760400Z</date>
  <millis>1789453579636</millis>
  <nanos>760400</nanos>
  <sequence>1074</sequence>
  <level>PASSED</level>
  <class>com.kms.katalon.core.logging.XmlKeywordLogger</class>
  <method>logMessage</method>
  <thread>1</thread>
  <message>Object &amp;apos;Object Repository/Forgotpasswordwithoutregisteredmono/Page_Agent Management System/p_error_MobileNo&amp;apos; is visible</message>
  <nestedLevel>1</nestedLevel>
  <escapedJava>false</escapedJava>
  <property name="testops-method-name">com.kms.katalon.core.webui.keyword.internal.WebUIKeywordMain.runKeywordUntilTimeout</property>
  <property name="testops-execution-stacktrace">com.kms.katalon.core.logging.KeywordLogger.logPassed(KeywordLogger.java:351)
com.kms.katalon.core.logging.KeywordLogger.logPassed(KeywordLogger.java:346)
com.kms.katalon.core.logging.KeywordLogger$logPassed$0.call(Unknown Source)
com.kms.katalon.core.webui.keyword.builtin.WaitForElementVisibleKeyword$_waitForElementVisible_closure1.doCall(WaitForElementVisibleKeyword.groovy:86)
java.base/jdk.internal.reflect.DirectMethodHandleAccessor.invoke(DirectMethodHandleAccessor.java:103)
jdk.proxy2/jdk.proxy2.$Proxy60.execute(Unknown Source)
com.kms.katalon.core.webui.model.SeleniumActionRetryController.performAction(SeleniumActionRetryController.java:96)
com.kms.katalon.core.webui.model.SeleniumActionRetryController.performAction(SeleniumActionRetryController.java:83)
com.kms.katalon.core.webui.keyword.internal.WebUIKeywordMain$_runKeywordUntilTimeout_closure2.doCall(WebUIKeywordMain.groovy:155)
com.kms.katalon.core.webui.keyword.internal.WebUIKeywordMain$_runKeywordUntilTimeout_closure2.call(WebUIKeywordMain.groovy)
com.kms.katalon.core.webui.keyword.internal.WebUIKeywordMain.runKeyword(WebUIKeywordMain.groovy:41)
com.kms.katalon.core.webui.keyword.internal.WebUIKeywordMain.runKeywordUntilTimeout(WebUIKeywordMain.groovy:152)
com.kms.katalon.core.webui.keyword.internal.WebUIKeywordMain$runKeywordUntilTimeout.call(Unknown Source)
com.kms.katalon.core.webui.keyword.builtin.WaitForElementVisibleKeyword.waitForElementVisible(WaitForElementVisibleKeyword.groovy:101)
com.kms.katalon.core.webui.keyword.builtin.WaitForElementVisibleKeyword.execute(WaitForElementVisibleKeyword.groovy:69)
com.kms.katalon.core.keyword.internal.KeywordExecutor.executeKeywordForPlatform(KeywordExecutor.groovy:104)
com.kms.katalon.core.webui.keyword.WebUiBuiltInKeywords.waitForElementVisible(WebUiBuiltInKeywords.groovy:515)
FP_UnregisteredMobileNo_TC_202.run(FP_UnregisteredMobileNo_TC_202:32)
</property>
</record>
<record>
  <date>2026-09-15T06:26:19.637766800Z</date>
  <millis>1789453579637</millis>
  <nanos>766800</nanos>
  <sequence>1075</sequence>
  <level>END</level>
  <class>com.kms.katalon.core.logging.XmlKeywordLogger</class>
  <method>endKeyword</method>
  <thread>1</thread>
  <message>End action : waitForElementVisible(findTestObject(&amp;quot;Forgotpasswordwithoutregisteredmono/Page_Agent Management System/p_error_MobileNo&amp;quot;), 5)</message>
  <nestedLevel>1</nestedLevel>
  <escapedJava>false</escapedJava>
</record>
<record>
  <date>2026-09-15T06:26:19.638764300Z</date>
  <millis>1789453579638</millis>
  <nanos>764300</nanos>
  <sequence>1076</sequence>
  <level>START</level>
  <class>com.kms.katalon.core.logging.XmlKeywordLogger</class>
  <method>startKeyword</method>
  <thread>1</thread>
  <message>Start action : message = getText(findTestObject(&amp;quot;Forgotpasswordwithoutregisteredmono/Page_Agent Management System/p_error_MobileNo&amp;quot;))</message>
  <nestedLevel>1</nestedLevel>
  <escapedJava>false</escapedJava>
  <property name="startLine">34</property>
  <property name="stepIndex">8</property>
</record>
<record>
  <date>2026-09-15T06:26:19.885288500Z</date>
  <millis>1789453579885</millis>
  <nanos>288500</nanos>
  <sequence>1086</sequence>
  <level>PASSED</level>
  <class>com.kms.katalon.core.logging.XmlKeywordLogger</class>
  <method>logMessage</method>
  <thread>1</thread>
  <message>Text of object &amp;apos;Object Repository/Forgotpasswordwithoutregisteredmono/Page_Agent Management System/p_error_MobileNo&amp;apos; is: &amp;apos;Mobile number is not registered&amp;apos;</message>
  <nestedLevel>1</nestedLevel>
  <escapedJava>false</escapedJava>
  <property name="testops-method-name">com.kms.katalon.core.webui.keyword.internal.WebUIKeywordMain.runKeywordUntilTimeout</property>
  <property name="testops-execution-stacktrace">com.kms.katalon.core.logging.KeywordLogger.logPassed(KeywordLogger.java:351)
com.kms.katalon.core.logging.KeywordLogger.logPassed(KeywordLogger.java:346)
com.kms.katalon.core.webui.keyword.builtin.GetTextKeyword$_getText_closure1.doCall(GetTextKeyword.groovy:85)
java.base/jdk.internal.reflect.DirectMethodHandleAccessor.invoke(DirectMethodHandleAccessor.java:103)
jdk.proxy2/jdk.proxy2.$Proxy60.execute(Unknown Source)
com.kms.katalon.core.webui.model.SeleniumActionRetryController.performAction(SeleniumActionRetryController.java:96)
com.kms.katalon.core.webui.model.SeleniumActionRetryController.performAction(SeleniumActionRetryController.java:83)
com.kms.katalon.core.webui.keyword.internal.WebUIKeywordMain$_runKeywordUntilTimeout_closure1.doCall(WebUIKeywordMain.groovy:135)
com.kms.katalon.core.webui.keyword.internal.WebUIKeywordMain$_runKeywordUntilTimeout_closure1.call(WebUIKeywordMain.groovy)
com.kms.katalon.core.webui.keyword.internal.WebUIKeywordMain.runKeyword(WebUIKeywordMain.groovy:41)
com.kms.katalon.core.webui.keyword.internal.WebUIKeywordMain.runKeywordUntilTimeout(WebUIKeywordMain.groovy:133)
com.kms.katalon.core.webui.keyword.builtin.GetTextKeyword.getText(GetTextKeyword.groovy:92)
com.kms.katalon.core.webui.keyword.builtin.GetTextKeyword.execute(GetTextKeyword.groovy:67)
com.kms.katalon.core.keyword.internal.KeywordExecutor.executeKeywordForPlatform(KeywordExecutor.groovy:104)
com.kms.katalon.core.webui.keyword.WebUiBuiltInKeywords.getText(WebUiBuiltInKeywords.groovy:1020)
FP_UnregisteredMobileNo_TC_202.run(FP_UnregisteredMobileNo_TC_202:34)
</property>
</record>
<record>
  <date>2026-09-15T06:26:19.887945800Z</date>
  <millis>1789453579887</millis>
  <nanos>945800</nanos>
  <sequence>1087</sequence>
  <level>END</level>
  <class>com.kms.katalon.core.logging.XmlKeywordLogger</class>
  <method>endKeyword</method>
  <thread>1</thread>
  <message>End action : message = getText(findTestObject(&amp;quot;Forgotpasswordwithoutregisteredmono/Page_Agent Management System/p_error_MobileNo&amp;quot;))</message>
  <nestedLevel>1</nestedLevel>
  <escapedJava>false</escapedJava>
</record>
<record>
  <date>2026-09-15T06:26:19.887945800Z</date>
  <millis>1789453579887</millis>
  <nanos>945800</nanos>
  <sequence>1088</sequence>
  <level>START</level>
  <class>com.kms.katalon.core.logging.XmlKeywordLogger</class>
  <method>startKeyword</method>
  <thread>1</thread>
  <message>Start action : comment(&amp;quot;Validation Message: &amp;quot; + message)</message>
  <nestedLevel>1</nestedLevel>
  <escapedJava>false</escapedJava>
  <property name="startLine">36</property>
  <property name="stepIndex">9</property>
</record>
<record>
  <date>2026-09-15T06:26:19.888952Z</date>
  <millis>1789453579888</millis>
  <nanos>952000</nanos>
  <sequence>1090</sequence>
  <level>INFO</level>
  <class>com.kms.katalon.core.logging.XmlKeywordLogger</class>
  <method>logMessage</method>
  <thread>1</thread>
  <message>Validation Message: Mobile number is not registered</message>
  <nestedLevel>1</nestedLevel>
  <escapedJava>false</escapedJava>
</record>
<record>
  <date>2026-09-15T06:26:19.888952Z</date>
  <millis>1789453579888</millis>
  <nanos>952000</nanos>
  <sequence>1091</sequence>
  <level>END</level>
  <class>com.kms.katalon.core.logging.XmlKeywordLogger</class>
  <method>endKeyword</method>
  <thread>1</thread>
  <message>End action : comment(&amp;quot;Validation Message: &amp;quot; + message)</message>
  <nestedLevel>1</nestedLevel>
  <escapedJava>false</escapedJava>
</record>
<record>
  <date>2026-09-15T06:26:19.888952Z</date>
  <millis>1789453579888</millis>
  <nanos>952000</nanos>
  <sequence>1092</sequence>
  <level>PASSED</level>
  <class>com.kms.katalon.core.logging.XmlKeywordLogger</class>
  <method>logMessage</method>
  <thread>1</thread>
  <message>Test Cases/Common_Test_case/Login/Forgotpassword/FP_UnregisteredMobileNo_TC_202</message>
  <nestedLevel>1</nestedLevel>
  <escapedJava>false</escapedJava>
</record>
<record>
  <date>2026-09-15T06:26:19.888952Z</date>
  <millis>1789453579888</millis>
  <nanos>952000</nanos>
  <sequence>1093</sequence>
  <level>START</level>
  <class>com.kms.katalon.core.logging.XmlKeywordLogger</class>
  <method>startKeyword</method>
  <thread>1</thread>
  <message>Start listener action : afterTestCase</message>
  <nestedLevel>1</nestedLevel>
  <escapedJava>false</escapedJava>
</record>
<record>
  <date>2026-09-15T06:26:19.888952Z</date>
  <millis>1789453579888</millis>
  <nanos>952000</nanos>
  <sequence>1095</sequence>
  <level>START</level>
  <class>com.kms.katalon.core.logging.XmlKeywordLogger</class>
  <method>startKeyword</method>
  <thread>1</thread>
  <message>Start action : if (test == null)</message>
  <nestedLevel>1</nestedLevel>
  <escapedJava>false</escapedJava>
  <property name="startLine">51</property>
  <property name="stepIndex">1</property>
</record>
<record>
  <date>2026-09-15T06:26:19.888952Z</date>
  <millis>1789453579888</millis>
  <nanos>952000</nanos>
  <sequence>1096</sequence>
  <level>END</level>
  <class>com.kms.katalon.core.logging.XmlKeywordLogger</class>
  <method>endKeyword</method>
  <thread>1</thread>
  <message>End action : if (test == null)</message>
  <nestedLevel>1</nestedLevel>
  <escapedJava>false</escapedJava>
</record>
<record>
  <date>2026-09-15T06:26:19.888952Z</date>
  <millis>1789453579888</millis>
  <nanos>952000</nanos>
  <sequence>1097</sequence>
  <level>START</level>
  <class>com.kms.katalon.core.logging.XmlKeywordLogger</class>
  <method>startKeyword</method>
  <thread>1</thread>
  <message>Start action : status = testCaseContext.getTestCaseStatus()</message>
  <nestedLevel>1</nestedLevel>
  <escapedJava>false</escapedJava>
  <property name="startLine">57</property>
  <property name="stepIndex">2</property>
</record>
<record>
  <date>2026-09-15T06:26:19.890037100Z</date>
  <millis>1789453579890</millis>
  <nanos>37100</nanos>
  <sequence>1098</sequence>
  <level>END</level>
  <class>com.kms.katalon.core.logging.XmlKeywordLogger</class>
  <method>endKeyword</method>
  <thread>1</thread>
  <message>End action : status = testCaseContext.getTestCaseStatus()</message>
  <nestedLevel>1</nestedLevel>
  <escapedJava>false</escapedJava>
</record>
<record>
  <date>2026-09-15T06:26:19.890037100Z</date>
  <millis>1789453579890</millis>
  <nanos>37100</nanos>
  <sequence>1099</sequence>
  <level>START</level>
  <class>com.kms.katalon.core.logging.XmlKeywordLogger</class>
  <method>startKeyword</method>
  <thread>1</thread>
  <message>Start action : if (status == &amp;quot;PASSED&amp;quot;)</message>
  <nestedLevel>1</nestedLevel>
  <escapedJava>false</escapedJava>
  <property name="startLine">60</property>
  <property name="stepIndex">3</property>
</record>
<record>
  <date>2026-09-15T06:26:19.890037100Z</date>
  <millis>1789453579890</millis>
  <nanos>37100</nanos>
  <sequence>1100</sequence>
  <level>START</level>
  <class>com.kms.katalon.core.logging.XmlKeywordLogger</class>
  <method>startKeyword</method>
  <thread>1</thread>
  <message>Start action : test.pass(&amp;quot;Test Case PASSED&amp;quot;)</message>
  <nestedLevel>2</nestedLevel>
  <escapedJava>false</escapedJava>
  <property name="startLine">62</property>
  <property name="stepIndex">1</property>
</record>
<record>
  <date>2026-09-15T06:26:19.890037100Z</date>
  <millis>1789453579890</millis>
  <nanos>37100</nanos>
  <sequence>1101</sequence>
  <level>END</level>
  <class>com.kms.katalon.core.logging.XmlKeywordLogger</class>
  <method>endKeyword</method>
  <thread>1</thread>
  <message>End action : test.pass(&amp;quot;Test Case PASSED&amp;quot;)</message>
  <nestedLevel>2</nestedLevel>
  <escapedJava>false</escapedJava>
</record>
<record>
  <date>2026-09-15T06:26:19.890037100Z</date>
  <millis>1789453579890</millis>
  <nanos>37100</nanos>
  <sequence>1102</sequence>
  <level>END</level>
  <class>com.kms.katalon.core.logging.XmlKeywordLogger</class>
  <method>endKeyword</method>
  <thread>1</thread>
  <message>End action : if (status == &amp;quot;PASSED&amp;quot;)</message>
  <nestedLevel>1</nestedLevel>
  <escapedJava>false</escapedJava>
</record>
<record>
  <date>2026-09-15T06:26:19.890037100Z</date>
  <millis>1789453579890</millis>
  <nanos>37100</nanos>
  <sequence>1103</sequence>
  <level>START</level>
  <class>com.kms.katalon.core.logging.XmlKeywordLogger</class>
  <method>startKeyword</method>
  <thread>1</thread>
  <message>Start action : println(&amp;quot;Test Status : &amp;quot; + status)</message>
  <nestedLevel>1</nestedLevel>
  <escapedJava>false</escapedJava>
  <property name="startLine">73</property>
  <property name="stepIndex">6</property>
</record>
<record>
  <date>2026-09-15T06:26:19.890037100Z</date>
  <millis>1789453579890</millis>
  <nanos>37100</nanos>
  <sequence>1105</sequence>
  <level>END</level>
  <class>com.kms.katalon.core.logging.XmlKeywordLogger</class>
  <method>endKeyword</method>
  <thread>1</thread>
  <message>End action : println(&amp;quot;Test Status : &amp;quot; + status)</message>
  <nestedLevel>1</nestedLevel>
  <escapedJava>false</escapedJava>
</record>
<record>
  <date>2026-09-15T06:26:19.890037100Z</date>
  <millis>1789453579890</millis>
  <nanos>37100</nanos>
  <sequence>1106</sequence>
  <level>END</level>
  <class>com.kms.katalon.core.logging.XmlKeywordLogger</class>
  <method>endKeyword</method>
  <thread>1</thread>
  <message>End listener action : afterTestCase</message>
  <nestedLevel>1</nestedLevel>
  <escapedJava>false</escapedJava>
</record>
<record>
  <date>2026-09-15T06:26:19.890037100Z</date>
  <millis>1789453579890</millis>
  <nanos>37100</nanos>
  <sequence>1107</sequence>
  <level>START</level>
  <class>com.kms.katalon.core.logging.XmlKeywordLogger</class>
  <method>startKeyword</method>
  <thread>1</thread>
  <message>Start listener action : sampleAfterTestCase</message>
  <nestedLevel>1</nestedLevel>
  <escapedJava>false</escapedJava>
</record>
<record>
  <date>2026-09-15T06:26:19.890037100Z</date>
  <millis>1789453579890</millis>
  <nanos>37100</nanos>
  <sequence>1109</sequence>
  <level>START</level>
  <class>com.kms.katalon.core.logging.XmlKeywordLogger</class>
  <method>startKeyword</method>
  <thread>1</thread>
  <message>Start action : closeBrowser()</message>
  <nestedLevel>1</nestedLevel>
  <escapedJava>false</escapedJava>
  <property name="startLine">93</property>
  <property name="stepIndex">1</property>
</record>
<record>
  <date>2026-09-15T06:26:20.040820Z</date>
  <millis>1789453580040</millis>
  <nanos>820000</nanos>
  <sequence>1112</sequence>
  <level>PASSED</level>
  <class>com.kms.katalon.core.logging.XmlKeywordLogger</class>
  <method>logMessage</method>
  <thread>1</thread>
  <message>Browser is closed</message>
  <nestedLevel>1</nestedLevel>
  <escapedJava>false</escapedJava>
  <property name="testops-method-name">com.kms.katalon.core.webui.keyword.builtin.CloseBrowserKeyword.closeBrowser</property>
  <property name="testops-execution-stacktrace"></property>
</record>
<record>
  <date>2026-09-15T06:26:20.041818700Z</date>
  <millis>1789453580041</millis>
  <nanos>818700</nanos>
  <sequence>1114</sequence>
  <level>END</level>
  <class>com.kms.katalon.core.logging.XmlKeywordLogger</class>
  <method>endKeyword</method>
  <thread>1</thread>
  <message>End action : closeBrowser()</message>
  <nestedLevel>1</nestedLevel>
  <escapedJava>false</escapedJava>
</record>
<record>
  <date>2026-09-15T06:26:20.041818700Z</date>
  <millis>1789453580041</millis>
  <nanos>818700</nanos>
  <sequence>1115</sequence>
  <level>END</level>
  <class>com.kms.katalon.core.logging.XmlKeywordLogger</class>
  <method>endKeyword</method>
  <thread>1</thread>
  <message>End listener action : sampleAfterTestCase</message>
  <nestedLevel>1</nestedLevel>
  <escapedJava>false</escapedJava>
</record>
<record>
  <date>2026-09-15T06:26:20.041818700Z</date>
  <millis>1789453580041</millis>
  <nanos>818700</nanos>
  <sequence>1116</sequence>
  <level>END</level>
  <class>com.kms.katalon.core.logging.XmlKeywordLogger</class>
  <method>endTest</method>
  <thread>1</thread>
  <message>End Test Case : Test Cases/Common_Test_case/Login/Forgotpassword/FP_UnregisteredMobileNo_TC_202</message>
  <nestedLevel>0</nestedLevel>
  <escapedJava>false</escapedJava>
  <property name="executionBindingVariables">[]</property>
  <property name="applitools">false</property>
  <property name="executedKeywords">{
  &quot;WebUI.closeBrowser&quot;: 1,
  &quot;WebUI.maximizeWindow&quot;: 1,
  &quot;WebUI.waitForElementVisible&quot;: 1,
  &quot;WebUI.click&quot;: 2,
  &quot;WebUI.getText&quot;: 1,
  &quot;BuiltIn.comment&quot;: 1,
  &quot;WebUI.navigateToUrl&quot;: 1,
  &quot;WebUI.openBrowser&quot;: 1,
  &quot;WebUI.setText&quot;: 1
}</property>
  <property name="keywordsUsage">{
  &quot;web_ui&quot;: true,
  &quot;web_service&quot;: false,
  &quot;cucumber&quot;: false,
  &quot;builtin&quot;: true,
  &quot;mobile&quot;: false,
  &quot;windows&quot;: false,
  &quot;testng&quot;: false
}</property>
</record>
<record>
  <date>2026-09-15T06:26:20.055870900Z</date>
  <millis>1789453580055</millis>
  <nanos>870900</nanos>
  <sequence>1117</sequence>
  <level>START</level>
  <class>com.kms.katalon.core.logging.XmlKeywordLogger</class>
  <method>startTest</method>
  <thread>1</thread>
  <message>Start Test Case : Test Cases/Common_Test_case/Login/Forgotpassword/FP_ValidRegisteredMobileNo_TC_201</message>
  <nestedLevel>1</nestedLevel>
  <escapedJava>false</escapedJava>
  <property name="origin">WEB_RECORDER</property>
  <property name="name">Test Cases/Common_Test_case/Login/Forgotpassword/FP_ValidRegisteredMobileNo_TC_201</property>
  <property name="description"></property>
  <property name="iteration"></property>
  <property name="id">Test Cases/Common_Test_case/Login/Forgotpassword/FP_ValidRegisteredMobileNo_TC_201</property>
  <property name="source">F:\SahiBnk Mitra DSB\Test Cases\Common_Test_case\Login\Forgotpassword\FP_ValidRegisteredMobileNo_TC_201.tc</property>
  <property name="tag"></property>
  <property name="isOptional">false</property>
  <property name="uuid">077c66e7-245c-416f-8ebd-4b2753212fe0</property>
</record>
<record>
  <date>2026-09-15T06:26:20.071938100Z</date>
  <millis>1789453580071</millis>
  <nanos>938100</nanos>
  <sequence>1119</sequence>
  <level>INFO</level>
  <class>com.kms.katalon.core.logging.XmlKeywordLogger</class>
  <method>logMessage</method>
  <thread>1</thread>
  <message>MobileNo = 7570877202</message>
  <nestedLevel>1</nestedLevel>
  <escapedJava>false</escapedJava>
</record>
<record>
  <date>2026-09-15T06:26:20.071938100Z</date>
  <millis>1789453580071</millis>
  <nanos>938100</nanos>
  <sequence>1120</sequence>
  <level>INFO</level>
  <class>com.kms.katalon.core.logging.XmlKeywordLogger</class>
  <method>logMessage</method>
  <thread>1</thread>
  <message>Newpassword = Kanchan@#$1234</message>
  <nestedLevel>1</nestedLevel>
  <escapedJava>false</escapedJava>
</record>
<record>
  <date>2026-09-15T06:26:20.071938100Z</date>
  <millis>1789453580071</millis>
  <nanos>938100</nanos>
  <sequence>1121</sequence>
  <level>INFO</level>
  <class>com.kms.katalon.core.logging.XmlKeywordLogger</class>
  <method>logMessage</method>
  <thread>1</thread>
  <message>Confirmpassword = Kanchan@#$1234</message>
  <nestedLevel>1</nestedLevel>
  <escapedJava>false</escapedJava>
</record>
<record>
  <date>2026-09-15T06:26:20.071938100Z</date>
  <millis>1789453580071</millis>
  <nanos>938100</nanos>
  <sequence>1122</sequence>
  <level>RUN_DATA</level>
  <class>com.kms.katalon.core.logging.XmlKeywordLogger</class>
  <method>logMessage</method>
  <thread>1</thread>
  <message>executionBindingVariables = [
  {
    &amp;quot;value&amp;quot;: &amp;quot;7570877202&amp;quot;,
    &amp;quot;isDefault&amp;quot;: false,
    &amp;quot;name&amp;quot;: &amp;quot;MobileNo&amp;quot;,
    &amp;quot;masked&amp;quot;: false
  },
  {
    &amp;quot;value&amp;quot;: &amp;quot;Kanchan@#$1234&amp;quot;,
    &amp;quot;isDefault&amp;quot;: false,
    &amp;quot;name&amp;quot;: &amp;quot;Newpassword&amp;quot;,
    &amp;quot;masked&amp;quot;: false
  },
  {
    &amp;quot;value&amp;quot;: &amp;quot;Kanchan@#$1234&amp;quot;,
    &amp;quot;isDefault&amp;quot;: false,
    &amp;quot;name&amp;quot;: &amp;quot;Confirmpassword&amp;quot;,
    &amp;quot;masked&amp;quot;: false
  }
]</message>
  <nestedLevel>1</nestedLevel>
  <escapedJava>false</escapedJava>
  <property name="executionBindingVariables">[
  {
    &quot;value&quot;: &quot;7570877202&quot;,
    &quot;isDefault&quot;: false,
    &quot;name&quot;: &quot;MobileNo&quot;,
    &quot;masked&quot;: false
  },
  {
    &quot;value&quot;: &quot;Kanchan@#$1234&quot;,
    &quot;isDefault&quot;: false,
    &quot;name&quot;: &quot;Newpassword&quot;,
    &quot;masked&quot;: false
  },
  {
    &quot;value&quot;: &quot;Kanchan@#$1234&quot;,
    &quot;isDefault&quot;: false,
    &quot;name&quot;: &quot;Confirmpassword&quot;,
    &quot;masked&quot;: false
  }
]</property>
</record>
<record>
  <date>2026-09-15T06:26:20.073934300Z</date>
  <millis>1789453580073</millis>
  <nanos>934300</nanos>
  <sequence>1123</sequence>
  <level>START</level>
  <class>com.kms.katalon.core.logging.XmlKeywordLogger</class>
  <method>startKeyword</method>
  <thread>1</thread>
  <message>Start listener action : beforeTestCase</message>
  <nestedLevel>1</nestedLevel>
  <escapedJava>false</escapedJava>
</record>
<record>
  <date>2026-09-15T06:26:20.073934300Z</date>
  <millis>1789453580073</millis>
  <nanos>934300</nanos>
  <sequence>1125</sequence>
  <level>START</level>
  <class>com.kms.katalon.core.logging.XmlKeywordLogger</class>
  <method>startKeyword</method>
  <thread>1</thread>
  <message>Start action : if (extent != null)</message>
  <nestedLevel>1</nestedLevel>
  <escapedJava>false</escapedJava>
  <property name="startLine">33</property>
  <property name="stepIndex">1</property>
</record>
<record>
  <date>2026-09-15T06:26:20.073934300Z</date>
  <millis>1789453580073</millis>
  <nanos>934300</nanos>
  <sequence>1126</sequence>
  <level>START</level>
  <class>com.kms.katalon.core.logging.XmlKeywordLogger</class>
  <method>startKeyword</method>
  <thread>1</thread>
  <message>Start action : test = extent.createTest(testCaseContext.getTestCaseId())</message>
  <nestedLevel>2</nestedLevel>
  <escapedJava>false</escapedJava>
  <property name="startLine">35</property>
  <property name="stepIndex">1</property>
</record>
<record>
  <date>2026-09-15T06:26:20.074936Z</date>
  <millis>1789453580074</millis>
  <nanos>936000</nanos>
  <sequence>1127</sequence>
  <level>END</level>
  <class>com.kms.katalon.core.logging.XmlKeywordLogger</class>
  <method>endKeyword</method>
  <thread>1</thread>
  <message>End action : test = extent.createTest(testCaseContext.getTestCaseId())</message>
  <nestedLevel>2</nestedLevel>
  <escapedJava>false</escapedJava>
</record>
<record>
  <date>2026-09-15T06:26:20.074936Z</date>
  <millis>1789453580074</millis>
  <nanos>936000</nanos>
  <sequence>1128</sequence>
  <level>START</level>
  <class>com.kms.katalon.core.logging.XmlKeywordLogger</class>
  <method>startKeyword</method>
  <thread>1</thread>
  <message>Start action : println(&amp;quot;Test Created : &amp;quot; + testCaseContext.getTestCaseId())</message>
  <nestedLevel>2</nestedLevel>
  <escapedJava>false</escapedJava>
  <property name="startLine">39</property>
  <property name="stepIndex">2</property>
</record>
<record>
  <date>2026-09-15T06:26:20.074936Z</date>
  <millis>1789453580074</millis>
  <nanos>936000</nanos>
  <sequence>1130</sequence>
  <level>END</level>
  <class>com.kms.katalon.core.logging.XmlKeywordLogger</class>
  <method>endKeyword</method>
  <thread>1</thread>
  <message>End action : println(&amp;quot;Test Created : &amp;quot; + testCaseContext.getTestCaseId())</message>
  <nestedLevel>2</nestedLevel>
  <escapedJava>false</escapedJava>
</record>
<record>
  <date>2026-09-15T06:26:20.074936Z</date>
  <millis>1789453580074</millis>
  <nanos>936000</nanos>
  <sequence>1131</sequence>
  <level>END</level>
  <class>com.kms.katalon.core.logging.XmlKeywordLogger</class>
  <method>endKeyword</method>
  <thread>1</thread>
  <message>End action : if (extent != null)</message>
  <nestedLevel>1</nestedLevel>
  <escapedJava>false</escapedJava>
</record>
<record>
  <date>2026-09-15T06:26:20.074936Z</date>
  <millis>1789453580074</millis>
  <nanos>936000</nanos>
  <sequence>1132</sequence>
  <level>END</level>
  <class>com.kms.katalon.core.logging.XmlKeywordLogger</class>
  <method>endKeyword</method>
  <thread>1</thread>
  <message>End listener action : beforeTestCase</message>
  <nestedLevel>1</nestedLevel>
  <escapedJava>false</escapedJava>
</record>
<record>
  <date>2026-09-15T06:26:20.074936Z</date>
  <millis>1789453580074</millis>
  <nanos>936000</nanos>
  <sequence>1133</sequence>
  <level>START</level>
  <class>com.kms.katalon.core.logging.XmlKeywordLogger</class>
  <method>startKeyword</method>
  <thread>1</thread>
  <message>Start listener action : beforeTestCase</message>
  <nestedLevel>1</nestedLevel>
  <escapedJava>false</escapedJava>
</record>
<record>
  <date>2026-09-15T06:26:20.075934200Z</date>
  <millis>1789453580075</millis>
  <nanos>934200</nanos>
  <sequence>1135</sequence>
  <level>START</level>
  <class>com.kms.katalon.core.logging.XmlKeywordLogger</class>
  <method>startKeyword</method>
  <thread>1</thread>
  <message>Start action : tcName = testCaseContext.getTestCaseId()</message>
  <nestedLevel>1</nestedLevel>
  <escapedJava>false</escapedJava>
  <property name="startLine">34</property>
  <property name="stepIndex">1</property>
</record>
<record>
  <date>2026-09-15T06:26:20.075934200Z</date>
  <millis>1789453580075</millis>
  <nanos>934200</nanos>
  <sequence>1136</sequence>
  <level>END</level>
  <class>com.kms.katalon.core.logging.XmlKeywordLogger</class>
  <method>endKeyword</method>
  <thread>1</thread>
  <message>End action : tcName = testCaseContext.getTestCaseId()</message>
  <nestedLevel>1</nestedLevel>
  <escapedJava>false</escapedJava>
</record>
<record>
  <date>2026-09-15T06:26:20.075934200Z</date>
  <millis>1789453580075</millis>
  <nanos>934200</nanos>
  <sequence>1137</sequence>
  <level>START</level>
  <class>com.kms.katalon.core.logging.XmlKeywordLogger</class>
  <method>startKeyword</method>
  <thread>1</thread>
  <message>Start action : if (tcName.contains(&amp;quot;Test Cases/Common_Test_case/Login&amp;quot;) || tcName.contains(&amp;quot;Test Cases/Profile_status&amp;quot;))</message>
  <nestedLevel>1</nestedLevel>
  <escapedJava>false</escapedJava>
  <property name="startLine">37</property>
  <property name="stepIndex">2</property>
</record>
<record>
  <date>2026-09-15T06:26:20.075934200Z</date>
  <millis>1789453580075</millis>
  <nanos>934200</nanos>
  <sequence>1138</sequence>
  <level>START</level>
  <class>com.kms.katalon.core.logging.XmlKeywordLogger</class>
  <method>startKeyword</method>
  <thread>1</thread>
  <message>Start action : logInfo(&amp;quot;Login Module Detected - Listener Skipped&amp;quot;)</message>
  <nestedLevel>2</nestedLevel>
  <escapedJava>false</escapedJava>
  <property name="startLine">43</property>
  <property name="stepIndex">1</property>
</record>
<record>
  <date>2026-09-15T06:26:20.076938200Z</date>
  <millis>1789453580076</millis>
  <nanos>938200</nanos>
  <sequence>1139</sequence>
  <level>INFO</level>
  <class>com.kms.katalon.core.logging.XmlKeywordLogger</class>
  <method>logMessage</method>
  <thread>1</thread>
  <message>Login Module Detected - Listener Skipped</message>
  <nestedLevel>1</nestedLevel>
  <escapedJava>false</escapedJava>
</record>
<record>
  <date>2026-09-15T06:26:20.076938200Z</date>
  <millis>1789453580076</millis>
  <nanos>938200</nanos>
  <sequence>1140</sequence>
  <level>END</level>
  <class>com.kms.katalon.core.logging.XmlKeywordLogger</class>
  <method>endKeyword</method>
  <thread>1</thread>
  <message>End action : logInfo(&amp;quot;Login Module Detected - Listener Skipped&amp;quot;)</message>
  <nestedLevel>2</nestedLevel>
  <escapedJava>false</escapedJava>
</record>
<record>
  <date>2026-09-15T06:26:20.076938200Z</date>
  <millis>1789453580076</millis>
  <nanos>938200</nanos>
  <sequence>1141</sequence>
  <level>START</level>
  <class>com.kms.katalon.core.logging.XmlKeywordLogger</class>
  <method>startKeyword</method>
  <thread>1</thread>
  <message>Start action : return null</message>
  <nestedLevel>2</nestedLevel>
  <escapedJava>false</escapedJava>
  <property name="startLine">45</property>
  <property name="stepIndex">2</property>
</record>
<record>
  <date>2026-09-15T06:26:20.076938200Z</date>
  <millis>1789453580076</millis>
  <nanos>938200</nanos>
  <sequence>1143</sequence>
  <level>END</level>
  <class>com.kms.katalon.core.logging.XmlKeywordLogger</class>
  <method>endKeyword</method>
  <thread>1</thread>
  <message>End action : return null</message>
  <nestedLevel>2</nestedLevel>
  <escapedJava>false</escapedJava>
</record>
<record>
  <date>2026-09-15T06:26:20.076938200Z</date>
  <millis>1789453580076</millis>
  <nanos>938200</nanos>
  <sequence>1144</sequence>
  <level>END</level>
  <class>com.kms.katalon.core.logging.XmlKeywordLogger</class>
  <method>endKeyword</method>
  <thread>1</thread>
  <message>End action : if (tcName.contains(&amp;quot;Test Cases/Common_Test_case/Login&amp;quot;) || tcName.contains(&amp;quot;Test Cases/Profile_status&amp;quot;))</message>
  <nestedLevel>1</nestedLevel>
  <escapedJava>false</escapedJava>
</record>
<record>
  <date>2026-09-15T06:26:20.076938200Z</date>
  <millis>1789453580076</millis>
  <nanos>938200</nanos>
  <sequence>1145</sequence>
  <level>END</level>
  <class>com.kms.katalon.core.logging.XmlKeywordLogger</class>
  <method>endKeyword</method>
  <thread>1</thread>
  <message>End listener action : beforeTestCase</message>
  <nestedLevel>1</nestedLevel>
  <escapedJava>false</escapedJava>
</record>
<record>
  <date>2026-09-15T06:26:20.144505800Z</date>
  <millis>1789453580144</millis>
  <nanos>505800</nanos>
  <sequence>1146</sequence>
  <level>START</level>
  <class>com.kms.katalon.core.logging.XmlKeywordLogger</class>
  <method>startKeyword</method>
  <thread>1</thread>
  <message>Start action : openBrowser(&amp;quot;&amp;quot;)</message>
  <nestedLevel>1</nestedLevel>
  <escapedJava>false</escapedJava>
  <property name="startLine">39</property>
  <property name="stepIndex">1</property>
</record>
<record>
  <date>2026-09-15T06:26:20.145506500Z</date>
  <millis>1789453580145</millis>
  <nanos>506500</nanos>
  <sequence>1149</sequence>
  <level>INFO</level>
  <class>com.kms.katalon.core.logging.XmlKeywordLogger</class>
  <method>logMessage</method>
  <thread>1</thread>
  <message>Starting &amp;apos;Chrome&amp;apos; driver</message>
  <nestedLevel>1</nestedLevel>
  <escapedJava>false</escapedJava>
</record>
<record>
  <date>2026-09-15T06:26:20.145506500Z</date>
  <millis>1789453580145</millis>
  <nanos>506500</nanos>
  <sequence>1150</sequence>
  <level>INFO</level>
  <class>com.kms.katalon.core.logging.XmlKeywordLogger</class>
  <method>logMessage</method>
  <thread>1</thread>
  <message>Action delay is set to 0 milliseconds</message>
  <nestedLevel>1</nestedLevel>
  <escapedJava>false</escapedJava>
</record>
<record>
  <date>2026-09-15T06:26:20.814743400Z</date>
  <millis>1789453580814</millis>
  <nanos>743400</nanos>
  <sequence>1153</sequence>
  <level>RUN_DATA</level>
  <class>com.kms.katalon.core.logging.XmlKeywordLogger</class>
  <method>logMessage</method>
  <thread>1</thread>
  <message>sessionId = f886fd21852a4567192a110713617859</message>
  <nestedLevel>1</nestedLevel>
  <escapedJava>false</escapedJava>
  <property name="sessionId">f886fd21852a4567192a110713617859</property>
</record>
<record>
  <date>2026-09-15T06:26:20.814743400Z</date>
  <millis>1789453580814</millis>
  <nanos>743400</nanos>
  <sequence>1154</sequence>
  <level>RUN_DATA</level>
  <class>com.kms.katalon.core.logging.XmlKeywordLogger</class>
  <method>logMessage</method>
  <thread>1</thread>
  <message>browser = Chrome 152.0.7977.84</message>
  <nestedLevel>1</nestedLevel>
  <escapedJava>false</escapedJava>
  <property name="browser">Chrome 152.0.7977.84</property>
</record>
<record>
  <date>2026-09-15T06:26:20.814743400Z</date>
  <millis>1789453580814</millis>
  <nanos>743400</nanos>
  <sequence>1155</sequence>
  <level>RUN_DATA</level>
  <class>com.kms.katalon.core.logging.XmlKeywordLogger</class>
  <method>logMessage</method>
  <thread>1</thread>
  <message>platform = Windows 11</message>
  <nestedLevel>1</nestedLevel>
  <escapedJava>false</escapedJava>
  <property name="platform">Windows 11</property>
</record>
<record>
  <date>2026-09-15T06:26:20.814743400Z</date>
  <millis>1789453580814</millis>
  <nanos>743400</nanos>
  <sequence>1156</sequence>
  <level>RUN_DATA</level>
  <class>com.kms.katalon.core.logging.XmlKeywordLogger</class>
  <method>logMessage</method>
  <thread>1</thread>
  <message>seleniumVersion = 4.39.0</message>
  <nestedLevel>1</nestedLevel>
  <escapedJava>false</escapedJava>
  <property name="seleniumVersion">4.39.0</property>
</record>
<record>
  <date>2026-09-15T06:26:20.815745600Z</date>
  <millis>1789453580815</millis>
  <nanos>745600</nanos>
  <sequence>1157</sequence>
  <level>RUN_DATA</level>
  <class>com.kms.katalon.core.logging.XmlKeywordLogger</class>
  <method>logMessage</method>
  <thread>1</thread>
  <message>proxyInformation = ProxyInformation { proxyOption=NO_PROXY, proxyServerType=HTTP, username=, password=********, proxyServerAddress=, proxyServerPort=0, executionList=&amp;quot;&amp;quot;, isApplyToDesiredCapabilities=true }</message>
  <nestedLevel>1</nestedLevel>
  <escapedJava>false</escapedJava>
  <property name="proxyInformation">ProxyInformation { proxyOption=NO_PROXY, proxyServerType=HTTP, username=, password=********, proxyServerAddress=, proxyServerPort=0, executionList=&quot;&quot;, isApplyToDesiredCapabilities=true }</property>
</record>
<record>
  <date>2026-09-15T06:26:20.820766600Z</date>
  <millis>1789453580820</millis>
  <nanos>766600</nanos>
  <sequence>1158</sequence>
  <level>PASSED</level>
  <class>com.kms.katalon.core.logging.XmlKeywordLogger</class>
  <method>logMessage</method>
  <thread>1</thread>
  <message>Browser is opened with url: &amp;apos;&amp;apos;</message>
  <nestedLevel>1</nestedLevel>
  <escapedJava>false</escapedJava>
  <property name="testops-method-name">com.kms.katalon.core.webui.keyword.builtin.OpenBrowserKeyword.openBrowser</property>
  <property name="testops-execution-stacktrace"></property>
</record>
<record>
  <date>2026-09-15T06:26:20.821773300Z</date>
  <millis>1789453580821</millis>
  <nanos>773300</nanos>
  <sequence>1159</sequence>
  <level>END</level>
  <class>com.kms.katalon.core.logging.XmlKeywordLogger</class>
  <method>endKeyword</method>
  <thread>1</thread>
  <message>End action : openBrowser(&amp;quot;&amp;quot;)</message>
  <nestedLevel>1</nestedLevel>
  <escapedJava>false</escapedJava>
</record>
<record>
  <date>2026-09-15T06:26:20.821773300Z</date>
  <millis>1789453580821</millis>
  <nanos>773300</nanos>
  <sequence>1160</sequence>
  <level>START</level>
  <class>com.kms.katalon.core.logging.XmlKeywordLogger</class>
  <method>startKeyword</method>
  <thread>1</thread>
  <message>Start action : maximizeWindow()</message>
  <nestedLevel>1</nestedLevel>
  <escapedJava>false</escapedJava>
  <property name="startLine">41</property>
  <property name="stepIndex">2</property>
</record>
<record>
  <date>2026-09-15T06:26:20.859603500Z</date>
  <millis>1789453580859</millis>
  <nanos>603500</nanos>
  <sequence>1163</sequence>
  <level>PASSED</level>
  <class>com.kms.katalon.core.logging.XmlKeywordLogger</class>
  <method>logMessage</method>
  <thread>1</thread>
  <message>Current window maximized</message>
  <nestedLevel>1</nestedLevel>
  <escapedJava>false</escapedJava>
  <property name="testops-method-name">com.kms.katalon.core.webui.keyword.builtin.MaximizeWindowKeyword.maximizeWindow</property>
  <property name="testops-execution-stacktrace"></property>
</record>
<record>
  <date>2026-09-15T06:26:20.860683800Z</date>
  <millis>1789453580860</millis>
  <nanos>683800</nanos>
  <sequence>1164</sequence>
  <level>END</level>
  <class>com.kms.katalon.core.logging.XmlKeywordLogger</class>
  <method>endKeyword</method>
  <thread>1</thread>
  <message>End action : maximizeWindow()</message>
  <nestedLevel>1</nestedLevel>
  <escapedJava>false</escapedJava>
</record>
<record>
  <date>2026-09-15T06:26:20.860683800Z</date>
  <millis>1789453580860</millis>
  <nanos>683800</nanos>
  <sequence>1165</sequence>
  <level>START</level>
  <class>com.kms.katalon.core.logging.XmlKeywordLogger</class>
  <method>startKeyword</method>
  <thread>1</thread>
  <message>Start action : navigateToUrl(&amp;quot;https://sahibnkmitraqc.banksekure.com/EKYCWeb/&amp;quot;)</message>
  <nestedLevel>1</nestedLevel>
  <escapedJava>false</escapedJava>
  <property name="startLine">43</property>
  <property name="stepIndex">3</property>
</record>
<record>
  <date>2026-09-15T06:26:22.644239Z</date>
  <millis>1789453582644</millis>
  <nanos>239000</nanos>
  <sequence>1169</sequence>
  <level>PASSED</level>
  <class>com.kms.katalon.core.logging.XmlKeywordLogger</class>
  <method>logMessage</method>
  <thread>1</thread>
  <message>Navigate to &amp;apos;https://sahibnkmitraqc.banksekure.com/EKYCWeb/&amp;apos; successfully</message>
  <nestedLevel>1</nestedLevel>
  <escapedJava>false</escapedJava>
  <property name="testops-method-name">com.kms.katalon.core.webui.keyword.builtin.NavigateToUrlKeyword.navigateToUrl</property>
  <property name="testops-execution-stacktrace"></property>
</record>
<record>
  <date>2026-09-15T06:26:22.644239Z</date>
  <millis>1789453582644</millis>
  <nanos>239000</nanos>
  <sequence>1170</sequence>
  <level>END</level>
  <class>com.kms.katalon.core.logging.XmlKeywordLogger</class>
  <method>endKeyword</method>
  <thread>1</thread>
  <message>End action : navigateToUrl(&amp;quot;https://sahibnkmitraqc.banksekure.com/EKYCWeb/&amp;quot;)</message>
  <nestedLevel>1</nestedLevel>
  <escapedJava>false</escapedJava>
</record>
<record>
  <date>2026-09-15T06:26:22.645238400Z</date>
  <millis>1789453582645</millis>
  <nanos>238400</nanos>
  <sequence>1171</sequence>
  <level>START</level>
  <class>com.kms.katalon.core.logging.XmlKeywordLogger</class>
  <method>startKeyword</method>
  <thread>1</thread>
  <message>Start action : click(findTestObject(&amp;quot;Forgot_Password_repository/Page_Agent Management System/a_Forgot Password _&amp;quot;))</message>
  <nestedLevel>1</nestedLevel>
  <escapedJava>false</escapedJava>
  <property name="startLine">46</property>
  <property name="stepIndex">4</property>
</record>
<record>
  <date>2026-09-15T06:26:23.151761600Z</date>
  <millis>1789453583151</millis>
  <nanos>761600</nanos>
  <sequence>1182</sequence>
  <level>PASSED</level>
  <class>com.kms.katalon.core.logging.XmlKeywordLogger</class>
  <method>logMessage</method>
  <thread>1</thread>
  <message>Object: &amp;apos;Object Repository/Forgot_Password_repository/Page_Agent Management System/a_Forgot Password _&amp;apos; is clicked on</message>
  <nestedLevel>1</nestedLevel>
  <escapedJava>false</escapedJava>
  <property name="testops-method-name">com.kms.katalon.core.webui.keyword.internal.WebUIKeywordMain.runKeywordUntilTimeout</property>
  <property name="testops-execution-stacktrace">com.kms.katalon.core.logging.KeywordLogger.logPassed(KeywordLogger.java:351)
com.kms.katalon.core.logging.KeywordLogger.logPassed(KeywordLogger.java:346)
com.kms.katalon.core.webui.keyword.builtin.ClickKeyword$_click_closure1.doCall(ClickKeyword.groovy:66)
java.base/jdk.internal.reflect.DirectMethodHandleAccessor.invoke(DirectMethodHandleAccessor.java:103)
jdk.proxy2/jdk.proxy2.$Proxy60.execute(Unknown Source)
com.kms.katalon.core.webui.model.SeleniumActionRetryController.performAction(SeleniumActionRetryController.java:96)
com.kms.katalon.core.webui.model.SeleniumActionRetryController.performAction(SeleniumActionRetryController.java:83)
com.kms.katalon.core.webui.keyword.internal.WebUIKeywordMain$_runKeywordUntilTimeout_closure1.doCall(WebUIKeywordMain.groovy:135)
com.kms.katalon.core.webui.keyword.internal.WebUIKeywordMain$_runKeywordUntilTimeout_closure1.call(WebUIKeywordMain.groovy)
com.kms.katalon.core.webui.keyword.internal.WebUIKeywordMain.runKeyword(WebUIKeywordMain.groovy:41)
com.kms.katalon.core.webui.keyword.internal.WebUIKeywordMain.runKeywordUntilTimeout(WebUIKeywordMain.groovy:133)
com.kms.katalon.core.webui.keyword.builtin.ClickKeyword.click(ClickKeyword.groovy:72)
com.kms.katalon.core.webui.keyword.builtin.ClickKeyword.execute(ClickKeyword.groovy:38)
com.kms.katalon.core.keyword.internal.KeywordExecutor.executeKeywordForPlatform(KeywordExecutor.groovy:104)
com.kms.katalon.core.webui.keyword.WebUiBuiltInKeywords.click(WebUiBuiltInKeywords.groovy:722)
FP_ValidRegisteredMobileNo_TC_201.run(FP_ValidRegisteredMobileNo_TC_201:46)
</property>
</record>
<record>
  <date>2026-09-15T06:26:23.152761900Z</date>
  <millis>1789453583152</millis>
  <nanos>761900</nanos>
  <sequence>1183</sequence>
  <level>END</level>
  <class>com.kms.katalon.core.logging.XmlKeywordLogger</class>
  <method>endKeyword</method>
  <thread>1</thread>
  <message>End action : click(findTestObject(&amp;quot;Forgot_Password_repository/Page_Agent Management System/a_Forgot Password _&amp;quot;))</message>
  <nestedLevel>1</nestedLevel>
  <escapedJava>false</escapedJava>
</record>
<record>
  <date>2026-09-15T06:26:23.152761900Z</date>
  <millis>1789453583152</millis>
  <nanos>761900</nanos>
  <sequence>1184</sequence>
  <level>START</level>
  <class>com.kms.katalon.core.logging.XmlKeywordLogger</class>
  <method>startKeyword</method>
  <thread>1</thread>
  <message>Start action : mobileField = findTestObject(&amp;quot;Forgot_Password_repository/Page_Agent Management System/input_Enter Mobile Number&amp;quot;)</message>
  <nestedLevel>1</nestedLevel>
  <escapedJava>false</escapedJava>
  <property name="startLine">51</property>
  <property name="stepIndex">5</property>
</record>
<record>
  <date>2026-09-15T06:26:23.154761200Z</date>
  <millis>1789453583154</millis>
  <nanos>761200</nanos>
  <sequence>1186</sequence>
  <level>END</level>
  <class>com.kms.katalon.core.logging.XmlKeywordLogger</class>
  <method>endKeyword</method>
  <thread>1</thread>
  <message>End action : mobileField = findTestObject(&amp;quot;Forgot_Password_repository/Page_Agent Management System/input_Enter Mobile Number&amp;quot;)</message>
  <nestedLevel>1</nestedLevel>
  <escapedJava>false</escapedJava>
</record>
<record>
  <date>2026-09-15T06:26:23.154761200Z</date>
  <millis>1789453583154</millis>
  <nanos>761200</nanos>
  <sequence>1187</sequence>
  <level>START</level>
  <class>com.kms.katalon.core.logging.XmlKeywordLogger</class>
  <method>startKeyword</method>
  <thread>1</thread>
  <message>Start action : waitForElementVisible(mobileField, 10)</message>
  <nestedLevel>1</nestedLevel>
  <escapedJava>false</escapedJava>
  <property name="startLine">55</property>
  <property name="stepIndex">6</property>
</record>
<record>
  <date>2026-09-15T06:26:23.609318700Z</date>
  <millis>1789453583609</millis>
  <nanos>318700</nanos>
  <sequence>1193</sequence>
  <level>PASSED</level>
  <class>com.kms.katalon.core.logging.XmlKeywordLogger</class>
  <method>logMessage</method>
  <thread>1</thread>
  <message>Object &amp;apos;Object Repository/Forgot_Password_repository/Page_Agent Management System/input_Enter Mobile Number&amp;apos; is visible</message>
  <nestedLevel>1</nestedLevel>
  <escapedJava>false</escapedJava>
  <property name="testops-method-name">com.kms.katalon.core.webui.keyword.internal.WebUIKeywordMain.runKeywordUntilTimeout</property>
  <property name="testops-execution-stacktrace">com.kms.katalon.core.logging.KeywordLogger.logPassed(KeywordLogger.java:351)
com.kms.katalon.core.logging.KeywordLogger.logPassed(KeywordLogger.java:346)
com.kms.katalon.core.logging.KeywordLogger$logPassed$0.call(Unknown Source)
com.kms.katalon.core.webui.keyword.builtin.WaitForElementVisibleKeyword$_waitForElementVisible_closure1.doCall(WaitForElementVisibleKeyword.groovy:86)
java.base/jdk.internal.reflect.DirectMethodHandleAccessor.invoke(DirectMethodHandleAccessor.java:103)
jdk.proxy2/jdk.proxy2.$Proxy60.execute(Unknown Source)
com.kms.katalon.core.webui.model.SeleniumActionRetryController.performAction(SeleniumActionRetryController.java:96)
com.kms.katalon.core.webui.model.SeleniumActionRetryController.performAction(SeleniumActionRetryController.java:83)
com.kms.katalon.core.webui.keyword.internal.WebUIKeywordMain$_runKeywordUntilTimeout_closure2.doCall(WebUIKeywordMain.groovy:155)
com.kms.katalon.core.webui.keyword.internal.WebUIKeywordMain$_runKeywordUntilTimeout_closure2.call(WebUIKeywordMain.groovy)
com.kms.katalon.core.webui.keyword.internal.WebUIKeywordMain.runKeyword(WebUIKeywordMain.groovy:41)
com.kms.katalon.core.webui.keyword.internal.WebUIKeywordMain.runKeywordUntilTimeout(WebUIKeywordMain.groovy:152)
com.kms.katalon.core.webui.keyword.internal.WebUIKeywordMain$runKeywordUntilTimeout.call(Unknown Source)
com.kms.katalon.core.webui.keyword.builtin.WaitForElementVisibleKeyword.waitForElementVisible(WaitForElementVisibleKeyword.groovy:101)
com.kms.katalon.core.webui.keyword.builtin.WaitForElementVisibleKeyword.execute(WaitForElementVisibleKeyword.groovy:69)
com.kms.katalon.core.keyword.internal.KeywordExecutor.executeKeywordForPlatform(KeywordExecutor.groovy:104)
com.kms.katalon.core.webui.keyword.WebUiBuiltInKeywords.waitForElementVisible(WebUiBuiltInKeywords.groovy:515)
FP_ValidRegisteredMobileNo_TC_201.run(FP_ValidRegisteredMobileNo_TC_201:55)
</property>
</record>
<record>
  <date>2026-09-15T06:26:23.610323300Z</date>
  <millis>1789453583610</millis>
  <nanos>323300</nanos>
  <sequence>1194</sequence>
  <level>END</level>
  <class>com.kms.katalon.core.logging.XmlKeywordLogger</class>
  <method>endKeyword</method>
  <thread>1</thread>
  <message>End action : waitForElementVisible(mobileField, 10)</message>
  <nestedLevel>1</nestedLevel>
  <escapedJava>false</escapedJava>
</record>
<record>
  <date>2026-09-15T06:26:23.610323300Z</date>
  <millis>1789453583610</millis>
  <nanos>323300</nanos>
  <sequence>1195</sequence>
  <level>START</level>
  <class>com.kms.katalon.core.logging.XmlKeywordLogger</class>
  <method>startKeyword</method>
  <thread>1</thread>
  <message>Start action : mobile = String.valueOf(MobileNo)</message>
  <nestedLevel>1</nestedLevel>
  <escapedJava>false</escapedJava>
  <property name="startLine">58</property>
  <property name="stepIndex">7</property>
</record>
<record>
  <date>2026-09-15T06:26:23.610323300Z</date>
  <millis>1789453583610</millis>
  <nanos>323300</nanos>
  <sequence>1196</sequence>
  <level>END</level>
  <class>com.kms.katalon.core.logging.XmlKeywordLogger</class>
  <method>endKeyword</method>
  <thread>1</thread>
  <message>End action : mobile = String.valueOf(MobileNo)</message>
  <nestedLevel>1</nestedLevel>
  <escapedJava>false</escapedJava>
</record>
<record>
  <date>2026-09-15T06:26:23.610323300Z</date>
  <millis>1789453583610</millis>
  <nanos>323300</nanos>
  <sequence>1197</sequence>
  <level>START</level>
  <class>com.kms.katalon.core.logging.XmlKeywordLogger</class>
  <method>startKeyword</method>
  <thread>1</thread>
  <message>Start action : setText(mobileField, mobile)</message>
  <nestedLevel>1</nestedLevel>
  <escapedJava>false</escapedJava>
  <property name="startLine">61</property>
  <property name="stepIndex">8</property>
</record>
<record>
  <date>2026-09-15T06:26:24.150578600Z</date>
  <millis>1789453584150</millis>
  <nanos>578600</nanos>
  <sequence>1210</sequence>
  <level>PASSED</level>
  <class>com.kms.katalon.core.logging.XmlKeywordLogger</class>
  <method>logMessage</method>
  <thread>1</thread>
  <message>Text &amp;apos;7570877202&amp;apos; is set on object &amp;apos;Object Repository/Forgot_Password_repository/Page_Agent Management System/input_Enter Mobile Number&amp;apos;</message>
  <nestedLevel>1</nestedLevel>
  <escapedJava>false</escapedJava>
  <property name="testops-method-name">com.kms.katalon.core.webui.keyword.internal.WebUIKeywordMain.runKeywordUntilTimeout</property>
  <property name="testops-execution-stacktrace">com.kms.katalon.core.logging.KeywordLogger.logPassed(KeywordLogger.java:351)
com.kms.katalon.core.logging.KeywordLogger.logPassed(KeywordLogger.java:346)
com.kms.katalon.core.webui.keyword.builtin.SetTextKeyword$_setText_closure1.doCall(SetTextKeyword.groovy:99)
java.base/jdk.internal.reflect.DirectMethodHandleAccessor.invoke(DirectMethodHandleAccessor.java:103)
jdk.proxy2/jdk.proxy2.$Proxy60.execute(Unknown Source)
com.kms.katalon.core.webui.model.SeleniumActionRetryController.performAction(SeleniumActionRetryController.java:96)
com.kms.katalon.core.webui.model.SeleniumActionRetryController.performAction(SeleniumActionRetryController.java:83)
com.kms.katalon.core.webui.keyword.internal.WebUIKeywordMain$_runKeywordUntilTimeout_closure1.doCall(WebUIKeywordMain.groovy:135)
com.kms.katalon.core.webui.keyword.internal.WebUIKeywordMain$_runKeywordUntilTimeout_closure1.call(WebUIKeywordMain.groovy)
com.kms.katalon.core.webui.keyword.internal.WebUIKeywordMain.runKeyword(WebUIKeywordMain.groovy:41)
com.kms.katalon.core.webui.keyword.internal.WebUIKeywordMain.runKeywordUntilTimeout(WebUIKeywordMain.groovy:133)
com.kms.katalon.core.webui.keyword.builtin.SetTextKeyword.setText(SetTextKeyword.groovy:106)
com.kms.katalon.core.webui.keyword.builtin.SetTextKeyword.execute(SetTextKeyword.groovy:49)
com.kms.katalon.core.keyword.internal.KeywordExecutor.executeKeywordForPlatform(KeywordExecutor.groovy:104)
com.kms.katalon.core.webui.keyword.WebUiBuiltInKeywords.setText(WebUiBuiltInKeywords.groovy:1082)
FP_ValidRegisteredMobileNo_TC_201.run(FP_ValidRegisteredMobileNo_TC_201:61)
</property>
</record>
<record>
  <date>2026-09-15T06:26:24.151825300Z</date>
  <millis>1789453584151</millis>
  <nanos>825300</nanos>
  <sequence>1211</sequence>
  <level>END</level>
  <class>com.kms.katalon.core.logging.XmlKeywordLogger</class>
  <method>endKeyword</method>
  <thread>1</thread>
  <message>End action : setText(mobileField, mobile)</message>
  <nestedLevel>1</nestedLevel>
  <escapedJava>false</escapedJava>
</record>
<record>
  <date>2026-09-15T06:26:24.151825300Z</date>
  <millis>1789453584151</millis>
  <nanos>825300</nanos>
  <sequence>1212</sequence>
  <level>START</level>
  <class>com.kms.katalon.core.logging.XmlKeywordLogger</class>
  <method>startKeyword</method>
  <thread>1</thread>
  <message>Start action : otpBtn = findTestObject(&amp;quot;Forgot_Password_repository/Page_Agent Management System/input_SendOTPBtn&amp;quot;)</message>
  <nestedLevel>1</nestedLevel>
  <escapedJava>false</escapedJava>
  <property name="startLine">64</property>
  <property name="stepIndex">9</property>
</record>
<record>
  <date>2026-09-15T06:26:24.152832300Z</date>
  <millis>1789453584152</millis>
  <nanos>832300</nanos>
  <sequence>1214</sequence>
  <level>END</level>
  <class>com.kms.katalon.core.logging.XmlKeywordLogger</class>
  <method>endKeyword</method>
  <thread>1</thread>
  <message>End action : otpBtn = findTestObject(&amp;quot;Forgot_Password_repository/Page_Agent Management System/input_SendOTPBtn&amp;quot;)</message>
  <nestedLevel>1</nestedLevel>
  <escapedJava>false</escapedJava>
</record>
<record>
  <date>2026-09-15T06:26:24.152832300Z</date>
  <millis>1789453584152</millis>
  <nanos>832300</nanos>
  <sequence>1215</sequence>
  <level>START</level>
  <class>com.kms.katalon.core.logging.XmlKeywordLogger</class>
  <method>startKeyword</method>
  <thread>1</thread>
  <message>Start action : waitForElementClickable(otpBtn, 10)</message>
  <nestedLevel>1</nestedLevel>
  <escapedJava>false</escapedJava>
  <property name="startLine">68</property>
  <property name="stepIndex">10</property>
</record>
<record>
  <date>2026-09-15T06:26:24.470016900Z</date>
  <millis>1789453584470</millis>
  <nanos>16900</nanos>
  <sequence>1221</sequence>
  <level>PASSED</level>
  <class>com.kms.katalon.core.logging.XmlKeywordLogger</class>
  <method>logMessage</method>
  <thread>1</thread>
  <message>Object &amp;apos;Object Repository/Forgot_Password_repository/Page_Agent Management System/input_SendOTPBtn&amp;apos; is clickable</message>
  <nestedLevel>1</nestedLevel>
  <escapedJava>false</escapedJava>
  <property name="testops-method-name">com.kms.katalon.core.webui.keyword.internal.WebUIKeywordMain.runKeywordUntilTimeout</property>
  <property name="testops-execution-stacktrace">com.kms.katalon.core.logging.KeywordLogger.logPassed(KeywordLogger.java:351)
com.kms.katalon.core.logging.KeywordLogger.logPassed(KeywordLogger.java:346)
com.kms.katalon.core.logging.KeywordLogger$logPassed$0.call(Unknown Source)
com.kms.katalon.core.webui.keyword.builtin.WaitForElementClickableKeyword$_waitForElementClickable_closure1.doCall(WaitForElementClickableKeyword.groovy:59)
java.base/jdk.internal.reflect.DirectMethodHandleAccessor.invoke(DirectMethodHandleAccessor.java:103)
jdk.proxy2/jdk.proxy2.$Proxy60.execute(Unknown Source)
com.kms.katalon.core.webui.model.SeleniumActionRetryController.performAction(SeleniumActionRetryController.java:96)
com.kms.katalon.core.webui.model.SeleniumActionRetryController.performAction(SeleniumActionRetryController.java:83)
com.kms.katalon.core.webui.keyword.internal.WebUIKeywordMain$_runKeywordUntilTimeout_closure2.doCall(WebUIKeywordMain.groovy:155)
com.kms.katalon.core.webui.keyword.internal.WebUIKeywordMain$_runKeywordUntilTimeout_closure2.call(WebUIKeywordMain.groovy)
com.kms.katalon.core.webui.keyword.internal.WebUIKeywordMain.runKeyword(WebUIKeywordMain.groovy:41)
com.kms.katalon.core.webui.keyword.internal.WebUIKeywordMain.runKeywordUntilTimeout(WebUIKeywordMain.groovy:152)
com.kms.katalon.core.webui.keyword.internal.WebUIKeywordMain$runKeywordUntilTimeout.call(Unknown Source)
com.kms.katalon.core.webui.keyword.builtin.WaitForElementClickableKeyword.waitForElementClickable(WaitForElementClickableKeyword.groovy:76)
com.kms.katalon.core.webui.keyword.builtin.WaitForElementClickableKeyword.execute(WaitForElementClickableKeyword.groovy:42)
com.kms.katalon.core.keyword.internal.KeywordExecutor.executeKeywordForPlatform(KeywordExecutor.groovy:104)
com.kms.katalon.core.webui.keyword.WebUiBuiltInKeywords.waitForElementClickable(WebUiBuiltInKeywords.groovy:581)
FP_ValidRegisteredMobileNo_TC_201.run(FP_ValidRegisteredMobileNo_TC_201:68)
</property>
</record>
<record>
  <date>2026-09-15T06:26:24.471015900Z</date>
  <millis>1789453584471</millis>
  <nanos>15900</nanos>
  <sequence>1222</sequence>
  <level>END</level>
  <class>com.kms.katalon.core.logging.XmlKeywordLogger</class>
  <method>endKeyword</method>
  <thread>1</thread>
  <message>End action : waitForElementClickable(otpBtn, 10)</message>
  <nestedLevel>1</nestedLevel>
  <escapedJava>false</escapedJava>
</record>
<record>
  <date>2026-09-15T06:26:24.471015900Z</date>
  <millis>1789453584471</millis>
  <nanos>15900</nanos>
  <sequence>1223</sequence>
  <level>START</level>
  <class>com.kms.katalon.core.logging.XmlKeywordLogger</class>
  <method>startKeyword</method>
  <thread>1</thread>
  <message>Start action : click(otpBtn)</message>
  <nestedLevel>1</nestedLevel>
  <escapedJava>false</escapedJava>
  <property name="startLine">70</property>
  <property name="stepIndex">11</property>
</record>
<record>
  <date>2026-09-15T06:26:24.747067400Z</date>
  <millis>1789453584747</millis>
  <nanos>67400</nanos>
  <sequence>1233</sequence>
  <level>PASSED</level>
  <class>com.kms.katalon.core.logging.XmlKeywordLogger</class>
  <method>logMessage</method>
  <thread>1</thread>
  <message>Object: &amp;apos;Object Repository/Forgot_Password_repository/Page_Agent Management System/input_SendOTPBtn&amp;apos; is clicked on</message>
  <nestedLevel>1</nestedLevel>
  <escapedJava>false</escapedJava>
  <property name="testops-method-name">com.kms.katalon.core.webui.keyword.internal.WebUIKeywordMain.runKeywordUntilTimeout</property>
  <property name="testops-execution-stacktrace">com.kms.katalon.core.logging.KeywordLogger.logPassed(KeywordLogger.java:351)
com.kms.katalon.core.logging.KeywordLogger.logPassed(KeywordLogger.java:346)
com.kms.katalon.core.webui.keyword.builtin.ClickKeyword$_click_closure1.doCall(ClickKeyword.groovy:66)
java.base/jdk.internal.reflect.DirectMethodHandleAccessor.invoke(DirectMethodHandleAccessor.java:103)
jdk.proxy2/jdk.proxy2.$Proxy60.execute(Unknown Source)
com.kms.katalon.core.webui.model.SeleniumActionRetryController.performAction(SeleniumActionRetryController.java:96)
com.kms.katalon.core.webui.model.SeleniumActionRetryController.performAction(SeleniumActionRetryController.java:83)
com.kms.katalon.core.webui.keyword.internal.WebUIKeywordMain$_runKeywordUntilTimeout_closure1.doCall(WebUIKeywordMain.groovy:135)
com.kms.katalon.core.webui.keyword.internal.WebUIKeywordMain$_runKeywordUntilTimeout_closure1.call(WebUIKeywordMain.groovy)
com.kms.katalon.core.webui.keyword.internal.WebUIKeywordMain.runKeyword(WebUIKeywordMain.groovy:41)
com.kms.katalon.core.webui.keyword.internal.WebUIKeywordMain.runKeywordUntilTimeout(WebUIKeywordMain.groovy:133)
com.kms.katalon.core.webui.keyword.builtin.ClickKeyword.click(ClickKeyword.groovy:72)
com.kms.katalon.core.webui.keyword.builtin.ClickKeyword.execute(ClickKeyword.groovy:38)
com.kms.katalon.core.keyword.internal.KeywordExecutor.executeKeywordForPlatform(KeywordExecutor.groovy:104)
com.kms.katalon.core.webui.keyword.WebUiBuiltInKeywords.click(WebUiBuiltInKeywords.groovy:722)
FP_ValidRegisteredMobileNo_TC_201.run(FP_ValidRegisteredMobileNo_TC_201:70)
</property>
</record>
<record>
  <date>2026-09-15T06:26:24.748220Z</date>
  <millis>1789453584748</millis>
  <nanos>220000</nanos>
  <sequence>1234</sequence>
  <level>END</level>
  <class>com.kms.katalon.core.logging.XmlKeywordLogger</class>
  <method>endKeyword</method>
  <thread>1</thread>
  <message>End action : click(otpBtn)</message>
  <nestedLevel>1</nestedLevel>
  <escapedJava>false</escapedJava>
</record>
<record>
  <date>2026-09-15T06:26:24.748220Z</date>
  <millis>1789453584748</millis>
  <nanos>220000</nanos>
  <sequence>1235</sequence>
  <level>START</level>
  <class>com.kms.katalon.core.logging.XmlKeywordLogger</class>
  <method>startKeyword</method>
  <thread>1</thread>
  <message>Start action : connection = dbconnection.Dbdetails.connectDB()</message>
  <nestedLevel>1</nestedLevel>
  <escapedJava>false</escapedJava>
  <property name="startLine">73</property>
  <property name="stepIndex">12</property>
</record>
<record>
  <date>2026-09-15T06:26:25.516033300Z</date>
  <millis>1789453585516</millis>
  <nanos>33300</nanos>
  <sequence>1236</sequence>
  <level>PASSED</level>
  <class>com.kms.katalon.core.logging.XmlKeywordLogger</class>
  <method>logMessage</method>
  <thread>1</thread>
  <message>dbconnection.Dbdetails.connectDB is PASSED</message>
  <nestedLevel>1</nestedLevel>
  <escapedJava>false</escapedJava>
</record>
<record>
  <date>2026-09-15T06:26:25.517538700Z</date>
  <millis>1789453585517</millis>
  <nanos>538700</nanos>
  <sequence>1237</sequence>
  <level>END</level>
  <class>com.kms.katalon.core.logging.XmlKeywordLogger</class>
  <method>endKeyword</method>
  <thread>1</thread>
  <message>End action : connection = dbconnection.Dbdetails.connectDB()</message>
  <nestedLevel>1</nestedLevel>
  <escapedJava>false</escapedJava>
</record>
<record>
  <date>2026-09-15T06:26:25.517538700Z</date>
  <millis>1789453585517</millis>
  <nanos>538700</nanos>
  <sequence>1238</sequence>
  <level>START</level>
  <class>com.kms.katalon.core.logging.XmlKeywordLogger</class>
  <method>startKeyword</method>
  <thread>1</thread>
  <message>Start action : query = &amp;quot;select Top 1  otp , * from AgentOTPDetails order by OtpGenerationDate desc&amp;quot;</message>
  <nestedLevel>1</nestedLevel>
  <escapedJava>false</escapedJava>
  <property name="startLine">77</property>
  <property name="stepIndex">13</property>
</record>
<record>
  <date>2026-09-15T06:26:25.518042900Z</date>
  <millis>1789453585518</millis>
  <nanos>42900</nanos>
  <sequence>1239</sequence>
  <level>END</level>
  <class>com.kms.katalon.core.logging.XmlKeywordLogger</class>
  <method>endKeyword</method>
  <thread>1</thread>
  <message>End action : query = &amp;quot;select Top 1  otp , * from AgentOTPDetails order by OtpGenerationDate desc&amp;quot;</message>
  <nestedLevel>1</nestedLevel>
  <escapedJava>false</escapedJava>
</record>
<record>
  <date>2026-09-15T06:26:25.518042900Z</date>
  <millis>1789453585518</millis>
  <nanos>42900</nanos>
  <sequence>1240</sequence>
  <level>START</level>
  <class>com.kms.katalon.core.logging.XmlKeywordLogger</class>
  <method>startKeyword</method>
  <thread>1</thread>
  <message>Start action : Otp = &amp;quot;&amp;quot;</message>
  <nestedLevel>1</nestedLevel>
  <escapedJava>false</escapedJava>
  <property name="startLine">82</property>
  <property name="stepIndex">14</property>
</record>
<record>
  <date>2026-09-15T06:26:25.519047700Z</date>
  <millis>1789453585519</millis>
  <nanos>47700</nanos>
  <sequence>1241</sequence>
  <level>END</level>
  <class>com.kms.katalon.core.logging.XmlKeywordLogger</class>
  <method>endKeyword</method>
  <thread>1</thread>
  <message>End action : Otp = &amp;quot;&amp;quot;</message>
  <nestedLevel>1</nestedLevel>
  <escapedJava>false</escapedJava>
</record>
<record>
  <date>2026-09-15T06:26:25.519047700Z</date>
  <millis>1789453585519</millis>
  <nanos>47700</nanos>
  <sequence>1242</sequence>
  <level>START</level>
  <class>com.kms.katalon.core.logging.XmlKeywordLogger</class>
  <method>startKeyword</method>
  <thread>1</thread>
  <message>Start action : stmt = connection.createStatement()</message>
  <nestedLevel>1</nestedLevel>
  <escapedJava>false</escapedJava>
  <property name="startLine">85</property>
  <property name="stepIndex">15</property>
</record>
<record>
  <date>2026-09-15T06:26:25.551774500Z</date>
  <millis>1789453585551</millis>
  <nanos>774500</nanos>
  <sequence>1243</sequence>
  <level>END</level>
  <class>com.kms.katalon.core.logging.XmlKeywordLogger</class>
  <method>endKeyword</method>
  <thread>1</thread>
  <message>End action : stmt = connection.createStatement()</message>
  <nestedLevel>1</nestedLevel>
  <escapedJava>false</escapedJava>
</record>
<record>
  <date>2026-09-15T06:26:25.552773900Z</date>
  <millis>1789453585552</millis>
  <nanos>773900</nanos>
  <sequence>1244</sequence>
  <level>START</level>
  <class>com.kms.katalon.core.logging.XmlKeywordLogger</class>
  <method>startKeyword</method>
  <thread>1</thread>
  <message>Start action : rs = stmt.executeQuery(query)</message>
  <nestedLevel>1</nestedLevel>
  <escapedJava>false</escapedJava>
  <property name="startLine">88</property>
  <property name="stepIndex">16</property>
</record>
<record>
  <date>2026-09-15T06:26:25.693167200Z</date>
  <millis>1789453585693</millis>
  <nanos>167200</nanos>
  <sequence>1245</sequence>
  <level>END</level>
  <class>com.kms.katalon.core.logging.XmlKeywordLogger</class>
  <method>endKeyword</method>
  <thread>1</thread>
  <message>End action : rs = stmt.executeQuery(query)</message>
  <nestedLevel>1</nestedLevel>
  <escapedJava>false</escapedJava>
</record>
<record>
  <date>2026-09-15T06:26:25.693167200Z</date>
  <millis>1789453585693</millis>
  <nanos>167200</nanos>
  <sequence>1246</sequence>
  <level>START</level>
  <class>com.kms.katalon.core.logging.XmlKeywordLogger</class>
  <method>startKeyword</method>
  <thread>1</thread>
  <message>Start action : if (rs.next())</message>
  <nestedLevel>1</nestedLevel>
  <escapedJava>false</escapedJava>
  <property name="startLine">91</property>
  <property name="stepIndex">17</property>
</record>
<record>
  <date>2026-09-15T06:26:25.705682700Z</date>
  <millis>1789453585705</millis>
  <nanos>682700</nanos>
  <sequence>1247</sequence>
  <level>START</level>
  <class>com.kms.katalon.core.logging.XmlKeywordLogger</class>
  <method>startKeyword</method>
  <thread>1</thread>
  <message>Start action : Otp = rs.getString(&amp;quot;Otp&amp;quot;)</message>
  <nestedLevel>2</nestedLevel>
  <escapedJava>false</escapedJava>
  <property name="startLine">93</property>
  <property name="stepIndex">1</property>
</record>
<record>
  <date>2026-09-15T06:26:25.716712500Z</date>
  <millis>1789453585716</millis>
  <nanos>712500</nanos>
  <sequence>1248</sequence>
  <level>END</level>
  <class>com.kms.katalon.core.logging.XmlKeywordLogger</class>
  <method>endKeyword</method>
  <thread>1</thread>
  <message>End action : Otp = rs.getString(&amp;quot;Otp&amp;quot;)</message>
  <nestedLevel>2</nestedLevel>
  <escapedJava>false</escapedJava>
</record>
<record>
  <date>2026-09-15T06:26:25.716712500Z</date>
  <millis>1789453585716</millis>
  <nanos>712500</nanos>
  <sequence>1249</sequence>
  <level>END</level>
  <class>com.kms.katalon.core.logging.XmlKeywordLogger</class>
  <method>endKeyword</method>
  <thread>1</thread>
  <message>End action : if (rs.next())</message>
  <nestedLevel>1</nestedLevel>
  <escapedJava>false</escapedJava>
</record>
<record>
  <date>2026-09-15T06:26:25.716712500Z</date>
  <millis>1789453585716</millis>
  <nanos>712500</nanos>
  <sequence>1250</sequence>
  <level>START</level>
  <class>com.kms.katalon.core.logging.XmlKeywordLogger</class>
  <method>startKeyword</method>
  <thread>1</thread>
  <message>Start action : logInfo(&amp;quot;Fetched OTP from DB : &amp;quot; + Otp)</message>
  <nestedLevel>1</nestedLevel>
  <escapedJava>false</escapedJava>
  <property name="startLine">97</property>
  <property name="stepIndex">18</property>
</record>
<record>
  <date>2026-09-15T06:26:25.716712500Z</date>
  <millis>1789453585716</millis>
  <nanos>712500</nanos>
  <sequence>1251</sequence>
  <level>INFO</level>
  <class>com.kms.katalon.core.logging.XmlKeywordLogger</class>
  <method>logMessage</method>
  <thread>1</thread>
  <message>Fetched OTP from DB : 6904</message>
  <nestedLevel>1</nestedLevel>
  <escapedJava>false</escapedJava>
</record>
<record>
  <date>2026-09-15T06:26:25.718440500Z</date>
  <millis>1789453585718</millis>
  <nanos>440500</nanos>
  <sequence>1252</sequence>
  <level>END</level>
  <class>com.kms.katalon.core.logging.XmlKeywordLogger</class>
  <method>endKeyword</method>
  <thread>1</thread>
  <message>End action : logInfo(&amp;quot;Fetched OTP from DB : &amp;quot; + Otp)</message>
  <nestedLevel>1</nestedLevel>
  <escapedJava>false</escapedJava>
</record>
<record>
  <date>2026-09-15T06:26:25.718440500Z</date>
  <millis>1789453585718</millis>
  <nanos>440500</nanos>
  <sequence>1253</sequence>
  <level>START</level>
  <class>com.kms.katalon.core.logging.XmlKeywordLogger</class>
  <method>startKeyword</method>
  <thread>1</thread>
  <message>Start action : if (Otp == null || Otp.isEmpty())</message>
  <nestedLevel>1</nestedLevel>
  <escapedJava>false</escapedJava>
  <property name="startLine">100</property>
  <property name="stepIndex">19</property>
</record>
<record>
  <date>2026-09-15T06:26:25.718440500Z</date>
  <millis>1789453585718</millis>
  <nanos>440500</nanos>
  <sequence>1254</sequence>
  <level>END</level>
  <class>com.kms.katalon.core.logging.XmlKeywordLogger</class>
  <method>endKeyword</method>
  <thread>1</thread>
  <message>End action : if (Otp == null || Otp.isEmpty())</message>
  <nestedLevel>1</nestedLevel>
  <escapedJava>false</escapedJava>
</record>
<record>
  <date>2026-09-15T06:26:25.719447300Z</date>
  <millis>1789453585719</millis>
  <nanos>447300</nanos>
  <sequence>1255</sequence>
  <level>START</level>
  <class>com.kms.katalon.core.logging.XmlKeywordLogger</class>
  <method>startKeyword</method>
  <thread>1</thread>
  <message>Start action : otpArray = Otp.toCharArray()</message>
  <nestedLevel>1</nestedLevel>
  <escapedJava>false</escapedJava>
  <property name="startLine">108</property>
  <property name="stepIndex">20</property>
</record>
<record>
  <date>2026-09-15T06:26:25.719447300Z</date>
  <millis>1789453585719</millis>
  <nanos>447300</nanos>
  <sequence>1256</sequence>
  <level>END</level>
  <class>com.kms.katalon.core.logging.XmlKeywordLogger</class>
  <method>endKeyword</method>
  <thread>1</thread>
  <message>End action : otpArray = Otp.toCharArray()</message>
  <nestedLevel>1</nestedLevel>
  <escapedJava>false</escapedJava>
</record>
<record>
  <date>2026-09-15T06:26:25.719447300Z</date>
  <millis>1789453585719</millis>
  <nanos>447300</nanos>
  <sequence>1257</sequence>
  <level>START</level>
  <class>com.kms.katalon.core.logging.XmlKeywordLogger</class>
  <method>startKeyword</method>
  <thread>1</thread>
  <message>Start action : otpObjects = [&amp;quot;Forgot_Password_repository/Page_Agent Management System/input_OtpBox1&amp;quot;, &amp;quot;Forgot_Password_repository/Page_Agent Management System/input_OtpBox2&amp;quot;, &amp;quot;Forgot_Password_repository/Page_Agent Management System/input_OtpBox3&amp;quot;, &amp;quot;Forgot_Password_repository/Page_Agent Management System/input_OtpBox4&amp;quot;]</message>
  <nestedLevel>1</nestedLevel>
  <escapedJava>false</escapedJava>
  <property name="startLine">111</property>
  <property name="stepIndex">21</property>
</record>
<record>
  <date>2026-09-15T06:26:25.719447300Z</date>
  <millis>1789453585719</millis>
  <nanos>447300</nanos>
  <sequence>1258</sequence>
  <level>END</level>
  <class>com.kms.katalon.core.logging.XmlKeywordLogger</class>
  <method>endKeyword</method>
  <thread>1</thread>
  <message>End action : otpObjects = [&amp;quot;Forgot_Password_repository/Page_Agent Management System/input_OtpBox1&amp;quot;, &amp;quot;Forgot_Password_repository/Page_Agent Management System/input_OtpBox2&amp;quot;, &amp;quot;Forgot_Password_repository/Page_Agent Management System/input_OtpBox3&amp;quot;, &amp;quot;Forgot_Password_repository/Page_Agent Management System/input_OtpBox4&amp;quot;]</message>
  <nestedLevel>1</nestedLevel>
  <escapedJava>false</escapedJava>
</record>
<record>
  <date>2026-09-15T06:26:25.720452500Z</date>
  <millis>1789453585720</millis>
  <nanos>452500</nanos>
  <sequence>1259</sequence>
  <level>START</level>
  <class>com.kms.katalon.core.logging.XmlKeywordLogger</class>
  <method>startKeyword</method>
  <thread>1</thread>
  <message>Start action : for ([i = 0, i &amp;lt; otpObjects.size(), (i++)])</message>
  <nestedLevel>1</nestedLevel>
  <escapedJava>false</escapedJava>
  <property name="startLine">119</property>
  <property name="stepIndex">22</property>
</record>
<record>
  <date>2026-09-15T06:26:25.720452500Z</date>
  <millis>1789453585720</millis>
  <nanos>452500</nanos>
  <sequence>1260</sequence>
  <level>START</level>
  <class>com.kms.katalon.core.logging.XmlKeywordLogger</class>
  <method>startKeyword</method>
  <thread>1</thread>
  <message>Start action : setText(findTestObject(otpObjects[i]), otpArray[i].toString())</message>
  <nestedLevel>2</nestedLevel>
  <escapedJava>false</escapedJava>
  <property name="startLine">121</property>
  <property name="stepIndex">1</property>
</record>
<record>
  <date>2026-09-15T06:26:26.569013200Z</date>
  <millis>1789453586569</millis>
  <nanos>13200</nanos>
  <sequence>1274</sequence>
  <level>PASSED</level>
  <class>com.kms.katalon.core.logging.XmlKeywordLogger</class>
  <method>logMessage</method>
  <thread>1</thread>
  <message>Text &amp;apos;6&amp;apos; is set on object &amp;apos;Object Repository/Forgot_Password_repository/Page_Agent Management System/input_OtpBox1&amp;apos;</message>
  <nestedLevel>1</nestedLevel>
  <escapedJava>false</escapedJava>
  <property name="testops-method-name">com.kms.katalon.core.webui.keyword.internal.WebUIKeywordMain.runKeywordUntilTimeout</property>
  <property name="testops-execution-stacktrace">com.kms.katalon.core.logging.KeywordLogger.logPassed(KeywordLogger.java:351)
com.kms.katalon.core.logging.KeywordLogger.logPassed(KeywordLogger.java:346)
com.kms.katalon.core.webui.keyword.builtin.SetTextKeyword$_setText_closure1.doCall(SetTextKeyword.groovy:99)
java.base/jdk.internal.reflect.DirectMethodHandleAccessor.invoke(DirectMethodHandleAccessor.java:103)
jdk.proxy2/jdk.proxy2.$Proxy60.execute(Unknown Source)
com.kms.katalon.core.webui.model.SeleniumActionRetryController.performAction(SeleniumActionRetryController.java:96)
com.kms.katalon.core.webui.model.SeleniumActionRetryController.performAction(SeleniumActionRetryController.java:83)
com.kms.katalon.core.webui.keyword.internal.WebUIKeywordMain$_runKeywordUntilTimeout_closure1.doCall(WebUIKeywordMain.groovy:135)
com.kms.katalon.core.webui.keyword.internal.WebUIKeywordMain$_runKeywordUntilTimeout_closure1.call(WebUIKeywordMain.groovy)
com.kms.katalon.core.webui.keyword.internal.WebUIKeywordMain.runKeyword(WebUIKeywordMain.groovy:41)
com.kms.katalon.core.webui.keyword.internal.WebUIKeywordMain.runKeywordUntilTimeout(WebUIKeywordMain.groovy:133)
com.kms.katalon.core.webui.keyword.builtin.SetTextKeyword.setText(SetTextKeyword.groovy:106)
com.kms.katalon.core.webui.keyword.builtin.SetTextKeyword.execute(SetTextKeyword.groovy:49)
com.kms.katalon.core.keyword.internal.KeywordExecutor.executeKeywordForPlatform(KeywordExecutor.groovy:104)
com.kms.katalon.core.webui.keyword.WebUiBuiltInKeywords.setText(WebUiBuiltInKeywords.groovy:1082)
FP_ValidRegisteredMobileNo_TC_201.run(FP_ValidRegisteredMobileNo_TC_201:123)
</property>
</record>
<record>
  <date>2026-09-15T06:26:26.572020200Z</date>
  <millis>1789453586572</millis>
  <nanos>20200</nanos>
  <sequence>1275</sequence>
  <level>END</level>
  <class>com.kms.katalon.core.logging.XmlKeywordLogger</class>
  <method>endKeyword</method>
  <thread>1</thread>
  <message>End action : setText(findTestObject(otpObjects[i]), otpArray[i].toString())</message>
  <nestedLevel>2</nestedLevel>
  <escapedJava>false</escapedJava>
</record>
<record>
  <date>2026-09-15T06:26:26.572020200Z</date>
  <millis>1789453586572</millis>
  <nanos>20200</nanos>
  <sequence>1276</sequence>
  <level>START</level>
  <class>com.kms.katalon.core.logging.XmlKeywordLogger</class>
  <method>startKeyword</method>
  <thread>1</thread>
  <message>Start action : setText(findTestObject(otpObjects[i]), otpArray[i].toString())</message>
  <nestedLevel>2</nestedLevel>
  <escapedJava>false</escapedJava>
  <property name="startLine">121</property>
  <property name="stepIndex">1</property>
</record>
<record>
  <date>2026-09-15T06:26:27.412092200Z</date>
  <millis>1789453587412</millis>
  <nanos>92200</nanos>
  <sequence>1290</sequence>
  <level>PASSED</level>
  <class>com.kms.katalon.core.logging.XmlKeywordLogger</class>
  <method>logMessage</method>
  <thread>1</thread>
  <message>Text &amp;apos;9&amp;apos; is set on object &amp;apos;Object Repository/Forgot_Password_repository/Page_Agent Management System/input_OtpBox2&amp;apos;</message>
  <nestedLevel>1</nestedLevel>
  <escapedJava>false</escapedJava>
  <property name="testops-method-name">com.kms.katalon.core.webui.keyword.internal.WebUIKeywordMain.runKeywordUntilTimeout</property>
  <property name="testops-execution-stacktrace">com.kms.katalon.core.logging.KeywordLogger.logPassed(KeywordLogger.java:351)
com.kms.katalon.core.logging.KeywordLogger.logPassed(KeywordLogger.java:346)
com.kms.katalon.core.webui.keyword.builtin.SetTextKeyword$_setText_closure1.doCall(SetTextKeyword.groovy:99)
java.base/jdk.internal.reflect.DirectMethodHandleAccessor.invoke(DirectMethodHandleAccessor.java:103)
jdk.proxy2/jdk.proxy2.$Proxy60.execute(Unknown Source)
com.kms.katalon.core.webui.model.SeleniumActionRetryController.performAction(SeleniumActionRetryController.java:96)
com.kms.katalon.core.webui.model.SeleniumActionRetryController.performAction(SeleniumActionRetryController.java:83)
com.kms.katalon.core.webui.keyword.internal.WebUIKeywordMain$_runKeywordUntilTimeout_closure1.doCall(WebUIKeywordMain.groovy:135)
com.kms.katalon.core.webui.keyword.internal.WebUIKeywordMain$_runKeywordUntilTimeout_closure1.call(WebUIKeywordMain.groovy)
com.kms.katalon.core.webui.keyword.internal.WebUIKeywordMain.runKeyword(WebUIKeywordMain.groovy:41)
com.kms.katalon.core.webui.keyword.internal.WebUIKeywordMain.runKeywordUntilTimeout(WebUIKeywordMain.groovy:133)
com.kms.katalon.core.webui.keyword.builtin.SetTextKeyword.setText(SetTextKeyword.groovy:106)
com.kms.katalon.core.webui.keyword.builtin.SetTextKeyword.execute(SetTextKeyword.groovy:49)
com.kms.katalon.core.keyword.internal.KeywordExecutor.executeKeywordForPlatform(KeywordExecutor.groovy:104)
com.kms.katalon.core.webui.keyword.WebUiBuiltInKeywords.setText(WebUiBuiltInKeywords.groovy:1082)
FP_ValidRegisteredMobileNo_TC_201.run(FP_ValidRegisteredMobileNo_TC_201:123)
</property>
</record>
<record>
  <date>2026-09-15T06:26:27.413139400Z</date>
  <millis>1789453587413</millis>
  <nanos>139400</nanos>
  <sequence>1291</sequence>
  <level>END</level>
  <class>com.kms.katalon.core.logging.XmlKeywordLogger</class>
  <method>endKeyword</method>
  <thread>1</thread>
  <message>End action : setText(findTestObject(otpObjects[i]), otpArray[i].toString())</message>
  <nestedLevel>2</nestedLevel>
  <escapedJava>false</escapedJava>
</record>
<record>
  <date>2026-09-15T06:26:27.413139400Z</date>
  <millis>1789453587413</millis>
  <nanos>139400</nanos>
  <sequence>1292</sequence>
  <level>START</level>
  <class>com.kms.katalon.core.logging.XmlKeywordLogger</class>
  <method>startKeyword</method>
  <thread>1</thread>
  <message>Start action : setText(findTestObject(otpObjects[i]), otpArray[i].toString())</message>
  <nestedLevel>2</nestedLevel>
  <escapedJava>false</escapedJava>
  <property name="startLine">121</property>
  <property name="stepIndex">1</property>
</record>
<record>
  <date>2026-09-15T06:26:28.248777300Z</date>
  <millis>1789453588248</millis>
  <nanos>777300</nanos>
  <sequence>1306</sequence>
  <level>PASSED</level>
  <class>com.kms.katalon.core.logging.XmlKeywordLogger</class>
  <method>logMessage</method>
  <thread>1</thread>
  <message>Text &amp;apos;0&amp;apos; is set on object &amp;apos;Object Repository/Forgot_Password_repository/Page_Agent Management System/input_OtpBox3&amp;apos;</message>
  <nestedLevel>1</nestedLevel>
  <escapedJava>false</escapedJava>
  <property name="testops-method-name">com.kms.katalon.core.webui.keyword.internal.WebUIKeywordMain.runKeywordUntilTimeout</property>
  <property name="testops-execution-stacktrace">com.kms.katalon.core.logging.KeywordLogger.logPassed(KeywordLogger.java:351)
com.kms.katalon.core.logging.KeywordLogger.logPassed(KeywordLogger.java:346)
com.kms.katalon.core.webui.keyword.builtin.SetTextKeyword$_setText_closure1.doCall(SetTextKeyword.groovy:99)
java.base/jdk.internal.reflect.DirectMethodHandleAccessor.invoke(DirectMethodHandleAccessor.java:103)
jdk.proxy2/jdk.proxy2.$Proxy60.execute(Unknown Source)
com.kms.katalon.core.webui.model.SeleniumActionRetryController.performAction(SeleniumActionRetryController.java:96)
com.kms.katalon.core.webui.model.SeleniumActionRetryController.performAction(SeleniumActionRetryController.java:83)
com.kms.katalon.core.webui.keyword.internal.WebUIKeywordMain$_runKeywordUntilTimeout_closure1.doCall(WebUIKeywordMain.groovy:135)
com.kms.katalon.core.webui.keyword.internal.WebUIKeywordMain$_runKeywordUntilTimeout_closure1.call(WebUIKeywordMain.groovy)
com.kms.katalon.core.webui.keyword.internal.WebUIKeywordMain.runKeyword(WebUIKeywordMain.groovy:41)
com.kms.katalon.core.webui.keyword.internal.WebUIKeywordMain.runKeywordUntilTimeout(WebUIKeywordMain.groovy:133)
com.kms.katalon.core.webui.keyword.builtin.SetTextKeyword.setText(SetTextKeyword.groovy:106)
com.kms.katalon.core.webui.keyword.builtin.SetTextKeyword.execute(SetTextKeyword.groovy:49)
com.kms.katalon.core.keyword.internal.KeywordExecutor.executeKeywordForPlatform(KeywordExecutor.groovy:104)
com.kms.katalon.core.webui.keyword.WebUiBuiltInKeywords.setText(WebUiBuiltInKeywords.groovy:1082)
FP_ValidRegisteredMobileNo_TC_201.run(FP_ValidRegisteredMobileNo_TC_201:123)
</property>
</record>
<record>
  <date>2026-09-15T06:26:28.249776900Z</date>
  <millis>1789453588249</millis>
  <nanos>776900</nanos>
  <sequence>1307</sequence>
  <level>END</level>
  <class>com.kms.katalon.core.logging.XmlKeywordLogger</class>
  <method>endKeyword</method>
  <thread>1</thread>
  <message>End action : setText(findTestObject(otpObjects[i]), otpArray[i].toString())</message>
  <nestedLevel>2</nestedLevel>
  <escapedJava>false</escapedJava>
</record>
<record>
  <date>2026-09-15T06:26:28.249776900Z</date>
  <millis>1789453588249</millis>
  <nanos>776900</nanos>
  <sequence>1308</sequence>
  <level>START</level>
  <class>com.kms.katalon.core.logging.XmlKeywordLogger</class>
  <method>startKeyword</method>
  <thread>1</thread>
  <message>Start action : setText(findTestObject(otpObjects[i]), otpArray[i].toString())</message>
  <nestedLevel>2</nestedLevel>
  <escapedJava>false</escapedJava>
  <property name="startLine">121</property>
  <property name="stepIndex">1</property>
</record>
<record>
  <date>2026-09-15T06:26:29.176087700Z</date>
  <millis>1789453589176</millis>
  <nanos>87700</nanos>
  <sequence>1322</sequence>
  <level>PASSED</level>
  <class>com.kms.katalon.core.logging.XmlKeywordLogger</class>
  <method>logMessage</method>
  <thread>1</thread>
  <message>Text &amp;apos;4&amp;apos; is set on object &amp;apos;Object Repository/Forgot_Password_repository/Page_Agent Management System/input_OtpBox4&amp;apos;</message>
  <nestedLevel>1</nestedLevel>
  <escapedJava>false</escapedJava>
  <property name="testops-method-name">com.kms.katalon.core.webui.keyword.internal.WebUIKeywordMain.runKeywordUntilTimeout</property>
  <property name="testops-execution-stacktrace">com.kms.katalon.core.logging.KeywordLogger.logPassed(KeywordLogger.java:351)
com.kms.katalon.core.logging.KeywordLogger.logPassed(KeywordLogger.java:346)
com.kms.katalon.core.webui.keyword.builtin.SetTextKeyword$_setText_closure1.doCall(SetTextKeyword.groovy:99)
java.base/jdk.internal.reflect.DirectMethodHandleAccessor.invoke(DirectMethodHandleAccessor.java:103)
jdk.proxy2/jdk.proxy2.$Proxy60.execute(Unknown Source)
com.kms.katalon.core.webui.model.SeleniumActionRetryController.performAction(SeleniumActionRetryController.java:96)
com.kms.katalon.core.webui.model.SeleniumActionRetryController.performAction(SeleniumActionRetryController.java:83)
com.kms.katalon.core.webui.keyword.internal.WebUIKeywordMain$_runKeywordUntilTimeout_closure1.doCall(WebUIKeywordMain.groovy:135)
com.kms.katalon.core.webui.keyword.internal.WebUIKeywordMain$_runKeywordUntilTimeout_closure1.call(WebUIKeywordMain.groovy)
com.kms.katalon.core.webui.keyword.internal.WebUIKeywordMain.runKeyword(WebUIKeywordMain.groovy:41)
com.kms.katalon.core.webui.keyword.internal.WebUIKeywordMain.runKeywordUntilTimeout(WebUIKeywordMain.groovy:133)
com.kms.katalon.core.webui.keyword.builtin.SetTextKeyword.setText(SetTextKeyword.groovy:106)
com.kms.katalon.core.webui.keyword.builtin.SetTextKeyword.execute(SetTextKeyword.groovy:49)
com.kms.katalon.core.keyword.internal.KeywordExecutor.executeKeywordForPlatform(KeywordExecutor.groovy:104)
com.kms.katalon.core.webui.keyword.WebUiBuiltInKeywords.setText(WebUiBuiltInKeywords.groovy:1082)
FP_ValidRegisteredMobileNo_TC_201.run(FP_ValidRegisteredMobileNo_TC_201:123)
</property>
</record>
<record>
  <date>2026-09-15T06:26:29.177087300Z</date>
  <millis>1789453589177</millis>
  <nanos>87300</nanos>
  <sequence>1323</sequence>
  <level>END</level>
  <class>com.kms.katalon.core.logging.XmlKeywordLogger</class>
  <method>endKeyword</method>
  <thread>1</thread>
  <message>End action : setText(findTestObject(otpObjects[i]), otpArray[i].toString())</message>
  <nestedLevel>2</nestedLevel>
  <escapedJava>false</escapedJava>
</record>
<record>
  <date>2026-09-15T06:26:29.177087300Z</date>
  <millis>1789453589177</millis>
  <nanos>87300</nanos>
  <sequence>1324</sequence>
  <level>END</level>
  <class>com.kms.katalon.core.logging.XmlKeywordLogger</class>
  <method>endKeyword</method>
  <thread>1</thread>
  <message>End action : for ([i = 0, i &amp;lt; otpObjects.size(), (i++)])</message>
  <nestedLevel>1</nestedLevel>
  <escapedJava>false</escapedJava>
</record>
<record>
  <date>2026-09-15T06:26:29.177087300Z</date>
  <millis>1789453589177</millis>
  <nanos>87300</nanos>
  <sequence>1325</sequence>
  <level>START</level>
  <class>com.kms.katalon.core.logging.XmlKeywordLogger</class>
  <method>startKeyword</method>
  <thread>1</thread>
  <message>Start action : click(findTestObject(&amp;quot;Forgot_Password_repository/Page_Agent Management System/input_OTPValidateBtn&amp;quot;))</message>
  <nestedLevel>1</nestedLevel>
  <escapedJava>false</escapedJava>
  <property name="startLine">128</property>
  <property name="stepIndex">23</property>
</record>
<record>
  <date>2026-09-15T06:26:29.469784700Z</date>
  <millis>1789453589469</millis>
  <nanos>784700</nanos>
  <sequence>1336</sequence>
  <level>PASSED</level>
  <class>com.kms.katalon.core.logging.XmlKeywordLogger</class>
  <method>logMessage</method>
  <thread>1</thread>
  <message>Object: &amp;apos;Object Repository/Forgot_Password_repository/Page_Agent Management System/input_OTPValidateBtn&amp;apos; is clicked on</message>
  <nestedLevel>1</nestedLevel>
  <escapedJava>false</escapedJava>
  <property name="testops-method-name">com.kms.katalon.core.webui.keyword.internal.WebUIKeywordMain.runKeywordUntilTimeout</property>
  <property name="testops-execution-stacktrace">com.kms.katalon.core.logging.KeywordLogger.logPassed(KeywordLogger.java:351)
com.kms.katalon.core.logging.KeywordLogger.logPassed(KeywordLogger.java:346)
com.kms.katalon.core.webui.keyword.builtin.ClickKeyword$_click_closure1.doCall(ClickKeyword.groovy:66)
java.base/jdk.internal.reflect.DirectMethodHandleAccessor.invoke(DirectMethodHandleAccessor.java:103)
jdk.proxy2/jdk.proxy2.$Proxy60.execute(Unknown Source)
com.kms.katalon.core.webui.model.SeleniumActionRetryController.performAction(SeleniumActionRetryController.java:96)
com.kms.katalon.core.webui.model.SeleniumActionRetryController.performAction(SeleniumActionRetryController.java:83)
com.kms.katalon.core.webui.keyword.internal.WebUIKeywordMain$_runKeywordUntilTimeout_closure1.doCall(WebUIKeywordMain.groovy:135)
com.kms.katalon.core.webui.keyword.internal.WebUIKeywordMain$_runKeywordUntilTimeout_closure1.call(WebUIKeywordMain.groovy)
com.kms.katalon.core.webui.keyword.internal.WebUIKeywordMain.runKeyword(WebUIKeywordMain.groovy:41)
com.kms.katalon.core.webui.keyword.internal.WebUIKeywordMain.runKeywordUntilTimeout(WebUIKeywordMain.groovy:133)
com.kms.katalon.core.webui.keyword.builtin.ClickKeyword.click(ClickKeyword.groovy:72)
com.kms.katalon.core.webui.keyword.builtin.ClickKeyword.execute(ClickKeyword.groovy:38)
com.kms.katalon.core.keyword.internal.KeywordExecutor.executeKeywordForPlatform(KeywordExecutor.groovy:104)
com.kms.katalon.core.webui.keyword.WebUiBuiltInKeywords.click(WebUiBuiltInKeywords.groovy:722)
FP_ValidRegisteredMobileNo_TC_201.run(FP_ValidRegisteredMobileNo_TC_201:128)
</property>
</record>
<record>
  <date>2026-09-15T06:26:29.472178600Z</date>
  <millis>1789453589472</millis>
  <nanos>178600</nanos>
  <sequence>1337</sequence>
  <level>END</level>
  <class>com.kms.katalon.core.logging.XmlKeywordLogger</class>
  <method>endKeyword</method>
  <thread>1</thread>
  <message>End action : click(findTestObject(&amp;quot;Forgot_Password_repository/Page_Agent Management System/input_OTPValidateBtn&amp;quot;))</message>
  <nestedLevel>1</nestedLevel>
  <escapedJava>false</escapedJava>
</record>
<record>
  <date>2026-09-15T06:26:29.472178600Z</date>
  <millis>1789453589472</millis>
  <nanos>178600</nanos>
  <sequence>1338</sequence>
  <level>START</level>
  <class>com.kms.katalon.core.logging.XmlKeywordLogger</class>
  <method>startKeyword</method>
  <thread>1</thread>
  <message>Start action : setText(findTestObject(&amp;quot;Forgot_Password_repository/Page_Agent Management System/input_Enter New Password&amp;quot;), Newpassword)</message>
  <nestedLevel>1</nestedLevel>
  <escapedJava>false</escapedJava>
  <property name="startLine">133</property>
  <property name="stepIndex">24</property>
</record>
<record>
  <date>2026-09-15T06:26:30.684575600Z</date>
  <millis>1789453590684</millis>
  <nanos>575600</nanos>
  <sequence>1352</sequence>
  <level>PASSED</level>
  <class>com.kms.katalon.core.logging.XmlKeywordLogger</class>
  <method>logMessage</method>
  <thread>1</thread>
  <message>Text &amp;apos;Kanchan@#$1234&amp;apos; is set on object &amp;apos;Object Repository/Forgot_Password_repository/Page_Agent Management System/input_Enter New Password&amp;apos;</message>
  <nestedLevel>1</nestedLevel>
  <escapedJava>false</escapedJava>
  <property name="testops-method-name">com.kms.katalon.core.webui.keyword.internal.WebUIKeywordMain.runKeywordUntilTimeout</property>
  <property name="testops-execution-stacktrace">com.kms.katalon.core.logging.KeywordLogger.logPassed(KeywordLogger.java:351)
com.kms.katalon.core.logging.KeywordLogger.logPassed(KeywordLogger.java:346)
com.kms.katalon.core.webui.keyword.builtin.SetTextKeyword$_setText_closure1.doCall(SetTextKeyword.groovy:99)
java.base/jdk.internal.reflect.DirectMethodHandleAccessor.invoke(DirectMethodHandleAccessor.java:103)
jdk.proxy2/jdk.proxy2.$Proxy60.execute(Unknown Source)
com.kms.katalon.core.webui.model.SeleniumActionRetryController.performAction(SeleniumActionRetryController.java:96)
com.kms.katalon.core.webui.model.SeleniumActionRetryController.performAction(SeleniumActionRetryController.java:83)
com.kms.katalon.core.webui.keyword.internal.WebUIKeywordMain$_runKeywordUntilTimeout_closure1.doCall(WebUIKeywordMain.groovy:135)
com.kms.katalon.core.webui.keyword.internal.WebUIKeywordMain$_runKeywordUntilTimeout_closure1.call(WebUIKeywordMain.groovy)
com.kms.katalon.core.webui.keyword.internal.WebUIKeywordMain.runKeyword(WebUIKeywordMain.groovy:41)
com.kms.katalon.core.webui.keyword.internal.WebUIKeywordMain.runKeywordUntilTimeout(WebUIKeywordMain.groovy:133)
com.kms.katalon.core.webui.keyword.builtin.SetTextKeyword.setText(SetTextKeyword.groovy:106)
com.kms.katalon.core.webui.keyword.builtin.SetTextKeyword.execute(SetTextKeyword.groovy:49)
com.kms.katalon.core.keyword.internal.KeywordExecutor.executeKeywordForPlatform(KeywordExecutor.groovy:104)
com.kms.katalon.core.webui.keyword.WebUiBuiltInKeywords.setText(WebUiBuiltInKeywords.groovy:1082)
FP_ValidRegisteredMobileNo_TC_201.run(FP_ValidRegisteredMobileNo_TC_201:134)
</property>
</record>
<record>
  <date>2026-09-15T06:26:30.684575600Z</date>
  <millis>1789453590684</millis>
  <nanos>575600</nanos>
  <sequence>1353</sequence>
  <level>END</level>
  <class>com.kms.katalon.core.logging.XmlKeywordLogger</class>
  <method>endKeyword</method>
  <thread>1</thread>
  <message>End action : setText(findTestObject(&amp;quot;Forgot_Password_repository/Page_Agent Management System/input_Enter New Password&amp;quot;), Newpassword)</message>
  <nestedLevel>1</nestedLevel>
  <escapedJava>false</escapedJava>
</record>
<record>
  <date>2026-09-15T06:26:30.684575600Z</date>
  <millis>1789453590684</millis>
  <nanos>575600</nanos>
  <sequence>1354</sequence>
  <level>START</level>
  <class>com.kms.katalon.core.logging.XmlKeywordLogger</class>
  <method>startKeyword</method>
  <thread>1</thread>
  <message>Start action : setText(findTestObject(&amp;quot;Forgot_Password_repository/Page_Agent Management System/input_Confirm New Password&amp;quot;), Confirmpassword)</message>
  <nestedLevel>1</nestedLevel>
  <escapedJava>false</escapedJava>
  <property name="startLine">141</property>
  <property name="stepIndex">25</property>
</record>
<record>
  <date>2026-09-15T06:26:31.216899400Z</date>
  <millis>1789453591216</millis>
  <nanos>899400</nanos>
  <sequence>1368</sequence>
  <level>PASSED</level>
  <class>com.kms.katalon.core.logging.XmlKeywordLogger</class>
  <method>logMessage</method>
  <thread>1</thread>
  <message>Text &amp;apos;Kanchan@#$1234&amp;apos; is set on object &amp;apos;Object Repository/Forgot_Password_repository/Page_Agent Management System/input_Confirm New Password&amp;apos;</message>
  <nestedLevel>1</nestedLevel>
  <escapedJava>false</escapedJava>
  <property name="testops-method-name">com.kms.katalon.core.webui.keyword.internal.WebUIKeywordMain.runKeywordUntilTimeout</property>
  <property name="testops-execution-stacktrace">com.kms.katalon.core.logging.KeywordLogger.logPassed(KeywordLogger.java:351)
com.kms.katalon.core.logging.KeywordLogger.logPassed(KeywordLogger.java:346)
com.kms.katalon.core.webui.keyword.builtin.SetTextKeyword$_setText_closure1.doCall(SetTextKeyword.groovy:99)
java.base/jdk.internal.reflect.DirectMethodHandleAccessor.invoke(DirectMethodHandleAccessor.java:103)
jdk.proxy2/jdk.proxy2.$Proxy60.execute(Unknown Source)
com.kms.katalon.core.webui.model.SeleniumActionRetryController.performAction(SeleniumActionRetryController.java:96)
com.kms.katalon.core.webui.model.SeleniumActionRetryController.performAction(SeleniumActionRetryController.java:83)
com.kms.katalon.core.webui.keyword.internal.WebUIKeywordMain$_runKeywordUntilTimeout_closure1.doCall(WebUIKeywordMain.groovy:135)
com.kms.katalon.core.webui.keyword.internal.WebUIKeywordMain$_runKeywordUntilTimeout_closure1.call(WebUIKeywordMain.groovy)
com.kms.katalon.core.webui.keyword.internal.WebUIKeywordMain.runKeyword(WebUIKeywordMain.groovy:41)
com.kms.katalon.core.webui.keyword.internal.WebUIKeywordMain.runKeywordUntilTimeout(WebUIKeywordMain.groovy:133)
com.kms.katalon.core.webui.keyword.builtin.SetTextKeyword.setText(SetTextKeyword.groovy:106)
com.kms.katalon.core.webui.keyword.builtin.SetTextKeyword.execute(SetTextKeyword.groovy:49)
com.kms.katalon.core.keyword.internal.KeywordExecutor.executeKeywordForPlatform(KeywordExecutor.groovy:104)
com.kms.katalon.core.webui.keyword.WebUiBuiltInKeywords.setText(WebUiBuiltInKeywords.groovy:1082)
FP_ValidRegisteredMobileNo_TC_201.run(FP_ValidRegisteredMobileNo_TC_201:142)
</property>
</record>
<record>
  <date>2026-09-15T06:26:31.216899400Z</date>
  <millis>1789453591216</millis>
  <nanos>899400</nanos>
  <sequence>1369</sequence>
  <level>END</level>
  <class>com.kms.katalon.core.logging.XmlKeywordLogger</class>
  <method>endKeyword</method>
  <thread>1</thread>
  <message>End action : setText(findTestObject(&amp;quot;Forgot_Password_repository/Page_Agent Management System/input_Confirm New Password&amp;quot;), Confirmpassword)</message>
  <nestedLevel>1</nestedLevel>
  <escapedJava>false</escapedJava>
</record>
<record>
  <date>2026-09-15T06:26:31.216899400Z</date>
  <millis>1789453591216</millis>
  <nanos>899400</nanos>
  <sequence>1370</sequence>
  <level>START</level>
  <class>com.kms.katalon.core.logging.XmlKeywordLogger</class>
  <method>startKeyword</method>
  <thread>1</thread>
  <message>Start action : click(findTestObject(&amp;quot;Forgot_Password_repository/Page_Agent Management System/input_ChangePwBtn&amp;quot;))</message>
  <nestedLevel>1</nestedLevel>
  <escapedJava>false</escapedJava>
  <property name="startLine">149</property>
  <property name="stepIndex">26</property>
</record>
<record>
  <date>2026-09-15T06:26:31.495230700Z</date>
  <millis>1789453591495</millis>
  <nanos>230700</nanos>
  <sequence>1381</sequence>
  <level>PASSED</level>
  <class>com.kms.katalon.core.logging.XmlKeywordLogger</class>
  <method>logMessage</method>
  <thread>1</thread>
  <message>Object: &amp;apos;Object Repository/Forgot_Password_repository/Page_Agent Management System/input_ChangePwBtn&amp;apos; is clicked on</message>
  <nestedLevel>1</nestedLevel>
  <escapedJava>false</escapedJava>
  <property name="testops-method-name">com.kms.katalon.core.webui.keyword.internal.WebUIKeywordMain.runKeywordUntilTimeout</property>
  <property name="testops-execution-stacktrace">com.kms.katalon.core.logging.KeywordLogger.logPassed(KeywordLogger.java:351)
com.kms.katalon.core.logging.KeywordLogger.logPassed(KeywordLogger.java:346)
com.kms.katalon.core.webui.keyword.builtin.ClickKeyword$_click_closure1.doCall(ClickKeyword.groovy:66)
java.base/jdk.internal.reflect.DirectMethodHandleAccessor.invoke(DirectMethodHandleAccessor.java:103)
jdk.proxy2/jdk.proxy2.$Proxy60.execute(Unknown Source)
com.kms.katalon.core.webui.model.SeleniumActionRetryController.performAction(SeleniumActionRetryController.java:96)
com.kms.katalon.core.webui.model.SeleniumActionRetryController.performAction(SeleniumActionRetryController.java:83)
com.kms.katalon.core.webui.keyword.internal.WebUIKeywordMain$_runKeywordUntilTimeout_closure1.doCall(WebUIKeywordMain.groovy:135)
com.kms.katalon.core.webui.keyword.internal.WebUIKeywordMain$_runKeywordUntilTimeout_closure1.call(WebUIKeywordMain.groovy)
com.kms.katalon.core.webui.keyword.internal.WebUIKeywordMain.runKeyword(WebUIKeywordMain.groovy:41)
com.kms.katalon.core.webui.keyword.internal.WebUIKeywordMain.runKeywordUntilTimeout(WebUIKeywordMain.groovy:133)
com.kms.katalon.core.webui.keyword.builtin.ClickKeyword.click(ClickKeyword.groovy:72)
com.kms.katalon.core.webui.keyword.builtin.ClickKeyword.execute(ClickKeyword.groovy:38)
com.kms.katalon.core.keyword.internal.KeywordExecutor.executeKeywordForPlatform(KeywordExecutor.groovy:104)
com.kms.katalon.core.webui.keyword.WebUiBuiltInKeywords.click(WebUiBuiltInKeywords.groovy:722)
FP_ValidRegisteredMobileNo_TC_201.run(FP_ValidRegisteredMobileNo_TC_201:149)
</property>
</record>
<record>
  <date>2026-09-15T06:26:31.495230700Z</date>
  <millis>1789453591495</millis>
  <nanos>230700</nanos>
  <sequence>1382</sequence>
  <level>END</level>
  <class>com.kms.katalon.core.logging.XmlKeywordLogger</class>
  <method>endKeyword</method>
  <thread>1</thread>
  <message>End action : click(findTestObject(&amp;quot;Forgot_Password_repository/Page_Agent Management System/input_ChangePwBtn&amp;quot;))</message>
  <nestedLevel>1</nestedLevel>
  <escapedJava>false</escapedJava>
</record>
<record>
  <date>2026-09-15T06:26:31.495230700Z</date>
  <millis>1789453591495</millis>
  <nanos>230700</nanos>
  <sequence>1383</sequence>
  <level>START</level>
  <class>com.kms.katalon.core.logging.XmlKeywordLogger</class>
  <method>startKeyword</method>
  <thread>1</thread>
  <message>Start action : msgObj = new com.kms.katalon.core.testobject.TestObject()</message>
  <nestedLevel>1</nestedLevel>
  <escapedJava>false</escapedJava>
  <property name="startLine">154</property>
  <property name="stepIndex">27</property>
</record>
<record>
  <date>2026-09-15T06:26:31.496738800Z</date>
  <millis>1789453591496</millis>
  <nanos>738800</nanos>
  <sequence>1384</sequence>
  <level>END</level>
  <class>com.kms.katalon.core.logging.XmlKeywordLogger</class>
  <method>endKeyword</method>
  <thread>1</thread>
  <message>End action : msgObj = new com.kms.katalon.core.testobject.TestObject()</message>
  <nestedLevel>1</nestedLevel>
  <escapedJava>false</escapedJava>
</record>
<record>
  <date>2026-09-15T06:26:31.496738800Z</date>
  <millis>1789453591496</millis>
  <nanos>738800</nanos>
  <sequence>1385</sequence>
  <level>START</level>
  <class>com.kms.katalon.core.logging.XmlKeywordLogger</class>
  <method>startKeyword</method>
  <thread>1</thread>
  <message>Start action : msgObj.addProperty(&amp;quot;xpath&amp;quot;, EQUALS, &amp;quot;//*[contains(.,&amp;apos;Password has been changed&amp;apos;)]&amp;quot;)</message>
  <nestedLevel>1</nestedLevel>
  <escapedJava>false</escapedJava>
  <property name="startLine">156</property>
  <property name="stepIndex">28</property>
</record>
<record>
  <date>2026-09-15T06:26:31.496738800Z</date>
  <millis>1789453591496</millis>
  <nanos>738800</nanos>
  <sequence>1386</sequence>
  <level>END</level>
  <class>com.kms.katalon.core.logging.XmlKeywordLogger</class>
  <method>endKeyword</method>
  <thread>1</thread>
  <message>End action : msgObj.addProperty(&amp;quot;xpath&amp;quot;, EQUALS, &amp;quot;//*[contains(.,&amp;apos;Password has been changed&amp;apos;)]&amp;quot;)</message>
  <nestedLevel>1</nestedLevel>
  <escapedJava>false</escapedJava>
</record>
<record>
  <date>2026-09-15T06:26:31.496738800Z</date>
  <millis>1789453591496</millis>
  <nanos>738800</nanos>
  <sequence>1387</sequence>
  <level>START</level>
  <class>com.kms.katalon.core.logging.XmlKeywordLogger</class>
  <method>startKeyword</method>
  <thread>1</thread>
  <message>Start action : waitForElementVisible(msgObj, 10)</message>
  <nestedLevel>1</nestedLevel>
  <escapedJava>false</escapedJava>
  <property name="startLine">163</property>
  <property name="stepIndex">29</property>
</record>
<record>
  <date>2026-09-15T06:26:32.368786900Z</date>
  <millis>1789453592368</millis>
  <nanos>786900</nanos>
  <sequence>1393</sequence>
  <level>PASSED</level>
  <class>com.kms.katalon.core.logging.XmlKeywordLogger</class>
  <method>logMessage</method>
  <thread>1</thread>
  <message>Object &amp;apos;&amp;apos; is visible</message>
  <nestedLevel>1</nestedLevel>
  <escapedJava>false</escapedJava>
  <property name="testops-method-name">com.kms.katalon.core.webui.keyword.internal.WebUIKeywordMain.runKeywordUntilTimeout</property>
  <property name="testops-execution-stacktrace">com.kms.katalon.core.logging.KeywordLogger.logPassed(KeywordLogger.java:351)
com.kms.katalon.core.logging.KeywordLogger.logPassed(KeywordLogger.java:346)
com.kms.katalon.core.logging.KeywordLogger$logPassed$0.call(Unknown Source)
com.kms.katalon.core.webui.keyword.builtin.WaitForElementVisibleKeyword$_waitForElementVisible_closure1.doCall(WaitForElementVisibleKeyword.groovy:86)
java.base/jdk.internal.reflect.DirectMethodHandleAccessor.invoke(DirectMethodHandleAccessor.java:103)
jdk.proxy2/jdk.proxy2.$Proxy60.execute(Unknown Source)
com.kms.katalon.core.webui.model.SeleniumActionRetryController.performAction(SeleniumActionRetryController.java:96)
com.kms.katalon.core.webui.model.SeleniumActionRetryController.performAction(SeleniumActionRetryController.java:83)
com.kms.katalon.core.webui.keyword.internal.WebUIKeywordMain$_runKeywordUntilTimeout_closure2.doCall(WebUIKeywordMain.groovy:155)
com.kms.katalon.core.webui.keyword.internal.WebUIKeywordMain$_runKeywordUntilTimeout_closure2.call(WebUIKeywordMain.groovy)
com.kms.katalon.core.webui.keyword.internal.WebUIKeywordMain.runKeyword(WebUIKeywordMain.groovy:41)
com.kms.katalon.core.webui.keyword.internal.WebUIKeywordMain.runKeywordUntilTimeout(WebUIKeywordMain.groovy:152)
com.kms.katalon.core.webui.keyword.internal.WebUIKeywordMain$runKeywordUntilTimeout.call(Unknown Source)
com.kms.katalon.core.webui.keyword.builtin.WaitForElementVisibleKeyword.waitForElementVisible(WaitForElementVisibleKeyword.groovy:101)
com.kms.katalon.core.webui.keyword.builtin.WaitForElementVisibleKeyword.execute(WaitForElementVisibleKeyword.groovy:69)
com.kms.katalon.core.keyword.internal.KeywordExecutor.executeKeywordForPlatform(KeywordExecutor.groovy:104)
com.kms.katalon.core.webui.keyword.WebUiBuiltInKeywords.waitForElementVisible(WebUiBuiltInKeywords.groovy:515)
FP_ValidRegisteredMobileNo_TC_201.run(FP_ValidRegisteredMobileNo_TC_201:163)
</property>
</record>
<record>
  <date>2026-09-15T06:26:32.370810900Z</date>
  <millis>1789453592370</millis>
  <nanos>810900</nanos>
  <sequence>1394</sequence>
  <level>END</level>
  <class>com.kms.katalon.core.logging.XmlKeywordLogger</class>
  <method>endKeyword</method>
  <thread>1</thread>
  <message>End action : waitForElementVisible(msgObj, 10)</message>
  <nestedLevel>1</nestedLevel>
  <escapedJava>false</escapedJava>
</record>
<record>
  <date>2026-09-15T06:26:32.370810900Z</date>
  <millis>1789453592370</millis>
  <nanos>810900</nanos>
  <sequence>1395</sequence>
  <level>START</level>
  <class>com.kms.katalon.core.logging.XmlKeywordLogger</class>
  <method>startKeyword</method>
  <thread>1</thread>
  <message>Start action : message = getText(msgObj)</message>
  <nestedLevel>1</nestedLevel>
  <escapedJava>false</escapedJava>
  <property name="startLine">166</property>
  <property name="stepIndex">30</property>
</record>
<record>
  <date>2026-09-15T06:26:32.609829600Z</date>
  <millis>1789453592609</millis>
  <nanos>829600</nanos>
  <sequence>1404</sequence>
  <level>PASSED</level>
  <class>com.kms.katalon.core.logging.XmlKeywordLogger</class>
  <method>logMessage</method>
  <thread>1</thread>
  <message>Text of object &amp;apos;&amp;apos; is: &amp;apos;Congratulation!!
Your Password has been changed successfully.&amp;apos;</message>
  <nestedLevel>1</nestedLevel>
  <escapedJava>false</escapedJava>
  <property name="testops-method-name">com.kms.katalon.core.webui.keyword.internal.WebUIKeywordMain.runKeywordUntilTimeout</property>
  <property name="testops-execution-stacktrace">com.kms.katalon.core.logging.KeywordLogger.logPassed(KeywordLogger.java:351)
com.kms.katalon.core.logging.KeywordLogger.logPassed(KeywordLogger.java:346)
com.kms.katalon.core.webui.keyword.builtin.GetTextKeyword$_getText_closure1.doCall(GetTextKeyword.groovy:85)
java.base/jdk.internal.reflect.DirectMethodHandleAccessor.invoke(DirectMethodHandleAccessor.java:103)
jdk.proxy2/jdk.proxy2.$Proxy60.execute(Unknown Source)
com.kms.katalon.core.webui.model.SeleniumActionRetryController.performAction(SeleniumActionRetryController.java:96)
com.kms.katalon.core.webui.model.SeleniumActionRetryController.performAction(SeleniumActionRetryController.java:83)
com.kms.katalon.core.webui.keyword.internal.WebUIKeywordMain$_runKeywordUntilTimeout_closure1.doCall(WebUIKeywordMain.groovy:135)
com.kms.katalon.core.webui.keyword.internal.WebUIKeywordMain$_runKeywordUntilTimeout_closure1.call(WebUIKeywordMain.groovy)
com.kms.katalon.core.webui.keyword.internal.WebUIKeywordMain.runKeyword(WebUIKeywordMain.groovy:41)
com.kms.katalon.core.webui.keyword.internal.WebUIKeywordMain.runKeywordUntilTimeout(WebUIKeywordMain.groovy:133)
com.kms.katalon.core.webui.keyword.builtin.GetTextKeyword.getText(GetTextKeyword.groovy:92)
com.kms.katalon.core.webui.keyword.builtin.GetTextKeyword.execute(GetTextKeyword.groovy:67)
com.kms.katalon.core.keyword.internal.KeywordExecutor.executeKeywordForPlatform(KeywordExecutor.groovy:104)
com.kms.katalon.core.webui.keyword.WebUiBuiltInKeywords.getText(WebUiBuiltInKeywords.groovy:1020)
FP_ValidRegisteredMobileNo_TC_201.run(FP_ValidRegisteredMobileNo_TC_201:166)
</property>
</record>
<record>
  <date>2026-09-15T06:26:32.610831300Z</date>
  <millis>1789453592610</millis>
  <nanos>831300</nanos>
  <sequence>1405</sequence>
  <level>END</level>
  <class>com.kms.katalon.core.logging.XmlKeywordLogger</class>
  <method>endKeyword</method>
  <thread>1</thread>
  <message>End action : message = getText(msgObj)</message>
  <nestedLevel>1</nestedLevel>
  <escapedJava>false</escapedJava>
</record>
<record>
  <date>2026-09-15T06:26:32.610831300Z</date>
  <millis>1789453592610</millis>
  <nanos>831300</nanos>
  <sequence>1406</sequence>
  <level>START</level>
  <class>com.kms.katalon.core.logging.XmlKeywordLogger</class>
  <method>startKeyword</method>
  <thread>1</thread>
  <message>Start action : logInfo(&amp;quot;Validation Message : &amp;quot; + message)</message>
  <nestedLevel>1</nestedLevel>
  <escapedJava>false</escapedJava>
  <property name="startLine">169</property>
  <property name="stepIndex">31</property>
</record>
<record>
  <date>2026-09-15T06:26:32.610831300Z</date>
  <millis>1789453592610</millis>
  <nanos>831300</nanos>
  <sequence>1407</sequence>
  <level>INFO</level>
  <class>com.kms.katalon.core.logging.XmlKeywordLogger</class>
  <method>logMessage</method>
  <thread>1</thread>
  <message>Validation Message : Congratulation!!
Your Password has been changed successfully.</message>
  <nestedLevel>1</nestedLevel>
  <escapedJava>false</escapedJava>
</record>
<record>
  <date>2026-09-15T06:26:32.611830300Z</date>
  <millis>1789453592611</millis>
  <nanos>830300</nanos>
  <sequence>1408</sequence>
  <level>END</level>
  <class>com.kms.katalon.core.logging.XmlKeywordLogger</class>
  <method>endKeyword</method>
  <thread>1</thread>
  <message>End action : logInfo(&amp;quot;Validation Message : &amp;quot; + message)</message>
  <nestedLevel>1</nestedLevel>
  <escapedJava>false</escapedJava>
</record>
<record>
  <date>2026-09-15T06:26:32.611830300Z</date>
  <millis>1789453592611</millis>
  <nanos>830300</nanos>
  <sequence>1409</sequence>
  <level>START</level>
  <class>com.kms.katalon.core.logging.XmlKeywordLogger</class>
  <method>startKeyword</method>
  <thread>1</thread>
  <message>Start action : if (message.contains(&amp;quot;Password has been changed&amp;quot;))</message>
  <nestedLevel>1</nestedLevel>
  <escapedJava>false</escapedJava>
  <property name="startLine">174</property>
  <property name="stepIndex">32</property>
</record>
<record>
  <date>2026-09-15T06:26:32.611830300Z</date>
  <millis>1789453592611</millis>
  <nanos>830300</nanos>
  <sequence>1410</sequence>
  <level>START</level>
  <class>com.kms.katalon.core.logging.XmlKeywordLogger</class>
  <method>startKeyword</method>
  <thread>1</thread>
  <message>Start action : markPassed(&amp;quot;Forgot Password Test Case PASSED&amp;quot;)</message>
  <nestedLevel>2</nestedLevel>
  <escapedJava>false</escapedJava>
  <property name="startLine">176</property>
  <property name="stepIndex">1</property>
</record>
<record>
  <date>2026-09-15T06:26:32.612831400Z</date>
  <millis>1789453592612</millis>
  <nanos>831400</nanos>
  <sequence>1412</sequence>
  <level>PASSED</level>
  <class>com.kms.katalon.core.logging.XmlKeywordLogger</class>
  <method>logMessage</method>
  <thread>1</thread>
  <message>Forgot Password Test Case PASSED</message>
  <nestedLevel>1</nestedLevel>
  <escapedJava>false</escapedJava>
  <property name="testops-execution-stacktrace">com.kms.katalon.core.logging.KeywordLogger.logPassed(KeywordLogger.java:351)
com.kms.katalon.core.logging.KeywordLogger.logPassed(KeywordLogger.java:346)
com.kms.katalon.core.util.KeywordUtil.markPassed(KeywordUtil.java:58)
FP_ValidRegisteredMobileNo_TC_201.run(FP_ValidRegisteredMobileNo_TC_201:176)
</property>
</record>
<record>
  <date>2026-09-15T06:26:32.612831400Z</date>
  <millis>1789453592612</millis>
  <nanos>831400</nanos>
  <sequence>1413</sequence>
  <level>END</level>
  <class>com.kms.katalon.core.logging.XmlKeywordLogger</class>
  <method>endKeyword</method>
  <thread>1</thread>
  <message>End action : markPassed(&amp;quot;Forgot Password Test Case PASSED&amp;quot;)</message>
  <nestedLevel>2</nestedLevel>
  <escapedJava>false</escapedJava>
</record>
<record>
  <date>2026-09-15T06:26:32.612831400Z</date>
  <millis>1789453592612</millis>
  <nanos>831400</nanos>
  <sequence>1414</sequence>
  <level>END</level>
  <class>com.kms.katalon.core.logging.XmlKeywordLogger</class>
  <method>endKeyword</method>
  <thread>1</thread>
  <message>End action : if (message.contains(&amp;quot;Password has been changed&amp;quot;))</message>
  <nestedLevel>1</nestedLevel>
  <escapedJava>false</escapedJava>
</record>
<record>
  <date>2026-09-15T06:26:32.612831400Z</date>
  <millis>1789453592612</millis>
  <nanos>831400</nanos>
  <sequence>1415</sequence>
  <level>START</level>
  <class>com.kms.katalon.core.logging.XmlKeywordLogger</class>
  <method>startKeyword</method>
  <thread>1</thread>
  <message>Start action : connection.close()</message>
  <nestedLevel>1</nestedLevel>
  <escapedJava>false</escapedJava>
  <property name="startLine">188</property>
  <property name="stepIndex">34</property>
</record>
<record>
  <date>2026-09-15T06:26:32.614846300Z</date>
  <millis>1789453592614</millis>
  <nanos>846300</nanos>
  <sequence>1416</sequence>
  <level>END</level>
  <class>com.kms.katalon.core.logging.XmlKeywordLogger</class>
  <method>endKeyword</method>
  <thread>1</thread>
  <message>End action : connection.close()</message>
  <nestedLevel>1</nestedLevel>
  <escapedJava>false</escapedJava>
</record>
<record>
  <date>2026-09-15T06:26:32.614846300Z</date>
  <millis>1789453592614</millis>
  <nanos>846300</nanos>
  <sequence>1417</sequence>
  <level>PASSED</level>
  <class>com.kms.katalon.core.logging.XmlKeywordLogger</class>
  <method>logMessage</method>
  <thread>1</thread>
  <message>Test Cases/Common_Test_case/Login/Forgotpassword/FP_ValidRegisteredMobileNo_TC_201</message>
  <nestedLevel>1</nestedLevel>
  <escapedJava>false</escapedJava>
</record>
<record>
  <date>2026-09-15T06:26:32.615854Z</date>
  <millis>1789453592615</millis>
  <nanos>854000</nanos>
  <sequence>1418</sequence>
  <level>START</level>
  <class>com.kms.katalon.core.logging.XmlKeywordLogger</class>
  <method>startKeyword</method>
  <thread>1</thread>
  <message>Start listener action : afterTestCase</message>
  <nestedLevel>1</nestedLevel>
  <escapedJava>false</escapedJava>
</record>
<record>
  <date>2026-09-15T06:26:32.616853Z</date>
  <millis>1789453592616</millis>
  <nanos>853000</nanos>
  <sequence>1420</sequence>
  <level>START</level>
  <class>com.kms.katalon.core.logging.XmlKeywordLogger</class>
  <method>startKeyword</method>
  <thread>1</thread>
  <message>Start action : if (test == null)</message>
  <nestedLevel>1</nestedLevel>
  <escapedJava>false</escapedJava>
  <property name="startLine">51</property>
  <property name="stepIndex">1</property>
</record>
<record>
  <date>2026-09-15T06:26:32.616853Z</date>
  <millis>1789453592616</millis>
  <nanos>853000</nanos>
  <sequence>1421</sequence>
  <level>END</level>
  <class>com.kms.katalon.core.logging.XmlKeywordLogger</class>
  <method>endKeyword</method>
  <thread>1</thread>
  <message>End action : if (test == null)</message>
  <nestedLevel>1</nestedLevel>
  <escapedJava>false</escapedJava>
</record>
<record>
  <date>2026-09-15T06:26:32.616853Z</date>
  <millis>1789453592616</millis>
  <nanos>853000</nanos>
  <sequence>1422</sequence>
  <level>START</level>
  <class>com.kms.katalon.core.logging.XmlKeywordLogger</class>
  <method>startKeyword</method>
  <thread>1</thread>
  <message>Start action : status = testCaseContext.getTestCaseStatus()</message>
  <nestedLevel>1</nestedLevel>
  <escapedJava>false</escapedJava>
  <property name="startLine">57</property>
  <property name="stepIndex">2</property>
</record>
<record>
  <date>2026-09-15T06:26:32.616853Z</date>
  <millis>1789453592616</millis>
  <nanos>853000</nanos>
  <sequence>1423</sequence>
  <level>END</level>
  <class>com.kms.katalon.core.logging.XmlKeywordLogger</class>
  <method>endKeyword</method>
  <thread>1</thread>
  <message>End action : status = testCaseContext.getTestCaseStatus()</message>
  <nestedLevel>1</nestedLevel>
  <escapedJava>false</escapedJava>
</record>
<record>
  <date>2026-09-15T06:26:32.616853Z</date>
  <millis>1789453592616</millis>
  <nanos>853000</nanos>
  <sequence>1424</sequence>
  <level>START</level>
  <class>com.kms.katalon.core.logging.XmlKeywordLogger</class>
  <method>startKeyword</method>
  <thread>1</thread>
  <message>Start action : if (status == &amp;quot;PASSED&amp;quot;)</message>
  <nestedLevel>1</nestedLevel>
  <escapedJava>false</escapedJava>
  <property name="startLine">60</property>
  <property name="stepIndex">3</property>
</record>
<record>
  <date>2026-09-15T06:26:32.616853Z</date>
  <millis>1789453592616</millis>
  <nanos>853000</nanos>
  <sequence>1425</sequence>
  <level>START</level>
  <class>com.kms.katalon.core.logging.XmlKeywordLogger</class>
  <method>startKeyword</method>
  <thread>1</thread>
  <message>Start action : test.pass(&amp;quot;Test Case PASSED&amp;quot;)</message>
  <nestedLevel>2</nestedLevel>
  <escapedJava>false</escapedJava>
  <property name="startLine">62</property>
  <property name="stepIndex">1</property>
</record>
<record>
  <date>2026-09-15T06:26:32.618037400Z</date>
  <millis>1789453592618</millis>
  <nanos>37400</nanos>
  <sequence>1426</sequence>
  <level>END</level>
  <class>com.kms.katalon.core.logging.XmlKeywordLogger</class>
  <method>endKeyword</method>
  <thread>1</thread>
  <message>End action : test.pass(&amp;quot;Test Case PASSED&amp;quot;)</message>
  <nestedLevel>2</nestedLevel>
  <escapedJava>false</escapedJava>
</record>
<record>
  <date>2026-09-15T06:26:32.618037400Z</date>
  <millis>1789453592618</millis>
  <nanos>37400</nanos>
  <sequence>1427</sequence>
  <level>END</level>
  <class>com.kms.katalon.core.logging.XmlKeywordLogger</class>
  <method>endKeyword</method>
  <thread>1</thread>
  <message>End action : if (status == &amp;quot;PASSED&amp;quot;)</message>
  <nestedLevel>1</nestedLevel>
  <escapedJava>false</escapedJava>
</record>
<record>
  <date>2026-09-15T06:26:32.618037400Z</date>
  <millis>1789453592618</millis>
  <nanos>37400</nanos>
  <sequence>1428</sequence>
  <level>START</level>
  <class>com.kms.katalon.core.logging.XmlKeywordLogger</class>
  <method>startKeyword</method>
  <thread>1</thread>
  <message>Start action : println(&amp;quot;Test Status : &amp;quot; + status)</message>
  <nestedLevel>1</nestedLevel>
  <escapedJava>false</escapedJava>
  <property name="startLine">73</property>
  <property name="stepIndex">6</property>
</record>
<record>
  <date>2026-09-15T06:26:32.619051500Z</date>
  <millis>1789453592619</millis>
  <nanos>51500</nanos>
  <sequence>1430</sequence>
  <level>END</level>
  <class>com.kms.katalon.core.logging.XmlKeywordLogger</class>
  <method>endKeyword</method>
  <thread>1</thread>
  <message>End action : println(&amp;quot;Test Status : &amp;quot; + status)</message>
  <nestedLevel>1</nestedLevel>
  <escapedJava>false</escapedJava>
</record>
<record>
  <date>2026-09-15T06:26:32.619051500Z</date>
  <millis>1789453592619</millis>
  <nanos>51500</nanos>
  <sequence>1431</sequence>
  <level>END</level>
  <class>com.kms.katalon.core.logging.XmlKeywordLogger</class>
  <method>endKeyword</method>
  <thread>1</thread>
  <message>End listener action : afterTestCase</message>
  <nestedLevel>1</nestedLevel>
  <escapedJava>false</escapedJava>
</record>
<record>
  <date>2026-09-15T06:26:32.620047900Z</date>
  <millis>1789453592620</millis>
  <nanos>47900</nanos>
  <sequence>1432</sequence>
  <level>START</level>
  <class>com.kms.katalon.core.logging.XmlKeywordLogger</class>
  <method>startKeyword</method>
  <thread>1</thread>
  <message>Start listener action : sampleAfterTestCase</message>
  <nestedLevel>1</nestedLevel>
  <escapedJava>false</escapedJava>
</record>
<record>
  <date>2026-09-15T06:26:32.620047900Z</date>
  <millis>1789453592620</millis>
  <nanos>47900</nanos>
  <sequence>1434</sequence>
  <level>START</level>
  <class>com.kms.katalon.core.logging.XmlKeywordLogger</class>
  <method>startKeyword</method>
  <thread>1</thread>
  <message>Start action : closeBrowser()</message>
  <nestedLevel>1</nestedLevel>
  <escapedJava>false</escapedJava>
  <property name="startLine">93</property>
  <property name="stepIndex">1</property>
</record>
<record>
  <date>2026-09-15T06:26:32.759955200Z</date>
  <millis>1789453592759</millis>
  <nanos>955200</nanos>
  <sequence>1437</sequence>
  <level>PASSED</level>
  <class>com.kms.katalon.core.logging.XmlKeywordLogger</class>
  <method>logMessage</method>
  <thread>1</thread>
  <message>Browser is closed</message>
  <nestedLevel>1</nestedLevel>
  <escapedJava>false</escapedJava>
  <property name="testops-method-name">com.kms.katalon.core.webui.keyword.builtin.CloseBrowserKeyword.closeBrowser</property>
  <property name="testops-execution-stacktrace"></property>
</record>
<record>
  <date>2026-09-15T06:26:32.760949400Z</date>
  <millis>1789453592760</millis>
  <nanos>949400</nanos>
  <sequence>1439</sequence>
  <level>END</level>
  <class>com.kms.katalon.core.logging.XmlKeywordLogger</class>
  <method>endKeyword</method>
  <thread>1</thread>
  <message>End action : closeBrowser()</message>
  <nestedLevel>1</nestedLevel>
  <escapedJava>false</escapedJava>
</record>
<record>
  <date>2026-09-15T06:26:32.760949400Z</date>
  <millis>1789453592760</millis>
  <nanos>949400</nanos>
  <sequence>1440</sequence>
  <level>END</level>
  <class>com.kms.katalon.core.logging.XmlKeywordLogger</class>
  <method>endKeyword</method>
  <thread>1</thread>
  <message>End listener action : sampleAfterTestCase</message>
  <nestedLevel>1</nestedLevel>
  <escapedJava>false</escapedJava>
</record>
<record>
  <date>2026-09-15T06:26:32.760949400Z</date>
  <millis>1789453592760</millis>
  <nanos>949400</nanos>
  <sequence>1441</sequence>
  <level>END</level>
  <class>com.kms.katalon.core.logging.XmlKeywordLogger</class>
  <method>endTest</method>
  <thread>1</thread>
  <message>End Test Case : Test Cases/Common_Test_case/Login/Forgotpassword/FP_ValidRegisteredMobileNo_TC_201</message>
  <nestedLevel>0</nestedLevel>
  <escapedJava>false</escapedJava>
  <property name="executionBindingVariables">[
  {
    &quot;value&quot;: &quot;7570877202&quot;,
    &quot;isDefault&quot;: false,
    &quot;name&quot;: &quot;MobileNo&quot;,
    &quot;masked&quot;: false
  },
  {
    &quot;value&quot;: &quot;Kanchan@#$1234&quot;,
    &quot;isDefault&quot;: false,
    &quot;name&quot;: &quot;Newpassword&quot;,
    &quot;masked&quot;: false
  },
  {
    &quot;value&quot;: &quot;Kanchan@#$1234&quot;,
    &quot;isDefault&quot;: false,
    &quot;name&quot;: &quot;Confirmpassword&quot;,
    &quot;masked&quot;: false
  }
]</property>
  <property name="applitools">false</property>
  <property name="executedKeywords">{
  &quot;WebUI.closeBrowser&quot;: 1,
  &quot;WebUI.maximizeWindow&quot;: 1,
  &quot;WebUI.waitForElementVisible&quot;: 2,
  &quot;WebUI.click&quot;: 4,
  &quot;WebUI.getText&quot;: 1,
  &quot;WebUI.navigateToUrl&quot;: 1,
  &quot;WebUI.openBrowser&quot;: 1,
  &quot;WebUI.setText&quot;: 7,
  &quot;WebUI.waitForElementClickable&quot;: 1
}</property>
  <property name="keywordsUsage">{
  &quot;web_ui&quot;: true,
  &quot;web_service&quot;: false,
  &quot;cucumber&quot;: false,
  &quot;builtin&quot;: false,
  &quot;mobile&quot;: false,
  &quot;windows&quot;: false,
  &quot;testng&quot;: false
}</property>
</record>
<record>
  <date>2026-09-15T06:26:32.768958100Z</date>
  <millis>1789453592768</millis>
  <nanos>958100</nanos>
  <sequence>1442</sequence>
  <level>START</level>
  <class>com.kms.katalon.core.logging.XmlKeywordLogger</class>
  <method>startTest</method>
  <thread>1</thread>
  <message>Start Test Case : Test Cases/Common_Test_case/Login/InvalidLogin/IL_BlankUsername_ValidPassword_TC_106</message>
  <nestedLevel>1</nestedLevel>
  <escapedJava>false</escapedJava>
  <property name="origin"></property>
  <property name="name">Test Cases/Common_Test_case/Login/InvalidLogin/IL_BlankUsername_ValidPassword_TC_106</property>
  <property name="description"></property>
  <property name="iteration"></property>
  <property name="id">Test Cases/Common_Test_case/Login/InvalidLogin/IL_BlankUsername_ValidPassword_TC_106</property>
  <property name="source">F:\SahiBnk Mitra DSB\Test Cases\Common_Test_case\Login\InvalidLogin\IL_BlankUsername_ValidPassword_TC_106.tc</property>
  <property name="tag"></property>
  <property name="isOptional">false</property>
  <property name="uuid">052b90cb-b10b-4732-b905-e2351d1037e4</property>
</record>
<record>
  <date>2026-09-15T06:26:32.773966700Z</date>
  <millis>1789453592773</millis>
  <nanos>966700</nanos>
  <sequence>1444</sequence>
  <level>INFO</level>
  <class>com.kms.katalon.core.logging.XmlKeywordLogger</class>
  <method>logMessage</method>
  <thread>1</thread>
  <message>appUrl = https://sahibnkmitraqc.banksekure.com/EKYCWeb/</message>
  <nestedLevel>1</nestedLevel>
  <escapedJava>false</escapedJava>
</record>
<record>
  <date>2026-09-15T06:26:32.774965900Z</date>
  <millis>1789453592774</millis>
  <nanos>965900</nanos>
  <sequence>1445</sequence>
  <level>INFO</level>
  <class>com.kms.katalon.core.logging.XmlKeywordLogger</class>
  <method>logMessage</method>
  <thread>1</thread>
  <message>(Default) Userid = </message>
  <nestedLevel>1</nestedLevel>
  <escapedJava>false</escapedJava>
</record>
<record>
  <date>2026-09-15T06:26:32.774965900Z</date>
  <millis>1789453592774</millis>
  <nanos>965900</nanos>
  <sequence>1446</sequence>
  <level>INFO</level>
  <class>com.kms.katalon.core.logging.XmlKeywordLogger</class>
  <method>logMessage</method>
  <thread>1</thread>
  <message>Password = E/nTi+Q24sDkSmJpzmCoHQ==</message>
  <nestedLevel>1</nestedLevel>
  <escapedJava>false</escapedJava>
</record>
<record>
  <date>2026-09-15T06:26:32.774965900Z</date>
  <millis>1789453592774</millis>
  <nanos>965900</nanos>
  <sequence>1447</sequence>
  <level>INFO</level>
  <class>com.kms.katalon.core.logging.XmlKeywordLogger</class>
  <method>logMessage</method>
  <thread>1</thread>
  <message>Captcha = i6Lvk9</message>
  <nestedLevel>1</nestedLevel>
  <escapedJava>false</escapedJava>
</record>
<record>
  <date>2026-09-15T06:26:32.774965900Z</date>
  <millis>1789453592774</millis>
  <nanos>965900</nanos>
  <sequence>1448</sequence>
  <level>RUN_DATA</level>
  <class>com.kms.katalon.core.logging.XmlKeywordLogger</class>
  <method>logMessage</method>
  <thread>1</thread>
  <message>executionBindingVariables = [
  {
    &amp;quot;value&amp;quot;: &amp;quot;https://sahibnkmitraqc.banksekure.com/EKYCWeb/&amp;quot;,
    &amp;quot;isDefault&amp;quot;: false,
    &amp;quot;name&amp;quot;: &amp;quot;appUrl&amp;quot;,
    &amp;quot;masked&amp;quot;: false
  },
  {
    &amp;quot;value&amp;quot;: &amp;quot;&amp;quot;,
    &amp;quot;isDefault&amp;quot;: true,
    &amp;quot;name&amp;quot;: &amp;quot;Userid&amp;quot;,
    &amp;quot;masked&amp;quot;: false
  },
  {
    &amp;quot;value&amp;quot;: &amp;quot;E/nTi+Q24sDkSmJpzmCoHQ\u003d\u003d&amp;quot;,
    &amp;quot;isDefault&amp;quot;: false,
    &amp;quot;name&amp;quot;: &amp;quot;Password&amp;quot;,
    &amp;quot;masked&amp;quot;: false
  },
  {
    &amp;quot;value&amp;quot;: &amp;quot;i6Lvk9&amp;quot;,
    &amp;quot;isDefault&amp;quot;: false,
    &amp;quot;name&amp;quot;: &amp;quot;Captcha&amp;quot;,
    &amp;quot;masked&amp;quot;: false
  }
]</message>
  <nestedLevel>1</nestedLevel>
  <escapedJava>false</escapedJava>
  <property name="executionBindingVariables">[
  {
    &quot;value&quot;: &quot;https://sahibnkmitraqc.banksekure.com/EKYCWeb/&quot;,
    &quot;isDefault&quot;: false,
    &quot;name&quot;: &quot;appUrl&quot;,
    &quot;masked&quot;: false
  },
  {
    &quot;value&quot;: &quot;&quot;,
    &quot;isDefault&quot;: true,
    &quot;name&quot;: &quot;Userid&quot;,
    &quot;masked&quot;: false
  },
  {
    &quot;value&quot;: &quot;E/nTi+Q24sDkSmJpzmCoHQ\u003d\u003d&quot;,
    &quot;isDefault&quot;: false,
    &quot;name&quot;: &quot;Password&quot;,
    &quot;masked&quot;: false
  },
  {
    &quot;value&quot;: &quot;i6Lvk9&quot;,
    &quot;isDefault&quot;: false,
    &quot;name&quot;: &quot;Captcha&quot;,
    &quot;masked&quot;: false
  }
]</property>
</record>
<record>
  <date>2026-09-15T06:26:32.774965900Z</date>
  <millis>1789453592774</millis>
  <nanos>965900</nanos>
  <sequence>1449</sequence>
  <level>START</level>
  <class>com.kms.katalon.core.logging.XmlKeywordLogger</class>
  <method>startKeyword</method>
  <thread>1</thread>
  <message>Start listener action : beforeTestCase</message>
  <nestedLevel>1</nestedLevel>
  <escapedJava>false</escapedJava>
</record>
<record>
  <date>2026-09-15T06:26:32.775967Z</date>
  <millis>1789453592775</millis>
  <nanos>967000</nanos>
  <sequence>1451</sequence>
  <level>START</level>
  <class>com.kms.katalon.core.logging.XmlKeywordLogger</class>
  <method>startKeyword</method>
  <thread>1</thread>
  <message>Start action : if (extent != null)</message>
  <nestedLevel>1</nestedLevel>
  <escapedJava>false</escapedJava>
  <property name="startLine">33</property>
  <property name="stepIndex">1</property>
</record>
<record>
  <date>2026-09-15T06:26:32.775967Z</date>
  <millis>1789453592775</millis>
  <nanos>967000</nanos>
  <sequence>1452</sequence>
  <level>START</level>
  <class>com.kms.katalon.core.logging.XmlKeywordLogger</class>
  <method>startKeyword</method>
  <thread>1</thread>
  <message>Start action : test = extent.createTest(testCaseContext.getTestCaseId())</message>
  <nestedLevel>2</nestedLevel>
  <escapedJava>false</escapedJava>
  <property name="startLine">35</property>
  <property name="stepIndex">1</property>
</record>
<record>
  <date>2026-09-15T06:26:32.775967Z</date>
  <millis>1789453592775</millis>
  <nanos>967000</nanos>
  <sequence>1453</sequence>
  <level>END</level>
  <class>com.kms.katalon.core.logging.XmlKeywordLogger</class>
  <method>endKeyword</method>
  <thread>1</thread>
  <message>End action : test = extent.createTest(testCaseContext.getTestCaseId())</message>
  <nestedLevel>2</nestedLevel>
  <escapedJava>false</escapedJava>
</record>
<record>
  <date>2026-09-15T06:26:32.775967Z</date>
  <millis>1789453592775</millis>
  <nanos>967000</nanos>
  <sequence>1454</sequence>
  <level>START</level>
  <class>com.kms.katalon.core.logging.XmlKeywordLogger</class>
  <method>startKeyword</method>
  <thread>1</thread>
  <message>Start action : println(&amp;quot;Test Created : &amp;quot; + testCaseContext.getTestCaseId())</message>
  <nestedLevel>2</nestedLevel>
  <escapedJava>false</escapedJava>
  <property name="startLine">39</property>
  <property name="stepIndex">2</property>
</record>
<record>
  <date>2026-09-15T06:26:32.775967Z</date>
  <millis>1789453592775</millis>
  <nanos>967000</nanos>
  <sequence>1456</sequence>
  <level>END</level>
  <class>com.kms.katalon.core.logging.XmlKeywordLogger</class>
  <method>endKeyword</method>
  <thread>1</thread>
  <message>End action : println(&amp;quot;Test Created : &amp;quot; + testCaseContext.getTestCaseId())</message>
  <nestedLevel>2</nestedLevel>
  <escapedJava>false</escapedJava>
</record>
<record>
  <date>2026-09-15T06:26:32.775967Z</date>
  <millis>1789453592775</millis>
  <nanos>967000</nanos>
  <sequence>1457</sequence>
  <level>END</level>
  <class>com.kms.katalon.core.logging.XmlKeywordLogger</class>
  <method>endKeyword</method>
  <thread>1</thread>
  <message>End action : if (extent != null)</message>
  <nestedLevel>1</nestedLevel>
  <escapedJava>false</escapedJava>
</record>
<record>
  <date>2026-09-15T06:26:32.776965300Z</date>
  <millis>1789453592776</millis>
  <nanos>965300</nanos>
  <sequence>1458</sequence>
  <level>END</level>
  <class>com.kms.katalon.core.logging.XmlKeywordLogger</class>
  <method>endKeyword</method>
  <thread>1</thread>
  <message>End listener action : beforeTestCase</message>
  <nestedLevel>1</nestedLevel>
  <escapedJava>false</escapedJava>
</record>
<record>
  <date>2026-09-15T06:26:32.776965300Z</date>
  <millis>1789453592776</millis>
  <nanos>965300</nanos>
  <sequence>1459</sequence>
  <level>START</level>
  <class>com.kms.katalon.core.logging.XmlKeywordLogger</class>
  <method>startKeyword</method>
  <thread>1</thread>
  <message>Start listener action : beforeTestCase</message>
  <nestedLevel>1</nestedLevel>
  <escapedJava>false</escapedJava>
</record>
<record>
  <date>2026-09-15T06:26:32.776965300Z</date>
  <millis>1789453592776</millis>
  <nanos>965300</nanos>
  <sequence>1461</sequence>
  <level>START</level>
  <class>com.kms.katalon.core.logging.XmlKeywordLogger</class>
  <method>startKeyword</method>
  <thread>1</thread>
  <message>Start action : tcName = testCaseContext.getTestCaseId()</message>
  <nestedLevel>1</nestedLevel>
  <escapedJava>false</escapedJava>
  <property name="startLine">34</property>
  <property name="stepIndex">1</property>
</record>
<record>
  <date>2026-09-15T06:26:32.776965300Z</date>
  <millis>1789453592776</millis>
  <nanos>965300</nanos>
  <sequence>1462</sequence>
  <level>END</level>
  <class>com.kms.katalon.core.logging.XmlKeywordLogger</class>
  <method>endKeyword</method>
  <thread>1</thread>
  <message>End action : tcName = testCaseContext.getTestCaseId()</message>
  <nestedLevel>1</nestedLevel>
  <escapedJava>false</escapedJava>
</record>
<record>
  <date>2026-09-15T06:26:32.776965300Z</date>
  <millis>1789453592776</millis>
  <nanos>965300</nanos>
  <sequence>1463</sequence>
  <level>START</level>
  <class>com.kms.katalon.core.logging.XmlKeywordLogger</class>
  <method>startKeyword</method>
  <thread>1</thread>
  <message>Start action : if (tcName.contains(&amp;quot;Test Cases/Common_Test_case/Login&amp;quot;) || tcName.contains(&amp;quot;Test Cases/Profile_status&amp;quot;))</message>
  <nestedLevel>1</nestedLevel>
  <escapedJava>false</escapedJava>
  <property name="startLine">37</property>
  <property name="stepIndex">2</property>
</record>
<record>
  <date>2026-09-15T06:26:32.776965300Z</date>
  <millis>1789453592776</millis>
  <nanos>965300</nanos>
  <sequence>1464</sequence>
  <level>START</level>
  <class>com.kms.katalon.core.logging.XmlKeywordLogger</class>
  <method>startKeyword</method>
  <thread>1</thread>
  <message>Start action : logInfo(&amp;quot;Login Module Detected - Listener Skipped&amp;quot;)</message>
  <nestedLevel>2</nestedLevel>
  <escapedJava>false</escapedJava>
  <property name="startLine">43</property>
  <property name="stepIndex">1</property>
</record>
<record>
  <date>2026-09-15T06:26:32.776965300Z</date>
  <millis>1789453592776</millis>
  <nanos>965300</nanos>
  <sequence>1465</sequence>
  <level>INFO</level>
  <class>com.kms.katalon.core.logging.XmlKeywordLogger</class>
  <method>logMessage</method>
  <thread>1</thread>
  <message>Login Module Detected - Listener Skipped</message>
  <nestedLevel>1</nestedLevel>
  <escapedJava>false</escapedJava>
</record>
<record>
  <date>2026-09-15T06:26:32.776965300Z</date>
  <millis>1789453592776</millis>
  <nanos>965300</nanos>
  <sequence>1466</sequence>
  <level>END</level>
  <class>com.kms.katalon.core.logging.XmlKeywordLogger</class>
  <method>endKeyword</method>
  <thread>1</thread>
  <message>End action : logInfo(&amp;quot;Login Module Detected - Listener Skipped&amp;quot;)</message>
  <nestedLevel>2</nestedLevel>
  <escapedJava>false</escapedJava>
</record>
<record>
  <date>2026-09-15T06:26:32.776965300Z</date>
  <millis>1789453592776</millis>
  <nanos>965300</nanos>
  <sequence>1467</sequence>
  <level>START</level>
  <class>com.kms.katalon.core.logging.XmlKeywordLogger</class>
  <method>startKeyword</method>
  <thread>1</thread>
  <message>Start action : return null</message>
  <nestedLevel>2</nestedLevel>
  <escapedJava>false</escapedJava>
  <property name="startLine">45</property>
  <property name="stepIndex">2</property>
</record>
<record>
  <date>2026-09-15T06:26:32.776965300Z</date>
  <millis>1789453592776</millis>
  <nanos>965300</nanos>
  <sequence>1469</sequence>
  <level>END</level>
  <class>com.kms.katalon.core.logging.XmlKeywordLogger</class>
  <method>endKeyword</method>
  <thread>1</thread>
  <message>End action : return null</message>
  <nestedLevel>2</nestedLevel>
  <escapedJava>false</escapedJava>
</record>
<record>
  <date>2026-09-15T06:26:32.778037600Z</date>
  <millis>1789453592778</millis>
  <nanos>37600</nanos>
  <sequence>1470</sequence>
  <level>END</level>
  <class>com.kms.katalon.core.logging.XmlKeywordLogger</class>
  <method>endKeyword</method>
  <thread>1</thread>
  <message>End action : if (tcName.contains(&amp;quot;Test Cases/Common_Test_case/Login&amp;quot;) || tcName.contains(&amp;quot;Test Cases/Profile_status&amp;quot;))</message>
  <nestedLevel>1</nestedLevel>
  <escapedJava>false</escapedJava>
</record>
<record>
  <date>2026-09-15T06:26:32.778037600Z</date>
  <millis>1789453592778</millis>
  <nanos>37600</nanos>
  <sequence>1471</sequence>
  <level>END</level>
  <class>com.kms.katalon.core.logging.XmlKeywordLogger</class>
  <method>endKeyword</method>
  <thread>1</thread>
  <message>End listener action : beforeTestCase</message>
  <nestedLevel>1</nestedLevel>
  <escapedJava>false</escapedJava>
</record>
<record>
  <date>2026-09-15T06:26:32.810789300Z</date>
  <millis>1789453592810</millis>
  <nanos>789300</nanos>
  <sequence>1472</sequence>
  <level>START</level>
  <class>com.kms.katalon.core.logging.XmlKeywordLogger</class>
  <method>startKeyword</method>
  <thread>1</thread>
  <message>Start action : openBrowser(&amp;quot;&amp;quot;)</message>
  <nestedLevel>1</nestedLevel>
  <escapedJava>false</escapedJava>
  <property name="startLine">21</property>
  <property name="stepIndex">1</property>
</record>
<record>
  <date>2026-09-15T06:26:32.811770200Z</date>
  <millis>1789453592811</millis>
  <nanos>770200</nanos>
  <sequence>1475</sequence>
  <level>INFO</level>
  <class>com.kms.katalon.core.logging.XmlKeywordLogger</class>
  <method>logMessage</method>
  <thread>1</thread>
  <message>Starting &amp;apos;Chrome&amp;apos; driver</message>
  <nestedLevel>1</nestedLevel>
  <escapedJava>false</escapedJava>
</record>
<record>
  <date>2026-09-15T06:26:32.811770200Z</date>
  <millis>1789453592811</millis>
  <nanos>770200</nanos>
  <sequence>1476</sequence>
  <level>INFO</level>
  <class>com.kms.katalon.core.logging.XmlKeywordLogger</class>
  <method>logMessage</method>
  <thread>1</thread>
  <message>Action delay is set to 0 milliseconds</message>
  <nestedLevel>1</nestedLevel>
  <escapedJava>false</escapedJava>
</record>
<record>
  <date>2026-09-15T06:26:33.470798800Z</date>
  <millis>1789453593470</millis>
  <nanos>798800</nanos>
  <sequence>1479</sequence>
  <level>RUN_DATA</level>
  <class>com.kms.katalon.core.logging.XmlKeywordLogger</class>
  <method>logMessage</method>
  <thread>1</thread>
  <message>sessionId = c440e0b36922e3f8c7b13304c9a1c1ff</message>
  <nestedLevel>1</nestedLevel>
  <escapedJava>false</escapedJava>
  <property name="sessionId">c440e0b36922e3f8c7b13304c9a1c1ff</property>
</record>
<record>
  <date>2026-09-15T06:26:33.470798800Z</date>
  <millis>1789453593470</millis>
  <nanos>798800</nanos>
  <sequence>1480</sequence>
  <level>RUN_DATA</level>
  <class>com.kms.katalon.core.logging.XmlKeywordLogger</class>
  <method>logMessage</method>
  <thread>1</thread>
  <message>browser = Chrome 152.0.7977.84</message>
  <nestedLevel>1</nestedLevel>
  <escapedJava>false</escapedJava>
  <property name="browser">Chrome 152.0.7977.84</property>
</record>
<record>
  <date>2026-09-15T06:26:33.470798800Z</date>
  <millis>1789453593470</millis>
  <nanos>798800</nanos>
  <sequence>1481</sequence>
  <level>RUN_DATA</level>
  <class>com.kms.katalon.core.logging.XmlKeywordLogger</class>
  <method>logMessage</method>
  <thread>1</thread>
  <message>platform = Windows 11</message>
  <nestedLevel>1</nestedLevel>
  <escapedJava>false</escapedJava>
  <property name="platform">Windows 11</property>
</record>
<record>
  <date>2026-09-15T06:26:33.470798800Z</date>
  <millis>1789453593470</millis>
  <nanos>798800</nanos>
  <sequence>1482</sequence>
  <level>RUN_DATA</level>
  <class>com.kms.katalon.core.logging.XmlKeywordLogger</class>
  <method>logMessage</method>
  <thread>1</thread>
  <message>seleniumVersion = 4.39.0</message>
  <nestedLevel>1</nestedLevel>
  <escapedJava>false</escapedJava>
  <property name="seleniumVersion">4.39.0</property>
</record>
<record>
  <date>2026-09-15T06:26:33.470798800Z</date>
  <millis>1789453593470</millis>
  <nanos>798800</nanos>
  <sequence>1483</sequence>
  <level>RUN_DATA</level>
  <class>com.kms.katalon.core.logging.XmlKeywordLogger</class>
  <method>logMessage</method>
  <thread>1</thread>
  <message>proxyInformation = ProxyInformation { proxyOption=NO_PROXY, proxyServerType=HTTP, username=, password=********, proxyServerAddress=, proxyServerPort=0, executionList=&amp;quot;&amp;quot;, isApplyToDesiredCapabilities=true }</message>
  <nestedLevel>1</nestedLevel>
  <escapedJava>false</escapedJava>
  <property name="proxyInformation">ProxyInformation { proxyOption=NO_PROXY, proxyServerType=HTTP, username=, password=********, proxyServerAddress=, proxyServerPort=0, executionList=&quot;&quot;, isApplyToDesiredCapabilities=true }</property>
</record>
<record>
  <date>2026-09-15T06:26:33.478822300Z</date>
  <millis>1789453593478</millis>
  <nanos>822300</nanos>
  <sequence>1484</sequence>
  <level>PASSED</level>
  <class>com.kms.katalon.core.logging.XmlKeywordLogger</class>
  <method>logMessage</method>
  <thread>1</thread>
  <message>Browser is opened with url: &amp;apos;&amp;apos;</message>
  <nestedLevel>1</nestedLevel>
  <escapedJava>false</escapedJava>
  <property name="testops-method-name">com.kms.katalon.core.webui.keyword.builtin.OpenBrowserKeyword.openBrowser</property>
  <property name="testops-execution-stacktrace"></property>
</record>
<record>
  <date>2026-09-15T06:26:33.478822300Z</date>
  <millis>1789453593478</millis>
  <nanos>822300</nanos>
  <sequence>1485</sequence>
  <level>END</level>
  <class>com.kms.katalon.core.logging.XmlKeywordLogger</class>
  <method>endKeyword</method>
  <thread>1</thread>
  <message>End action : openBrowser(&amp;quot;&amp;quot;)</message>
  <nestedLevel>1</nestedLevel>
  <escapedJava>false</escapedJava>
</record>
<record>
  <date>2026-09-15T06:26:33.478822300Z</date>
  <millis>1789453593478</millis>
  <nanos>822300</nanos>
  <sequence>1486</sequence>
  <level>START</level>
  <class>com.kms.katalon.core.logging.XmlKeywordLogger</class>
  <method>startKeyword</method>
  <thread>1</thread>
  <message>Start action : maximizeWindow()</message>
  <nestedLevel>1</nestedLevel>
  <escapedJava>false</escapedJava>
  <property name="startLine">22</property>
  <property name="stepIndex">2</property>
</record>
<record>
  <date>2026-09-15T06:26:33.513192100Z</date>
  <millis>1789453593513</millis>
  <nanos>192100</nanos>
  <sequence>1489</sequence>
  <level>PASSED</level>
  <class>com.kms.katalon.core.logging.XmlKeywordLogger</class>
  <method>logMessage</method>
  <thread>1</thread>
  <message>Current window maximized</message>
  <nestedLevel>1</nestedLevel>
  <escapedJava>false</escapedJava>
  <property name="testops-method-name">com.kms.katalon.core.webui.keyword.builtin.MaximizeWindowKeyword.maximizeWindow</property>
  <property name="testops-execution-stacktrace"></property>
</record>
<record>
  <date>2026-09-15T06:26:33.514220100Z</date>
  <millis>1789453593514</millis>
  <nanos>220100</nanos>
  <sequence>1490</sequence>
  <level>END</level>
  <class>com.kms.katalon.core.logging.XmlKeywordLogger</class>
  <method>endKeyword</method>
  <thread>1</thread>
  <message>End action : maximizeWindow()</message>
  <nestedLevel>1</nestedLevel>
  <escapedJava>false</escapedJava>
</record>
<record>
  <date>2026-09-15T06:26:33.514220100Z</date>
  <millis>1789453593514</millis>
  <nanos>220100</nanos>
  <sequence>1491</sequence>
  <level>START</level>
  <class>com.kms.katalon.core.logging.XmlKeywordLogger</class>
  <method>startKeyword</method>
  <thread>1</thread>
  <message>Start action : navigateToUrl(appUrl)</message>
  <nestedLevel>1</nestedLevel>
  <escapedJava>false</escapedJava>
  <property name="startLine">23</property>
  <property name="stepIndex">3</property>
</record>
<record>
  <date>2026-09-15T06:26:35.218688900Z</date>
  <millis>1789453595218</millis>
  <nanos>688900</nanos>
  <sequence>1495</sequence>
  <level>PASSED</level>
  <class>com.kms.katalon.core.logging.XmlKeywordLogger</class>
  <method>logMessage</method>
  <thread>1</thread>
  <message>Navigate to &amp;apos;https://sahibnkmitraqc.banksekure.com/EKYCWeb/&amp;apos; successfully</message>
  <nestedLevel>1</nestedLevel>
  <escapedJava>false</escapedJava>
  <property name="testops-method-name">com.kms.katalon.core.webui.keyword.builtin.NavigateToUrlKeyword.navigateToUrl</property>
  <property name="testops-execution-stacktrace"></property>
</record>
<record>
  <date>2026-09-15T06:26:35.219693900Z</date>
  <millis>1789453595219</millis>
  <nanos>693900</nanos>
  <sequence>1496</sequence>
  <level>END</level>
  <class>com.kms.katalon.core.logging.XmlKeywordLogger</class>
  <method>endKeyword</method>
  <thread>1</thread>
  <message>End action : navigateToUrl(appUrl)</message>
  <nestedLevel>1</nestedLevel>
  <escapedJava>false</escapedJava>
</record>
<record>
  <date>2026-09-15T06:26:35.219693900Z</date>
  <millis>1789453595219</millis>
  <nanos>693900</nanos>
  <sequence>1497</sequence>
  <level>START</level>
  <class>com.kms.katalon.core.logging.XmlKeywordLogger</class>
  <method>startKeyword</method>
  <thread>1</thread>
  <message>Start action : setText(findTestObject(&amp;quot;Agentstatusrepository/Page_Agent Management System/input_Enter User Name&amp;quot;), &amp;quot;&amp;quot;)</message>
  <nestedLevel>1</nestedLevel>
  <escapedJava>false</escapedJava>
  <property name="startLine">28</property>
  <property name="stepIndex">4</property>
</record>
<record>
  <date>2026-09-15T06:26:35.758713300Z</date>
  <millis>1789453595758</millis>
  <nanos>713300</nanos>
  <sequence>1511</sequence>
  <level>PASSED</level>
  <class>com.kms.katalon.core.logging.XmlKeywordLogger</class>
  <method>logMessage</method>
  <thread>1</thread>
  <message>Text &amp;apos;&amp;apos; is set on object &amp;apos;Object Repository/Agentstatusrepository/Page_Agent Management System/input_Enter User Name&amp;apos;</message>
  <nestedLevel>1</nestedLevel>
  <escapedJava>false</escapedJava>
  <property name="testops-method-name">com.kms.katalon.core.webui.keyword.internal.WebUIKeywordMain.runKeywordUntilTimeout</property>
  <property name="testops-execution-stacktrace">com.kms.katalon.core.logging.KeywordLogger.logPassed(KeywordLogger.java:351)
com.kms.katalon.core.logging.KeywordLogger.logPassed(KeywordLogger.java:346)
com.kms.katalon.core.webui.keyword.builtin.SetTextKeyword$_setText_closure1.doCall(SetTextKeyword.groovy:99)
java.base/jdk.internal.reflect.DirectMethodHandleAccessor.invoke(DirectMethodHandleAccessor.java:103)
jdk.proxy2/jdk.proxy2.$Proxy60.execute(Unknown Source)
com.kms.katalon.core.webui.model.SeleniumActionRetryController.performAction(SeleniumActionRetryController.java:96)
com.kms.katalon.core.webui.model.SeleniumActionRetryController.performAction(SeleniumActionRetryController.java:83)
com.kms.katalon.core.webui.keyword.internal.WebUIKeywordMain$_runKeywordUntilTimeout_closure1.doCall(WebUIKeywordMain.groovy:135)
com.kms.katalon.core.webui.keyword.internal.WebUIKeywordMain$_runKeywordUntilTimeout_closure1.call(WebUIKeywordMain.groovy)
com.kms.katalon.core.webui.keyword.internal.WebUIKeywordMain.runKeyword(WebUIKeywordMain.groovy:41)
com.kms.katalon.core.webui.keyword.internal.WebUIKeywordMain.runKeywordUntilTimeout(WebUIKeywordMain.groovy:133)
com.kms.katalon.core.webui.keyword.builtin.SetTextKeyword.setText(SetTextKeyword.groovy:106)
com.kms.katalon.core.webui.keyword.builtin.SetTextKeyword.execute(SetTextKeyword.groovy:49)
com.kms.katalon.core.keyword.internal.KeywordExecutor.executeKeywordForPlatform(KeywordExecutor.groovy:104)
com.kms.katalon.core.webui.keyword.WebUiBuiltInKeywords.setText(WebUiBuiltInKeywords.groovy:1082)
IL_BlankUsername_ValidPassword_TC_106.run(IL_BlankUsername_ValidPassword_TC_106:29)
</property>
</record>
<record>
  <date>2026-09-15T06:26:35.758713300Z</date>
  <millis>1789453595758</millis>
  <nanos>713300</nanos>
  <sequence>1512</sequence>
  <level>END</level>
  <class>com.kms.katalon.core.logging.XmlKeywordLogger</class>
  <method>endKeyword</method>
  <thread>1</thread>
  <message>End action : setText(findTestObject(&amp;quot;Agentstatusrepository/Page_Agent Management System/input_Enter User Name&amp;quot;), &amp;quot;&amp;quot;)</message>
  <nestedLevel>1</nestedLevel>
  <escapedJava>false</escapedJava>
</record>
<record>
  <date>2026-09-15T06:26:35.758713300Z</date>
  <millis>1789453595758</millis>
  <nanos>713300</nanos>
  <sequence>1513</sequence>
  <level>START</level>
  <class>com.kms.katalon.core.logging.XmlKeywordLogger</class>
  <method>startKeyword</method>
  <thread>1</thread>
  <message>Start action : setEncryptedText(findTestObject(&amp;quot;Agentstatusrepository/Page_Agent Management System/input_Enter Password&amp;quot;), Password)</message>
  <nestedLevel>1</nestedLevel>
  <escapedJava>false</escapedJava>
  <property name="startLine">34</property>
  <property name="stepIndex">5</property>
</record>
<record>
  <date>2026-09-15T06:26:36.043927100Z</date>
  <millis>1789453596043</millis>
  <nanos>927100</nanos>
  <sequence>1526</sequence>
  <level>PASSED</level>
  <class>com.kms.katalon.core.logging.XmlKeywordLogger</class>
  <method>logMessage</method>
  <thread>1</thread>
  <message>Text ****** has been set on object &amp;apos;Object Repository/Agentstatusrepository/Page_Agent Management System/input_Enter Password&amp;apos;</message>
  <nestedLevel>1</nestedLevel>
  <escapedJava>false</escapedJava>
  <property name="testops-method-name">com.kms.katalon.core.webui.keyword.internal.WebUIKeywordMain.runKeywordUntilTimeout</property>
  <property name="testops-execution-stacktrace">com.kms.katalon.core.logging.KeywordLogger.logPassed(KeywordLogger.java:351)
com.kms.katalon.core.logging.KeywordLogger.logPassed(KeywordLogger.java:346)
com.kms.katalon.core.webui.keyword.builtin.SetEncryptedTextKeyword$_setEncryptedText_closure1.doCall(SetEncryptedTextKeyword.groovy:82)
java.base/jdk.internal.reflect.DirectMethodHandleAccessor.invoke(DirectMethodHandleAccessor.java:103)
jdk.proxy2/jdk.proxy2.$Proxy60.execute(Unknown Source)
com.kms.katalon.core.webui.model.SeleniumActionRetryController.performAction(SeleniumActionRetryController.java:96)
com.kms.katalon.core.webui.model.SeleniumActionRetryController.performAction(SeleniumActionRetryController.java:83)
com.kms.katalon.core.webui.keyword.internal.WebUIKeywordMain$_runKeywordUntilTimeout_closure1.doCall(WebUIKeywordMain.groovy:135)
com.kms.katalon.core.webui.keyword.internal.WebUIKeywordMain$_runKeywordUntilTimeout_closure1.call(WebUIKeywordMain.groovy)
com.kms.katalon.core.webui.keyword.internal.WebUIKeywordMain.runKeyword(WebUIKeywordMain.groovy:41)
com.kms.katalon.core.webui.keyword.internal.WebUIKeywordMain.runKeywordUntilTimeout(WebUIKeywordMain.groovy:133)
com.kms.katalon.core.webui.keyword.builtin.SetEncryptedTextKeyword.setEncryptedText(SetEncryptedTextKeyword.groovy:88)
com.kms.katalon.core.webui.keyword.builtin.SetEncryptedTextKeyword.execute(SetEncryptedTextKeyword.groovy:48)
com.kms.katalon.core.keyword.internal.KeywordExecutor.executeKeywordForPlatform(KeywordExecutor.groovy:104)
com.kms.katalon.core.webui.keyword.WebUiBuiltInKeywords.setEncryptedText(WebUiBuiltInKeywords.groovy:1113)
IL_BlankUsername_ValidPassword_TC_106.run(IL_BlankUsername_ValidPassword_TC_106:35)
</property>
</record>
<record>
  <date>2026-09-15T06:26:36.044927700Z</date>
  <millis>1789453596044</millis>
  <nanos>927700</nanos>
  <sequence>1527</sequence>
  <level>END</level>
  <class>com.kms.katalon.core.logging.XmlKeywordLogger</class>
  <method>endKeyword</method>
  <thread>1</thread>
  <message>End action : setEncryptedText(findTestObject(&amp;quot;Agentstatusrepository/Page_Agent Management System/input_Enter Password&amp;quot;), Password)</message>
  <nestedLevel>1</nestedLevel>
  <escapedJava>false</escapedJava>
</record>
<record>
  <date>2026-09-15T06:26:36.044927700Z</date>
  <millis>1789453596044</millis>
  <nanos>927700</nanos>
  <sequence>1528</sequence>
  <level>START</level>
  <class>com.kms.katalon.core.logging.XmlKeywordLogger</class>
  <method>startKeyword</method>
  <thread>1</thread>
  <message>Start action : setText(findTestObject(&amp;quot;Agentstatusrepository/Page_Agent Management System/input_Enter Captcha&amp;quot;), Captcha)</message>
  <nestedLevel>1</nestedLevel>
  <escapedJava>false</escapedJava>
  <property name="startLine">40</property>
  <property name="stepIndex">6</property>
</record>
<record>
  <date>2026-09-15T06:26:36.601995200Z</date>
  <millis>1789453596601</millis>
  <nanos>995200</nanos>
  <sequence>1542</sequence>
  <level>PASSED</level>
  <class>com.kms.katalon.core.logging.XmlKeywordLogger</class>
  <method>logMessage</method>
  <thread>1</thread>
  <message>Text &amp;apos;i6Lvk9&amp;apos; is set on object &amp;apos;Object Repository/Agentstatusrepository/Page_Agent Management System/input_Enter Captcha&amp;apos;</message>
  <nestedLevel>1</nestedLevel>
  <escapedJava>false</escapedJava>
  <property name="testops-method-name">com.kms.katalon.core.webui.keyword.internal.WebUIKeywordMain.runKeywordUntilTimeout</property>
  <property name="testops-execution-stacktrace">com.kms.katalon.core.logging.KeywordLogger.logPassed(KeywordLogger.java:351)
com.kms.katalon.core.logging.KeywordLogger.logPassed(KeywordLogger.java:346)
com.kms.katalon.core.webui.keyword.builtin.SetTextKeyword$_setText_closure1.doCall(SetTextKeyword.groovy:99)
java.base/jdk.internal.reflect.DirectMethodHandleAccessor.invoke(DirectMethodHandleAccessor.java:103)
jdk.proxy2/jdk.proxy2.$Proxy60.execute(Unknown Source)
com.kms.katalon.core.webui.model.SeleniumActionRetryController.performAction(SeleniumActionRetryController.java:96)
com.kms.katalon.core.webui.model.SeleniumActionRetryController.performAction(SeleniumActionRetryController.java:83)
com.kms.katalon.core.webui.keyword.internal.WebUIKeywordMain$_runKeywordUntilTimeout_closure1.doCall(WebUIKeywordMain.groovy:135)
com.kms.katalon.core.webui.keyword.internal.WebUIKeywordMain$_runKeywordUntilTimeout_closure1.call(WebUIKeywordMain.groovy)
com.kms.katalon.core.webui.keyword.internal.WebUIKeywordMain.runKeyword(WebUIKeywordMain.groovy:41)
com.kms.katalon.core.webui.keyword.internal.WebUIKeywordMain.runKeywordUntilTimeout(WebUIKeywordMain.groovy:133)
com.kms.katalon.core.webui.keyword.builtin.SetTextKeyword.setText(SetTextKeyword.groovy:106)
com.kms.katalon.core.webui.keyword.builtin.SetTextKeyword.execute(SetTextKeyword.groovy:49)
com.kms.katalon.core.keyword.internal.KeywordExecutor.executeKeywordForPlatform(KeywordExecutor.groovy:104)
com.kms.katalon.core.webui.keyword.WebUiBuiltInKeywords.setText(WebUiBuiltInKeywords.groovy:1082)
IL_BlankUsername_ValidPassword_TC_106.run(IL_BlankUsername_ValidPassword_TC_106:41)
</property>
</record>
<record>
  <date>2026-09-15T06:26:36.601995200Z</date>
  <millis>1789453596601</millis>
  <nanos>995200</nanos>
  <sequence>1543</sequence>
  <level>END</level>
  <class>com.kms.katalon.core.logging.XmlKeywordLogger</class>
  <method>endKeyword</method>
  <thread>1</thread>
  <message>End action : setText(findTestObject(&amp;quot;Agentstatusrepository/Page_Agent Management System/input_Enter Captcha&amp;quot;), Captcha)</message>
  <nestedLevel>1</nestedLevel>
  <escapedJava>false</escapedJava>
</record>
<record>
  <date>2026-09-15T06:26:36.601995200Z</date>
  <millis>1789453596601</millis>
  <nanos>995200</nanos>
  <sequence>1544</sequence>
  <level>START</level>
  <class>com.kms.katalon.core.logging.XmlKeywordLogger</class>
  <method>startKeyword</method>
  <thread>1</thread>
  <message>Start action : click(findTestObject(&amp;quot;Agentstatusrepository/Page_Agent Management System/input_submit&amp;quot;))</message>
  <nestedLevel>1</nestedLevel>
  <escapedJava>false</escapedJava>
  <property name="startLine">46</property>
  <property name="stepIndex">7</property>
</record>
<record>
  <date>2026-09-15T06:26:36.892170800Z</date>
  <millis>1789453596892</millis>
  <nanos>170800</nanos>
  <sequence>1555</sequence>
  <level>PASSED</level>
  <class>com.kms.katalon.core.logging.XmlKeywordLogger</class>
  <method>logMessage</method>
  <thread>1</thread>
  <message>Object: &amp;apos;Object Repository/Agentstatusrepository/Page_Agent Management System/input_submit&amp;apos; is clicked on</message>
  <nestedLevel>1</nestedLevel>
  <escapedJava>false</escapedJava>
  <property name="testops-method-name">com.kms.katalon.core.webui.keyword.internal.WebUIKeywordMain.runKeywordUntilTimeout</property>
  <property name="testops-execution-stacktrace">com.kms.katalon.core.logging.KeywordLogger.logPassed(KeywordLogger.java:351)
com.kms.katalon.core.logging.KeywordLogger.logPassed(KeywordLogger.java:346)
com.kms.katalon.core.webui.keyword.builtin.ClickKeyword$_click_closure1.doCall(ClickKeyword.groovy:66)
java.base/jdk.internal.reflect.DirectMethodHandleAccessor.invoke(DirectMethodHandleAccessor.java:103)
jdk.proxy2/jdk.proxy2.$Proxy60.execute(Unknown Source)
com.kms.katalon.core.webui.model.SeleniumActionRetryController.performAction(SeleniumActionRetryController.java:96)
com.kms.katalon.core.webui.model.SeleniumActionRetryController.performAction(SeleniumActionRetryController.java:83)
com.kms.katalon.core.webui.keyword.internal.WebUIKeywordMain$_runKeywordUntilTimeout_closure1.doCall(WebUIKeywordMain.groovy:135)
com.kms.katalon.core.webui.keyword.internal.WebUIKeywordMain$_runKeywordUntilTimeout_closure1.call(WebUIKeywordMain.groovy)
com.kms.katalon.core.webui.keyword.internal.WebUIKeywordMain.runKeyword(WebUIKeywordMain.groovy:41)
com.kms.katalon.core.webui.keyword.internal.WebUIKeywordMain.runKeywordUntilTimeout(WebUIKeywordMain.groovy:133)
com.kms.katalon.core.webui.keyword.builtin.ClickKeyword.click(ClickKeyword.groovy:72)
com.kms.katalon.core.webui.keyword.builtin.ClickKeyword.execute(ClickKeyword.groovy:38)
com.kms.katalon.core.keyword.internal.KeywordExecutor.executeKeywordForPlatform(KeywordExecutor.groovy:104)
com.kms.katalon.core.webui.keyword.WebUiBuiltInKeywords.click(WebUiBuiltInKeywords.groovy:722)
IL_BlankUsername_ValidPassword_TC_106.run(IL_BlankUsername_ValidPassword_TC_106:47)
</property>
</record>
<record>
  <date>2026-09-15T06:26:36.893169600Z</date>
  <millis>1789453596893</millis>
  <nanos>169600</nanos>
  <sequence>1556</sequence>
  <level>END</level>
  <class>com.kms.katalon.core.logging.XmlKeywordLogger</class>
  <method>endKeyword</method>
  <thread>1</thread>
  <message>End action : click(findTestObject(&amp;quot;Agentstatusrepository/Page_Agent Management System/input_submit&amp;quot;))</message>
  <nestedLevel>1</nestedLevel>
  <escapedJava>false</escapedJava>
</record>
<record>
  <date>2026-09-15T06:26:36.893169600Z</date>
  <millis>1789453596893</millis>
  <nanos>169600</nanos>
  <sequence>1557</sequence>
  <level>START</level>
  <class>com.kms.katalon.core.logging.XmlKeywordLogger</class>
  <method>startKeyword</method>
  <thread>1</thread>
  <message>Start action : expectedAlert = &amp;quot;Please enter UserName&amp;quot;</message>
  <nestedLevel>1</nestedLevel>
  <escapedJava>false</escapedJava>
  <property name="startLine">51</property>
  <property name="stepIndex">8</property>
</record>
<record>
  <date>2026-09-15T06:26:36.894168300Z</date>
  <millis>1789453596894</millis>
  <nanos>168300</nanos>
  <sequence>1558</sequence>
  <level>END</level>
  <class>com.kms.katalon.core.logging.XmlKeywordLogger</class>
  <method>endKeyword</method>
  <thread>1</thread>
  <message>End action : expectedAlert = &amp;quot;Please enter UserName&amp;quot;</message>
  <nestedLevel>1</nestedLevel>
  <escapedJava>false</escapedJava>
</record>
<record>
  <date>2026-09-15T06:26:36.894168300Z</date>
  <millis>1789453596894</millis>
  <nanos>168300</nanos>
  <sequence>1559</sequence>
  <level>START</level>
  <class>com.kms.katalon.core.logging.XmlKeywordLogger</class>
  <method>startKeyword</method>
  <thread>1</thread>
  <message>Start action : alertMessage = getAlertText()</message>
  <nestedLevel>1</nestedLevel>
  <escapedJava>false</escapedJava>
  <property name="startLine">52</property>
  <property name="stepIndex">9</property>
</record>
<record>
  <date>2026-09-15T06:26:36.912049400Z</date>
  <millis>1789453596912</millis>
  <nanos>49400</nanos>
  <sequence>1562</sequence>
  <level>PASSED</level>
  <class>com.kms.katalon.core.logging.XmlKeywordLogger</class>
  <method>logMessage</method>
  <thread>1</thread>
  <message>Get alert text successfully: &amp;apos;Please enter UserName&amp;apos;</message>
  <nestedLevel>1</nestedLevel>
  <escapedJava>false</escapedJava>
  <property name="testops-method-name">com.kms.katalon.core.webui.keyword.builtin.GetAlertTextKeyword.getAlertText</property>
  <property name="testops-execution-stacktrace"></property>
</record>
<record>
  <date>2026-09-15T06:26:36.913046600Z</date>
  <millis>1789453596913</millis>
  <nanos>46600</nanos>
  <sequence>1563</sequence>
  <level>END</level>
  <class>com.kms.katalon.core.logging.XmlKeywordLogger</class>
  <method>endKeyword</method>
  <thread>1</thread>
  <message>End action : alertMessage = getAlertText()</message>
  <nestedLevel>1</nestedLevel>
  <escapedJava>false</escapedJava>
</record>
<record>
  <date>2026-09-15T06:26:36.913046600Z</date>
  <millis>1789453596913</millis>
  <nanos>46600</nanos>
  <sequence>1564</sequence>
  <level>START</level>
  <class>com.kms.katalon.core.logging.XmlKeywordLogger</class>
  <method>startKeyword</method>
  <thread>1</thread>
  <message>Start action : logInfo(&amp;quot;Alert Message: &amp;quot; + alertMessage)</message>
  <nestedLevel>1</nestedLevel>
  <escapedJava>false</escapedJava>
  <property name="startLine">54</property>
  <property name="stepIndex">10</property>
</record>
<record>
  <date>2026-09-15T06:26:36.913046600Z</date>
  <millis>1789453596913</millis>
  <nanos>46600</nanos>
  <sequence>1565</sequence>
  <level>INFO</level>
  <class>com.kms.katalon.core.logging.XmlKeywordLogger</class>
  <method>logMessage</method>
  <thread>1</thread>
  <message>Alert Message: Please enter UserName</message>
  <nestedLevel>1</nestedLevel>
  <escapedJava>false</escapedJava>
</record>
<record>
  <date>2026-09-15T06:26:36.913046600Z</date>
  <millis>1789453596913</millis>
  <nanos>46600</nanos>
  <sequence>1566</sequence>
  <level>END</level>
  <class>com.kms.katalon.core.logging.XmlKeywordLogger</class>
  <method>endKeyword</method>
  <thread>1</thread>
  <message>End action : logInfo(&amp;quot;Alert Message: &amp;quot; + alertMessage)</message>
  <nestedLevel>1</nestedLevel>
  <escapedJava>false</escapedJava>
</record>
<record>
  <date>2026-09-15T06:26:36.914046700Z</date>
  <millis>1789453596914</millis>
  <nanos>46700</nanos>
  <sequence>1567</sequence>
  <level>START</level>
  <class>com.kms.katalon.core.logging.XmlKeywordLogger</class>
  <method>startKeyword</method>
  <thread>1</thread>
  <message>Start action : if (alertMessage.equalsIgnoreCase(expectedAlert))</message>
  <nestedLevel>1</nestedLevel>
  <escapedJava>false</escapedJava>
  <property name="startLine">56</property>
  <property name="stepIndex">11</property>
</record>
<record>
  <date>2026-09-15T06:26:36.914046700Z</date>
  <millis>1789453596914</millis>
  <nanos>46700</nanos>
  <sequence>1568</sequence>
  <level>START</level>
  <class>com.kms.katalon.core.logging.XmlKeywordLogger</class>
  <method>startKeyword</method>
  <thread>1</thread>
  <message>Start action : logInfo(&amp;quot;Validation Passed&amp;quot;)</message>
  <nestedLevel>2</nestedLevel>
  <escapedJava>false</escapedJava>
  <property name="startLine">57</property>
  <property name="stepIndex">1</property>
</record>
<record>
  <date>2026-09-15T06:26:36.914046700Z</date>
  <millis>1789453596914</millis>
  <nanos>46700</nanos>
  <sequence>1569</sequence>
  <level>INFO</level>
  <class>com.kms.katalon.core.logging.XmlKeywordLogger</class>
  <method>logMessage</method>
  <thread>1</thread>
  <message>Validation Passed</message>
  <nestedLevel>1</nestedLevel>
  <escapedJava>false</escapedJava>
</record>
<record>
  <date>2026-09-15T06:26:36.915045100Z</date>
  <millis>1789453596915</millis>
  <nanos>45100</nanos>
  <sequence>1570</sequence>
  <level>END</level>
  <class>com.kms.katalon.core.logging.XmlKeywordLogger</class>
  <method>endKeyword</method>
  <thread>1</thread>
  <message>End action : logInfo(&amp;quot;Validation Passed&amp;quot;)</message>
  <nestedLevel>2</nestedLevel>
  <escapedJava>false</escapedJava>
</record>
<record>
  <date>2026-09-15T06:26:36.915045100Z</date>
  <millis>1789453596915</millis>
  <nanos>45100</nanos>
  <sequence>1571</sequence>
  <level>END</level>
  <class>com.kms.katalon.core.logging.XmlKeywordLogger</class>
  <method>endKeyword</method>
  <thread>1</thread>
  <message>End action : if (alertMessage.equalsIgnoreCase(expectedAlert))</message>
  <nestedLevel>1</nestedLevel>
  <escapedJava>false</escapedJava>
</record>
<record>
  <date>2026-09-15T06:26:36.915045100Z</date>
  <millis>1789453596915</millis>
  <nanos>45100</nanos>
  <sequence>1572</sequence>
  <level>START</level>
  <class>com.kms.katalon.core.logging.XmlKeywordLogger</class>
  <method>startKeyword</method>
  <thread>1</thread>
  <message>Start action : closeBrowser()</message>
  <nestedLevel>1</nestedLevel>
  <escapedJava>false</escapedJava>
  <property name="startLine">62</property>
  <property name="stepIndex">13</property>
</record>
<record>
  <date>2026-09-15T06:26:37.030118700Z</date>
  <millis>1789453597030</millis>
  <nanos>118700</nanos>
  <sequence>1575</sequence>
  <level>PASSED</level>
  <class>com.kms.katalon.core.logging.XmlKeywordLogger</class>
  <method>logMessage</method>
  <thread>1</thread>
  <message>Browser is closed</message>
  <nestedLevel>1</nestedLevel>
  <escapedJava>false</escapedJava>
  <property name="testops-method-name">com.kms.katalon.core.webui.keyword.builtin.CloseBrowserKeyword.closeBrowser</property>
  <property name="testops-execution-stacktrace"></property>
</record>
<record>
  <date>2026-09-15T06:26:37.031118600Z</date>
  <millis>1789453597031</millis>
  <nanos>118600</nanos>
  <sequence>1576</sequence>
  <level>END</level>
  <class>com.kms.katalon.core.logging.XmlKeywordLogger</class>
  <method>endKeyword</method>
  <thread>1</thread>
  <message>End action : closeBrowser()</message>
  <nestedLevel>1</nestedLevel>
  <escapedJava>false</escapedJava>
</record>
<record>
  <date>2026-09-15T06:26:37.031118600Z</date>
  <millis>1789453597031</millis>
  <nanos>118600</nanos>
  <sequence>1577</sequence>
  <level>START</level>
  <class>com.kms.katalon.core.logging.XmlKeywordLogger</class>
  <method>startKeyword</method>
  <thread>1</thread>
  <message>Start action : if (alertMessage.equalsIgnoreCase(expectedAlert))</message>
  <nestedLevel>1</nestedLevel>
  <escapedJava>false</escapedJava>
  <property name="startLine">66</property>
  <property name="stepIndex">14</property>
</record>
<record>
  <date>2026-09-15T06:26:37.031118600Z</date>
  <millis>1789453597031</millis>
  <nanos>118600</nanos>
  <sequence>1578</sequence>
  <level>START</level>
  <class>com.kms.katalon.core.logging.XmlKeywordLogger</class>
  <method>startKeyword</method>
  <thread>1</thread>
  <message>Start action : markPassed(&amp;quot;Validation Passed - Alert message is correct&amp;quot;)</message>
  <nestedLevel>2</nestedLevel>
  <escapedJava>false</escapedJava>
  <property name="startLine">67</property>
  <property name="stepIndex">1</property>
</record>
<record>
  <date>2026-09-15T06:26:37.032118200Z</date>
  <millis>1789453597032</millis>
  <nanos>118200</nanos>
  <sequence>1580</sequence>
  <level>PASSED</level>
  <class>com.kms.katalon.core.logging.XmlKeywordLogger</class>
  <method>logMessage</method>
  <thread>1</thread>
  <message>Validation Passed - Alert message is correct</message>
  <nestedLevel>1</nestedLevel>
  <escapedJava>false</escapedJava>
  <property name="testops-execution-stacktrace">com.kms.katalon.core.logging.KeywordLogger.logPassed(KeywordLogger.java:351)
com.kms.katalon.core.logging.KeywordLogger.logPassed(KeywordLogger.java:346)
com.kms.katalon.core.util.KeywordUtil.markPassed(KeywordUtil.java:58)
IL_BlankUsername_ValidPassword_TC_106.run(IL_BlankUsername_ValidPassword_TC_106:67)
</property>
</record>
<record>
  <date>2026-09-15T06:26:37.032118200Z</date>
  <millis>1789453597032</millis>
  <nanos>118200</nanos>
  <sequence>1581</sequence>
  <level>END</level>
  <class>com.kms.katalon.core.logging.XmlKeywordLogger</class>
  <method>endKeyword</method>
  <thread>1</thread>
  <message>End action : markPassed(&amp;quot;Validation Passed - Alert message is correct&amp;quot;)</message>
  <nestedLevel>2</nestedLevel>
  <escapedJava>false</escapedJava>
</record>
<record>
  <date>2026-09-15T06:26:37.032118200Z</date>
  <millis>1789453597032</millis>
  <nanos>118200</nanos>
  <sequence>1582</sequence>
  <level>END</level>
  <class>com.kms.katalon.core.logging.XmlKeywordLogger</class>
  <method>endKeyword</method>
  <thread>1</thread>
  <message>End action : if (alertMessage.equalsIgnoreCase(expectedAlert))</message>
  <nestedLevel>1</nestedLevel>
  <escapedJava>false</escapedJava>
</record>
<record>
  <date>2026-09-15T06:26:37.032118200Z</date>
  <millis>1789453597032</millis>
  <nanos>118200</nanos>
  <sequence>1583</sequence>
  <level>PASSED</level>
  <class>com.kms.katalon.core.logging.XmlKeywordLogger</class>
  <method>logMessage</method>
  <thread>1</thread>
  <message>Test Cases/Common_Test_case/Login/InvalidLogin/IL_BlankUsername_ValidPassword_TC_106</message>
  <nestedLevel>1</nestedLevel>
  <escapedJava>false</escapedJava>
</record>
<record>
  <date>2026-09-15T06:26:37.032118200Z</date>
  <millis>1789453597032</millis>
  <nanos>118200</nanos>
  <sequence>1584</sequence>
  <level>START</level>
  <class>com.kms.katalon.core.logging.XmlKeywordLogger</class>
  <method>startKeyword</method>
  <thread>1</thread>
  <message>Start listener action : afterTestCase</message>
  <nestedLevel>1</nestedLevel>
  <escapedJava>false</escapedJava>
</record>
<record>
  <date>2026-09-15T06:26:37.033118700Z</date>
  <millis>1789453597033</millis>
  <nanos>118700</nanos>
  <sequence>1586</sequence>
  <level>START</level>
  <class>com.kms.katalon.core.logging.XmlKeywordLogger</class>
  <method>startKeyword</method>
  <thread>1</thread>
  <message>Start action : if (test == null)</message>
  <nestedLevel>1</nestedLevel>
  <escapedJava>false</escapedJava>
  <property name="startLine">51</property>
  <property name="stepIndex">1</property>
</record>
<record>
  <date>2026-09-15T06:26:37.033118700Z</date>
  <millis>1789453597033</millis>
  <nanos>118700</nanos>
  <sequence>1587</sequence>
  <level>END</level>
  <class>com.kms.katalon.core.logging.XmlKeywordLogger</class>
  <method>endKeyword</method>
  <thread>1</thread>
  <message>End action : if (test == null)</message>
  <nestedLevel>1</nestedLevel>
  <escapedJava>false</escapedJava>
</record>
<record>
  <date>2026-09-15T06:26:37.033118700Z</date>
  <millis>1789453597033</millis>
  <nanos>118700</nanos>
  <sequence>1588</sequence>
  <level>START</level>
  <class>com.kms.katalon.core.logging.XmlKeywordLogger</class>
  <method>startKeyword</method>
  <thread>1</thread>
  <message>Start action : status = testCaseContext.getTestCaseStatus()</message>
  <nestedLevel>1</nestedLevel>
  <escapedJava>false</escapedJava>
  <property name="startLine">57</property>
  <property name="stepIndex">2</property>
</record>
<record>
  <date>2026-09-15T06:26:37.033118700Z</date>
  <millis>1789453597033</millis>
  <nanos>118700</nanos>
  <sequence>1589</sequence>
  <level>END</level>
  <class>com.kms.katalon.core.logging.XmlKeywordLogger</class>
  <method>endKeyword</method>
  <thread>1</thread>
  <message>End action : status = testCaseContext.getTestCaseStatus()</message>
  <nestedLevel>1</nestedLevel>
  <escapedJava>false</escapedJava>
</record>
<record>
  <date>2026-09-15T06:26:37.033118700Z</date>
  <millis>1789453597033</millis>
  <nanos>118700</nanos>
  <sequence>1590</sequence>
  <level>START</level>
  <class>com.kms.katalon.core.logging.XmlKeywordLogger</class>
  <method>startKeyword</method>
  <thread>1</thread>
  <message>Start action : if (status == &amp;quot;PASSED&amp;quot;)</message>
  <nestedLevel>1</nestedLevel>
  <escapedJava>false</escapedJava>
  <property name="startLine">60</property>
  <property name="stepIndex">3</property>
</record>
<record>
  <date>2026-09-15T06:26:37.033118700Z</date>
  <millis>1789453597033</millis>
  <nanos>118700</nanos>
  <sequence>1591</sequence>
  <level>START</level>
  <class>com.kms.katalon.core.logging.XmlKeywordLogger</class>
  <method>startKeyword</method>
  <thread>1</thread>
  <message>Start action : test.pass(&amp;quot;Test Case PASSED&amp;quot;)</message>
  <nestedLevel>2</nestedLevel>
  <escapedJava>false</escapedJava>
  <property name="startLine">62</property>
  <property name="stepIndex">1</property>
</record>
<record>
  <date>2026-09-15T06:26:37.033118700Z</date>
  <millis>1789453597033</millis>
  <nanos>118700</nanos>
  <sequence>1592</sequence>
  <level>END</level>
  <class>com.kms.katalon.core.logging.XmlKeywordLogger</class>
  <method>endKeyword</method>
  <thread>1</thread>
  <message>End action : test.pass(&amp;quot;Test Case PASSED&amp;quot;)</message>
  <nestedLevel>2</nestedLevel>
  <escapedJava>false</escapedJava>
</record>
<record>
  <date>2026-09-15T06:26:37.033118700Z</date>
  <millis>1789453597033</millis>
  <nanos>118700</nanos>
  <sequence>1593</sequence>
  <level>END</level>
  <class>com.kms.katalon.core.logging.XmlKeywordLogger</class>
  <method>endKeyword</method>
  <thread>1</thread>
  <message>End action : if (status == &amp;quot;PASSED&amp;quot;)</message>
  <nestedLevel>1</nestedLevel>
  <escapedJava>false</escapedJava>
</record>
<record>
  <date>2026-09-15T06:26:37.033118700Z</date>
  <millis>1789453597033</millis>
  <nanos>118700</nanos>
  <sequence>1594</sequence>
  <level>START</level>
  <class>com.kms.katalon.core.logging.XmlKeywordLogger</class>
  <method>startKeyword</method>
  <thread>1</thread>
  <message>Start action : println(&amp;quot;Test Status : &amp;quot; + status)</message>
  <nestedLevel>1</nestedLevel>
  <escapedJava>false</escapedJava>
  <property name="startLine">73</property>
  <property name="stepIndex">6</property>
</record>
<record>
  <date>2026-09-15T06:26:37.033118700Z</date>
  <millis>1789453597033</millis>
  <nanos>118700</nanos>
  <sequence>1596</sequence>
  <level>END</level>
  <class>com.kms.katalon.core.logging.XmlKeywordLogger</class>
  <method>endKeyword</method>
  <thread>1</thread>
  <message>End action : println(&amp;quot;Test Status : &amp;quot; + status)</message>
  <nestedLevel>1</nestedLevel>
  <escapedJava>false</escapedJava>
</record>
<record>
  <date>2026-09-15T06:26:37.033118700Z</date>
  <millis>1789453597033</millis>
  <nanos>118700</nanos>
  <sequence>1597</sequence>
  <level>END</level>
  <class>com.kms.katalon.core.logging.XmlKeywordLogger</class>
  <method>endKeyword</method>
  <thread>1</thread>
  <message>End listener action : afterTestCase</message>
  <nestedLevel>1</nestedLevel>
  <escapedJava>false</escapedJava>
</record>
<record>
  <date>2026-09-15T06:26:37.033118700Z</date>
  <millis>1789453597033</millis>
  <nanos>118700</nanos>
  <sequence>1598</sequence>
  <level>START</level>
  <class>com.kms.katalon.core.logging.XmlKeywordLogger</class>
  <method>startKeyword</method>
  <thread>1</thread>
  <message>Start listener action : sampleAfterTestCase</message>
  <nestedLevel>1</nestedLevel>
  <escapedJava>false</escapedJava>
</record>
<record>
  <date>2026-09-15T06:26:37.034117100Z</date>
  <millis>1789453597034</millis>
  <nanos>117100</nanos>
  <sequence>1600</sequence>
  <level>START</level>
  <class>com.kms.katalon.core.logging.XmlKeywordLogger</class>
  <method>startKeyword</method>
  <thread>1</thread>
  <message>Start action : closeBrowser()</message>
  <nestedLevel>1</nestedLevel>
  <escapedJava>false</escapedJava>
  <property name="startLine">93</property>
  <property name="stepIndex">1</property>
</record>
<record>
  <date>2026-09-15T06:26:37.034117100Z</date>
  <millis>1789453597034</millis>
  <nanos>117100</nanos>
  <sequence>1603</sequence>
  <level>PASSED</level>
  <class>com.kms.katalon.core.logging.XmlKeywordLogger</class>
  <method>logMessage</method>
  <thread>1</thread>
  <message>Browser is closed</message>
  <nestedLevel>1</nestedLevel>
  <escapedJava>false</escapedJava>
  <property name="testops-method-name">com.kms.katalon.core.webui.keyword.builtin.CloseBrowserKeyword.closeBrowser</property>
  <property name="testops-execution-stacktrace"></property>
</record>
<record>
  <date>2026-09-15T06:26:37.035117200Z</date>
  <millis>1789453597035</millis>
  <nanos>117200</nanos>
  <sequence>1605</sequence>
  <level>END</level>
  <class>com.kms.katalon.core.logging.XmlKeywordLogger</class>
  <method>endKeyword</method>
  <thread>1</thread>
  <message>End action : closeBrowser()</message>
  <nestedLevel>1</nestedLevel>
  <escapedJava>false</escapedJava>
</record>
<record>
  <date>2026-09-15T06:26:37.035117200Z</date>
  <millis>1789453597035</millis>
  <nanos>117200</nanos>
  <sequence>1606</sequence>
  <level>END</level>
  <class>com.kms.katalon.core.logging.XmlKeywordLogger</class>
  <method>endKeyword</method>
  <thread>1</thread>
  <message>End listener action : sampleAfterTestCase</message>
  <nestedLevel>1</nestedLevel>
  <escapedJava>false</escapedJava>
</record>
<record>
  <date>2026-09-15T06:26:37.035117200Z</date>
  <millis>1789453597035</millis>
  <nanos>117200</nanos>
  <sequence>1607</sequence>
  <level>END</level>
  <class>com.kms.katalon.core.logging.XmlKeywordLogger</class>
  <method>endTest</method>
  <thread>1</thread>
  <message>End Test Case : Test Cases/Common_Test_case/Login/InvalidLogin/IL_BlankUsername_ValidPassword_TC_106</message>
  <nestedLevel>0</nestedLevel>
  <escapedJava>false</escapedJava>
  <property name="executionBindingVariables">[
  {
    &quot;value&quot;: &quot;https://sahibnkmitraqc.banksekure.com/EKYCWeb/&quot;,
    &quot;isDefault&quot;: false,
    &quot;name&quot;: &quot;appUrl&quot;,
    &quot;masked&quot;: false
  },
  {
    &quot;value&quot;: &quot;&quot;,
    &quot;isDefault&quot;: true,
    &quot;name&quot;: &quot;Userid&quot;,
    &quot;masked&quot;: false
  },
  {
    &quot;value&quot;: &quot;E/nTi+Q24sDkSmJpzmCoHQ\u003d\u003d&quot;,
    &quot;isDefault&quot;: false,
    &quot;name&quot;: &quot;Password&quot;,
    &quot;masked&quot;: false
  },
  {
    &quot;value&quot;: &quot;i6Lvk9&quot;,
    &quot;isDefault&quot;: false,
    &quot;name&quot;: &quot;Captcha&quot;,
    &quot;masked&quot;: false
  }
]</property>
  <property name="applitools">false</property>
  <property name="executedKeywords">{
  &quot;WebUI.closeBrowser&quot;: 2,
  &quot;WebUI.setEncryptedText&quot;: 1,
  &quot;WebUI.maximizeWindow&quot;: 1,
  &quot;WebUI.click&quot;: 1,
  &quot;WebUI.navigateToUrl&quot;: 1,
  &quot;WebUI.getAlertText&quot;: 1,
  &quot;WebUI.openBrowser&quot;: 1,
  &quot;WebUI.setText&quot;: 2
}</property>
  <property name="keywordsUsage">{
  &quot;web_ui&quot;: true,
  &quot;web_service&quot;: false,
  &quot;cucumber&quot;: false,
  &quot;builtin&quot;: false,
  &quot;mobile&quot;: false,
  &quot;windows&quot;: false,
  &quot;testng&quot;: false
}</property>
</record>
<record>
  <date>2026-09-15T06:26:37.045828700Z</date>
  <millis>1789453597045</millis>
  <nanos>828700</nanos>
  <sequence>1608</sequence>
  <level>START</level>
  <class>com.kms.katalon.core.logging.XmlKeywordLogger</class>
  <method>startTest</method>
  <thread>1</thread>
  <message>Start Test Case : Test Cases/Common_Test_case/Login/ValidLogin/VL_Login_TC_101</message>
  <nestedLevel>1</nestedLevel>
  <escapedJava>false</escapedJava>
  <property name="origin">WEB_RECORDER</property>
  <property name="name">Test Cases/Common_Test_case/Login/ValidLogin/VL_Login_TC_101</property>
  <property name="description"></property>
  <property name="iteration"></property>
  <property name="id">Test Cases/Common_Test_case/Login/ValidLogin/VL_Login_TC_101</property>
  <property name="source">F:\SahiBnk Mitra DSB\Test Cases\Common_Test_case\Login\ValidLogin\VL_Login_TC_101.tc</property>
  <property name="tag"></property>
  <property name="isOptional">false</property>
  <property name="uuid">3a244540-f9ac-458b-9a4b-03780c0c846f</property>
</record>
<record>
  <date>2026-09-15T06:26:37.048862600Z</date>
  <millis>1789453597048</millis>
  <nanos>862600</nanos>
  <sequence>1610</sequence>
  <level>INFO</level>
  <class>com.kms.katalon.core.logging.XmlKeywordLogger</class>
  <method>logMessage</method>
  <thread>1</thread>
  <message>appUrl = https://sahibnkmitraqc.banksekure.com/EKYCWeb/</message>
  <nestedLevel>1</nestedLevel>
  <escapedJava>false</escapedJava>
</record>
<record>
  <date>2026-09-15T06:26:37.048862600Z</date>
  <millis>1789453597048</millis>
  <nanos>862600</nanos>
  <sequence>1611</sequence>
  <level>INFO</level>
  <class>com.kms.katalon.core.logging.XmlKeywordLogger</class>
  <method>logMessage</method>
  <thread>1</thread>
  <message>userid = TestAutoAdm</message>
  <nestedLevel>1</nestedLevel>
  <escapedJava>false</escapedJava>
</record>
<record>
  <date>2026-09-15T06:26:37.048862600Z</date>
  <millis>1789453597048</millis>
  <nanos>862600</nanos>
  <sequence>1612</sequence>
  <level>INFO</level>
  <class>com.kms.katalon.core.logging.XmlKeywordLogger</class>
  <method>logMessage</method>
  <thread>1</thread>
  <message>password = ACByQccM9z1v23aWcZKDBQ==</message>
  <nestedLevel>1</nestedLevel>
  <escapedJava>false</escapedJava>
</record>
<record>
  <date>2026-09-15T06:26:37.048862600Z</date>
  <millis>1789453597048</millis>
  <nanos>862600</nanos>
  <sequence>1613</sequence>
  <level>INFO</level>
  <class>com.kms.katalon.core.logging.XmlKeywordLogger</class>
  <method>logMessage</method>
  <thread>1</thread>
  <message>captcha = 3GkgFr</message>
  <nestedLevel>1</nestedLevel>
  <escapedJava>false</escapedJava>
</record>
<record>
  <date>2026-09-15T06:26:37.048862600Z</date>
  <millis>1789453597048</millis>
  <nanos>862600</nanos>
  <sequence>1614</sequence>
  <level>RUN_DATA</level>
  <class>com.kms.katalon.core.logging.XmlKeywordLogger</class>
  <method>logMessage</method>
  <thread>1</thread>
  <message>executionBindingVariables = [
  {
    &amp;quot;value&amp;quot;: &amp;quot;https://sahibnkmitraqc.banksekure.com/EKYCWeb/&amp;quot;,
    &amp;quot;isDefault&amp;quot;: false,
    &amp;quot;name&amp;quot;: &amp;quot;appUrl&amp;quot;,
    &amp;quot;masked&amp;quot;: false
  },
  {
    &amp;quot;value&amp;quot;: &amp;quot;TestAutoAdm&amp;quot;,
    &amp;quot;isDefault&amp;quot;: false,
    &amp;quot;name&amp;quot;: &amp;quot;userid&amp;quot;,
    &amp;quot;masked&amp;quot;: false
  },
  {
    &amp;quot;value&amp;quot;: &amp;quot;ACByQccM9z1v23aWcZKDBQ\u003d\u003d&amp;quot;,
    &amp;quot;isDefault&amp;quot;: false,
    &amp;quot;name&amp;quot;: &amp;quot;password&amp;quot;,
    &amp;quot;masked&amp;quot;: false
  },
  {
    &amp;quot;value&amp;quot;: &amp;quot;3GkgFr&amp;quot;,
    &amp;quot;isDefault&amp;quot;: false,
    &amp;quot;name&amp;quot;: &amp;quot;captcha&amp;quot;,
    &amp;quot;masked&amp;quot;: false
  }
]</message>
  <nestedLevel>1</nestedLevel>
  <escapedJava>false</escapedJava>
  <property name="executionBindingVariables">[
  {
    &quot;value&quot;: &quot;https://sahibnkmitraqc.banksekure.com/EKYCWeb/&quot;,
    &quot;isDefault&quot;: false,
    &quot;name&quot;: &quot;appUrl&quot;,
    &quot;masked&quot;: false
  },
  {
    &quot;value&quot;: &quot;TestAutoAdm&quot;,
    &quot;isDefault&quot;: false,
    &quot;name&quot;: &quot;userid&quot;,
    &quot;masked&quot;: false
  },
  {
    &quot;value&quot;: &quot;ACByQccM9z1v23aWcZKDBQ\u003d\u003d&quot;,
    &quot;isDefault&quot;: false,
    &quot;name&quot;: &quot;password&quot;,
    &quot;masked&quot;: false
  },
  {
    &quot;value&quot;: &quot;3GkgFr&quot;,
    &quot;isDefault&quot;: false,
    &quot;name&quot;: &quot;captcha&quot;,
    &quot;masked&quot;: false
  }
]</property>
</record>
<record>
  <date>2026-09-15T06:26:37.049879800Z</date>
  <millis>1789453597049</millis>
  <nanos>879800</nanos>
  <sequence>1615</sequence>
  <level>START</level>
  <class>com.kms.katalon.core.logging.XmlKeywordLogger</class>
  <method>startKeyword</method>
  <thread>1</thread>
  <message>Start listener action : beforeTestCase</message>
  <nestedLevel>1</nestedLevel>
  <escapedJava>false</escapedJava>
</record>
<record>
  <date>2026-09-15T06:26:37.049879800Z</date>
  <millis>1789453597049</millis>
  <nanos>879800</nanos>
  <sequence>1617</sequence>
  <level>START</level>
  <class>com.kms.katalon.core.logging.XmlKeywordLogger</class>
  <method>startKeyword</method>
  <thread>1</thread>
  <message>Start action : if (extent != null)</message>
  <nestedLevel>1</nestedLevel>
  <escapedJava>false</escapedJava>
  <property name="startLine">33</property>
  <property name="stepIndex">1</property>
</record>
<record>
  <date>2026-09-15T06:26:37.049879800Z</date>
  <millis>1789453597049</millis>
  <nanos>879800</nanos>
  <sequence>1618</sequence>
  <level>START</level>
  <class>com.kms.katalon.core.logging.XmlKeywordLogger</class>
  <method>startKeyword</method>
  <thread>1</thread>
  <message>Start action : test = extent.createTest(testCaseContext.getTestCaseId())</message>
  <nestedLevel>2</nestedLevel>
  <escapedJava>false</escapedJava>
  <property name="startLine">35</property>
  <property name="stepIndex">1</property>
</record>
<record>
  <date>2026-09-15T06:26:37.049879800Z</date>
  <millis>1789453597049</millis>
  <nanos>879800</nanos>
  <sequence>1619</sequence>
  <level>END</level>
  <class>com.kms.katalon.core.logging.XmlKeywordLogger</class>
  <method>endKeyword</method>
  <thread>1</thread>
  <message>End action : test = extent.createTest(testCaseContext.getTestCaseId())</message>
  <nestedLevel>2</nestedLevel>
  <escapedJava>false</escapedJava>
</record>
<record>
  <date>2026-09-15T06:26:37.049879800Z</date>
  <millis>1789453597049</millis>
  <nanos>879800</nanos>
  <sequence>1620</sequence>
  <level>START</level>
  <class>com.kms.katalon.core.logging.XmlKeywordLogger</class>
  <method>startKeyword</method>
  <thread>1</thread>
  <message>Start action : println(&amp;quot;Test Created : &amp;quot; + testCaseContext.getTestCaseId())</message>
  <nestedLevel>2</nestedLevel>
  <escapedJava>false</escapedJava>
  <property name="startLine">39</property>
  <property name="stepIndex">2</property>
</record>
<record>
  <date>2026-09-15T06:26:37.049879800Z</date>
  <millis>1789453597049</millis>
  <nanos>879800</nanos>
  <sequence>1622</sequence>
  <level>END</level>
  <class>com.kms.katalon.core.logging.XmlKeywordLogger</class>
  <method>endKeyword</method>
  <thread>1</thread>
  <message>End action : println(&amp;quot;Test Created : &amp;quot; + testCaseContext.getTestCaseId())</message>
  <nestedLevel>2</nestedLevel>
  <escapedJava>false</escapedJava>
</record>
<record>
  <date>2026-09-15T06:26:37.049879800Z</date>
  <millis>1789453597049</millis>
  <nanos>879800</nanos>
  <sequence>1623</sequence>
  <level>END</level>
  <class>com.kms.katalon.core.logging.XmlKeywordLogger</class>
  <method>endKeyword</method>
  <thread>1</thread>
  <message>End action : if (extent != null)</message>
  <nestedLevel>1</nestedLevel>
  <escapedJava>false</escapedJava>
</record>
<record>
  <date>2026-09-15T06:26:37.049879800Z</date>
  <millis>1789453597049</millis>
  <nanos>879800</nanos>
  <sequence>1624</sequence>
  <level>END</level>
  <class>com.kms.katalon.core.logging.XmlKeywordLogger</class>
  <method>endKeyword</method>
  <thread>1</thread>
  <message>End listener action : beforeTestCase</message>
  <nestedLevel>1</nestedLevel>
  <escapedJava>false</escapedJava>
</record>
<record>
  <date>2026-09-15T06:26:37.049879800Z</date>
  <millis>1789453597049</millis>
  <nanos>879800</nanos>
  <sequence>1625</sequence>
  <level>START</level>
  <class>com.kms.katalon.core.logging.XmlKeywordLogger</class>
  <method>startKeyword</method>
  <thread>1</thread>
  <message>Start listener action : beforeTestCase</message>
  <nestedLevel>1</nestedLevel>
  <escapedJava>false</escapedJava>
</record>
<record>
  <date>2026-09-15T06:26:37.049879800Z</date>
  <millis>1789453597049</millis>
  <nanos>879800</nanos>
  <sequence>1627</sequence>
  <level>START</level>
  <class>com.kms.katalon.core.logging.XmlKeywordLogger</class>
  <method>startKeyword</method>
  <thread>1</thread>
  <message>Start action : tcName = testCaseContext.getTestCaseId()</message>
  <nestedLevel>1</nestedLevel>
  <escapedJava>false</escapedJava>
  <property name="startLine">34</property>
  <property name="stepIndex">1</property>
</record>
<record>
  <date>2026-09-15T06:26:37.049879800Z</date>
  <millis>1789453597049</millis>
  <nanos>879800</nanos>
  <sequence>1628</sequence>
  <level>END</level>
  <class>com.kms.katalon.core.logging.XmlKeywordLogger</class>
  <method>endKeyword</method>
  <thread>1</thread>
  <message>End action : tcName = testCaseContext.getTestCaseId()</message>
  <nestedLevel>1</nestedLevel>
  <escapedJava>false</escapedJava>
</record>
<record>
  <date>2026-09-15T06:26:37.049879800Z</date>
  <millis>1789453597049</millis>
  <nanos>879800</nanos>
  <sequence>1629</sequence>
  <level>START</level>
  <class>com.kms.katalon.core.logging.XmlKeywordLogger</class>
  <method>startKeyword</method>
  <thread>1</thread>
  <message>Start action : if (tcName.contains(&amp;quot;Test Cases/Common_Test_case/Login&amp;quot;) || tcName.contains(&amp;quot;Test Cases/Profile_status&amp;quot;))</message>
  <nestedLevel>1</nestedLevel>
  <escapedJava>false</escapedJava>
  <property name="startLine">37</property>
  <property name="stepIndex">2</property>
</record>
<record>
  <date>2026-09-15T06:26:37.049879800Z</date>
  <millis>1789453597049</millis>
  <nanos>879800</nanos>
  <sequence>1630</sequence>
  <level>START</level>
  <class>com.kms.katalon.core.logging.XmlKeywordLogger</class>
  <method>startKeyword</method>
  <thread>1</thread>
  <message>Start action : logInfo(&amp;quot;Login Module Detected - Listener Skipped&amp;quot;)</message>
  <nestedLevel>2</nestedLevel>
  <escapedJava>false</escapedJava>
  <property name="startLine">43</property>
  <property name="stepIndex">1</property>
</record>
<record>
  <date>2026-09-15T06:26:37.049879800Z</date>
  <millis>1789453597049</millis>
  <nanos>879800</nanos>
  <sequence>1631</sequence>
  <level>INFO</level>
  <class>com.kms.katalon.core.logging.XmlKeywordLogger</class>
  <method>logMessage</method>
  <thread>1</thread>
  <message>Login Module Detected - Listener Skipped</message>
  <nestedLevel>1</nestedLevel>
  <escapedJava>false</escapedJava>
</record>
<record>
  <date>2026-09-15T06:26:37.050880600Z</date>
  <millis>1789453597050</millis>
  <nanos>880600</nanos>
  <sequence>1632</sequence>
  <level>END</level>
  <class>com.kms.katalon.core.logging.XmlKeywordLogger</class>
  <method>endKeyword</method>
  <thread>1</thread>
  <message>End action : logInfo(&amp;quot;Login Module Detected - Listener Skipped&amp;quot;)</message>
  <nestedLevel>2</nestedLevel>
  <escapedJava>false</escapedJava>
</record>
<record>
  <date>2026-09-15T06:26:37.050880600Z</date>
  <millis>1789453597050</millis>
  <nanos>880600</nanos>
  <sequence>1633</sequence>
  <level>START</level>
  <class>com.kms.katalon.core.logging.XmlKeywordLogger</class>
  <method>startKeyword</method>
  <thread>1</thread>
  <message>Start action : return null</message>
  <nestedLevel>2</nestedLevel>
  <escapedJava>false</escapedJava>
  <property name="startLine">45</property>
  <property name="stepIndex">2</property>
</record>
<record>
  <date>2026-09-15T06:26:37.050880600Z</date>
  <millis>1789453597050</millis>
  <nanos>880600</nanos>
  <sequence>1635</sequence>
  <level>END</level>
  <class>com.kms.katalon.core.logging.XmlKeywordLogger</class>
  <method>endKeyword</method>
  <thread>1</thread>
  <message>End action : return null</message>
  <nestedLevel>2</nestedLevel>
  <escapedJava>false</escapedJava>
</record>
<record>
  <date>2026-09-15T06:26:37.050880600Z</date>
  <millis>1789453597050</millis>
  <nanos>880600</nanos>
  <sequence>1636</sequence>
  <level>END</level>
  <class>com.kms.katalon.core.logging.XmlKeywordLogger</class>
  <method>endKeyword</method>
  <thread>1</thread>
  <message>End action : if (tcName.contains(&amp;quot;Test Cases/Common_Test_case/Login&amp;quot;) || tcName.contains(&amp;quot;Test Cases/Profile_status&amp;quot;))</message>
  <nestedLevel>1</nestedLevel>
  <escapedJava>false</escapedJava>
</record>
<record>
  <date>2026-09-15T06:26:37.050880600Z</date>
  <millis>1789453597050</millis>
  <nanos>880600</nanos>
  <sequence>1637</sequence>
  <level>END</level>
  <class>com.kms.katalon.core.logging.XmlKeywordLogger</class>
  <method>endKeyword</method>
  <thread>1</thread>
  <message>End listener action : beforeTestCase</message>
  <nestedLevel>1</nestedLevel>
  <escapedJava>false</escapedJava>
</record>
<record>
  <date>2026-09-15T06:26:37.080133Z</date>
  <millis>1789453597080</millis>
  <nanos>133000</nanos>
  <sequence>1638</sequence>
  <level>START</level>
  <class>com.kms.katalon.core.logging.XmlKeywordLogger</class>
  <method>startKeyword</method>
  <thread>1</thread>
  <message>Start action : openBrowser(&amp;quot;&amp;quot;)</message>
  <nestedLevel>1</nestedLevel>
  <escapedJava>false</escapedJava>
  <property name="startLine">21</property>
  <property name="stepIndex">1</property>
</record>
<record>
  <date>2026-09-15T06:26:37.081133400Z</date>
  <millis>1789453597081</millis>
  <nanos>133400</nanos>
  <sequence>1641</sequence>
  <level>INFO</level>
  <class>com.kms.katalon.core.logging.XmlKeywordLogger</class>
  <method>logMessage</method>
  <thread>1</thread>
  <message>Starting &amp;apos;Chrome&amp;apos; driver</message>
  <nestedLevel>1</nestedLevel>
  <escapedJava>false</escapedJava>
</record>
<record>
  <date>2026-09-15T06:26:37.082133500Z</date>
  <millis>1789453597082</millis>
  <nanos>133500</nanos>
  <sequence>1642</sequence>
  <level>INFO</level>
  <class>com.kms.katalon.core.logging.XmlKeywordLogger</class>
  <method>logMessage</method>
  <thread>1</thread>
  <message>Action delay is set to 0 milliseconds</message>
  <nestedLevel>1</nestedLevel>
  <escapedJava>false</escapedJava>
</record>
<record>
  <date>2026-09-15T06:26:37.752124900Z</date>
  <millis>1789453597752</millis>
  <nanos>124900</nanos>
  <sequence>1645</sequence>
  <level>RUN_DATA</level>
  <class>com.kms.katalon.core.logging.XmlKeywordLogger</class>
  <method>logMessage</method>
  <thread>1</thread>
  <message>sessionId = cc83e0e86c557cf643f20b5a1bca1c14</message>
  <nestedLevel>1</nestedLevel>
  <escapedJava>false</escapedJava>
  <property name="sessionId">cc83e0e86c557cf643f20b5a1bca1c14</property>
</record>
<record>
  <date>2026-09-15T06:26:37.752124900Z</date>
  <millis>1789453597752</millis>
  <nanos>124900</nanos>
  <sequence>1646</sequence>
  <level>RUN_DATA</level>
  <class>com.kms.katalon.core.logging.XmlKeywordLogger</class>
  <method>logMessage</method>
  <thread>1</thread>
  <message>browser = Chrome 152.0.7977.84</message>
  <nestedLevel>1</nestedLevel>
  <escapedJava>false</escapedJava>
  <property name="browser">Chrome 152.0.7977.84</property>
</record>
<record>
  <date>2026-09-15T06:26:37.752124900Z</date>
  <millis>1789453597752</millis>
  <nanos>124900</nanos>
  <sequence>1647</sequence>
  <level>RUN_DATA</level>
  <class>com.kms.katalon.core.logging.XmlKeywordLogger</class>
  <method>logMessage</method>
  <thread>1</thread>
  <message>platform = Windows 11</message>
  <nestedLevel>1</nestedLevel>
  <escapedJava>false</escapedJava>
  <property name="platform">Windows 11</property>
</record>
<record>
  <date>2026-09-15T06:26:37.753125500Z</date>
  <millis>1789453597753</millis>
  <nanos>125500</nanos>
  <sequence>1648</sequence>
  <level>RUN_DATA</level>
  <class>com.kms.katalon.core.logging.XmlKeywordLogger</class>
  <method>logMessage</method>
  <thread>1</thread>
  <message>seleniumVersion = 4.39.0</message>
  <nestedLevel>1</nestedLevel>
  <escapedJava>false</escapedJava>
  <property name="seleniumVersion">4.39.0</property>
</record>
<record>
  <date>2026-09-15T06:26:37.753125500Z</date>
  <millis>1789453597753</millis>
  <nanos>125500</nanos>
  <sequence>1649</sequence>
  <level>RUN_DATA</level>
  <class>com.kms.katalon.core.logging.XmlKeywordLogger</class>
  <method>logMessage</method>
  <thread>1</thread>
  <message>proxyInformation = ProxyInformation { proxyOption=NO_PROXY, proxyServerType=HTTP, username=, password=********, proxyServerAddress=, proxyServerPort=0, executionList=&amp;quot;&amp;quot;, isApplyToDesiredCapabilities=true }</message>
  <nestedLevel>1</nestedLevel>
  <escapedJava>false</escapedJava>
  <property name="proxyInformation">ProxyInformation { proxyOption=NO_PROXY, proxyServerType=HTTP, username=, password=********, proxyServerAddress=, proxyServerPort=0, executionList=&quot;&quot;, isApplyToDesiredCapabilities=true }</property>
</record>
<record>
  <date>2026-09-15T06:26:37.759690500Z</date>
  <millis>1789453597759</millis>
  <nanos>690500</nanos>
  <sequence>1650</sequence>
  <level>PASSED</level>
  <class>com.kms.katalon.core.logging.XmlKeywordLogger</class>
  <method>logMessage</method>
  <thread>1</thread>
  <message>Browser is opened with url: &amp;apos;&amp;apos;</message>
  <nestedLevel>1</nestedLevel>
  <escapedJava>false</escapedJava>
  <property name="testops-method-name">com.kms.katalon.core.webui.keyword.builtin.OpenBrowserKeyword.openBrowser</property>
  <property name="testops-execution-stacktrace"></property>
</record>
<record>
  <date>2026-09-15T06:26:37.760680600Z</date>
  <millis>1789453597760</millis>
  <nanos>680600</nanos>
  <sequence>1651</sequence>
  <level>END</level>
  <class>com.kms.katalon.core.logging.XmlKeywordLogger</class>
  <method>endKeyword</method>
  <thread>1</thread>
  <message>End action : openBrowser(&amp;quot;&amp;quot;)</message>
  <nestedLevel>1</nestedLevel>
  <escapedJava>false</escapedJava>
</record>
<record>
  <date>2026-09-15T06:26:37.760680600Z</date>
  <millis>1789453597760</millis>
  <nanos>680600</nanos>
  <sequence>1652</sequence>
  <level>START</level>
  <class>com.kms.katalon.core.logging.XmlKeywordLogger</class>
  <method>startKeyword</method>
  <thread>1</thread>
  <message>Start action : maximizeWindow()</message>
  <nestedLevel>1</nestedLevel>
  <escapedJava>false</escapedJava>
  <property name="startLine">23</property>
  <property name="stepIndex">2</property>
</record>
<record>
  <date>2026-09-15T06:26:37.796720400Z</date>
  <millis>1789453597796</millis>
  <nanos>720400</nanos>
  <sequence>1655</sequence>
  <level>PASSED</level>
  <class>com.kms.katalon.core.logging.XmlKeywordLogger</class>
  <method>logMessage</method>
  <thread>1</thread>
  <message>Current window maximized</message>
  <nestedLevel>1</nestedLevel>
  <escapedJava>false</escapedJava>
  <property name="testops-method-name">com.kms.katalon.core.webui.keyword.builtin.MaximizeWindowKeyword.maximizeWindow</property>
  <property name="testops-execution-stacktrace"></property>
</record>
<record>
  <date>2026-09-15T06:26:37.797729300Z</date>
  <millis>1789453597797</millis>
  <nanos>729300</nanos>
  <sequence>1656</sequence>
  <level>END</level>
  <class>com.kms.katalon.core.logging.XmlKeywordLogger</class>
  <method>endKeyword</method>
  <thread>1</thread>
  <message>End action : maximizeWindow()</message>
  <nestedLevel>1</nestedLevel>
  <escapedJava>false</escapedJava>
</record>
<record>
  <date>2026-09-15T06:26:37.798729100Z</date>
  <millis>1789453597798</millis>
  <nanos>729100</nanos>
  <sequence>1657</sequence>
  <level>START</level>
  <class>com.kms.katalon.core.logging.XmlKeywordLogger</class>
  <method>startKeyword</method>
  <thread>1</thread>
  <message>Start action : navigateToUrl(appUrl)</message>
  <nestedLevel>1</nestedLevel>
  <escapedJava>false</escapedJava>
  <property name="startLine">25</property>
  <property name="stepIndex">3</property>
</record>
<record>
  <date>2026-09-15T06:26:39.608516200Z</date>
  <millis>1789453599608</millis>
  <nanos>516200</nanos>
  <sequence>1661</sequence>
  <level>PASSED</level>
  <class>com.kms.katalon.core.logging.XmlKeywordLogger</class>
  <method>logMessage</method>
  <thread>1</thread>
  <message>Navigate to &amp;apos;https://sahibnkmitraqc.banksekure.com/EKYCWeb/&amp;apos; successfully</message>
  <nestedLevel>1</nestedLevel>
  <escapedJava>false</escapedJava>
  <property name="testops-method-name">com.kms.katalon.core.webui.keyword.builtin.NavigateToUrlKeyword.navigateToUrl</property>
  <property name="testops-execution-stacktrace"></property>
</record>
<record>
  <date>2026-09-15T06:26:39.609534200Z</date>
  <millis>1789453599609</millis>
  <nanos>534200</nanos>
  <sequence>1662</sequence>
  <level>END</level>
  <class>com.kms.katalon.core.logging.XmlKeywordLogger</class>
  <method>endKeyword</method>
  <thread>1</thread>
  <message>End action : navigateToUrl(appUrl)</message>
  <nestedLevel>1</nestedLevel>
  <escapedJava>false</escapedJava>
</record>
<record>
  <date>2026-09-15T06:26:39.609534200Z</date>
  <millis>1789453599609</millis>
  <nanos>534200</nanos>
  <sequence>1663</sequence>
  <level>START</level>
  <class>com.kms.katalon.core.logging.XmlKeywordLogger</class>
  <method>startKeyword</method>
  <thread>1</thread>
  <message>Start action : messageprint = &amp;quot;&amp;quot;</message>
  <nestedLevel>1</nestedLevel>
  <escapedJava>false</escapedJava>
  <property name="startLine">27</property>
  <property name="stepIndex">4</property>
</record>
<record>
  <date>2026-09-15T06:26:39.609534200Z</date>
  <millis>1789453599609</millis>
  <nanos>534200</nanos>
  <sequence>1664</sequence>
  <level>END</level>
  <class>com.kms.katalon.core.logging.XmlKeywordLogger</class>
  <method>endKeyword</method>
  <thread>1</thread>
  <message>End action : messageprint = &amp;quot;&amp;quot;</message>
  <nestedLevel>1</nestedLevel>
  <escapedJava>false</escapedJava>
</record>
<record>
  <date>2026-09-15T06:26:39.609534200Z</date>
  <millis>1789453599609</millis>
  <nanos>534200</nanos>
  <sequence>1665</sequence>
  <level>START</level>
  <class>com.kms.katalon.core.logging.XmlKeywordLogger</class>
  <method>startKeyword</method>
  <thread>1</thread>
  <message>Start action : setText(findTestObject(&amp;quot;SahiBnkmitrarepository/Page_Agent Management System/input_Enter User Name&amp;quot;), userid)</message>
  <nestedLevel>1</nestedLevel>
  <escapedJava>false</escapedJava>
  <property name="startLine">29</property>
  <property name="stepIndex">5</property>
</record>
<record>
  <date>2026-09-15T06:26:40.145223200Z</date>
  <millis>1789453600145</millis>
  <nanos>223200</nanos>
  <sequence>1679</sequence>
  <level>PASSED</level>
  <class>com.kms.katalon.core.logging.XmlKeywordLogger</class>
  <method>logMessage</method>
  <thread>1</thread>
  <message>Text &amp;apos;TestAutoAdm&amp;apos; is set on object &amp;apos;Object Repository/SahiBnkmitrarepository/Page_Agent Management System/input_Enter User Name&amp;apos;</message>
  <nestedLevel>1</nestedLevel>
  <escapedJava>false</escapedJava>
  <property name="testops-method-name">com.kms.katalon.core.webui.keyword.internal.WebUIKeywordMain.runKeywordUntilTimeout</property>
  <property name="testops-execution-stacktrace">com.kms.katalon.core.logging.KeywordLogger.logPassed(KeywordLogger.java:351)
com.kms.katalon.core.logging.KeywordLogger.logPassed(KeywordLogger.java:346)
com.kms.katalon.core.webui.keyword.builtin.SetTextKeyword$_setText_closure1.doCall(SetTextKeyword.groovy:99)
java.base/jdk.internal.reflect.DirectMethodHandleAccessor.invoke(DirectMethodHandleAccessor.java:103)
jdk.proxy2/jdk.proxy2.$Proxy60.execute(Unknown Source)
com.kms.katalon.core.webui.model.SeleniumActionRetryController.performAction(SeleniumActionRetryController.java:96)
com.kms.katalon.core.webui.model.SeleniumActionRetryController.performAction(SeleniumActionRetryController.java:83)
com.kms.katalon.core.webui.keyword.internal.WebUIKeywordMain$_runKeywordUntilTimeout_closure1.doCall(WebUIKeywordMain.groovy:135)
com.kms.katalon.core.webui.keyword.internal.WebUIKeywordMain$_runKeywordUntilTimeout_closure1.call(WebUIKeywordMain.groovy)
com.kms.katalon.core.webui.keyword.internal.WebUIKeywordMain.runKeyword(WebUIKeywordMain.groovy:41)
com.kms.katalon.core.webui.keyword.internal.WebUIKeywordMain.runKeywordUntilTimeout(WebUIKeywordMain.groovy:133)
com.kms.katalon.core.webui.keyword.builtin.SetTextKeyword.setText(SetTextKeyword.groovy:106)
com.kms.katalon.core.webui.keyword.builtin.SetTextKeyword.execute(SetTextKeyword.groovy:49)
com.kms.katalon.core.keyword.internal.KeywordExecutor.executeKeywordForPlatform(KeywordExecutor.groovy:104)
com.kms.katalon.core.webui.keyword.WebUiBuiltInKeywords.setText(WebUiBuiltInKeywords.groovy:1082)
VL_Login_TC_101.run(VL_Login_TC_101:29)
</property>
</record>
<record>
  <date>2026-09-15T06:26:40.146809Z</date>
  <millis>1789453600146</millis>
  <nanos>809000</nanos>
  <sequence>1680</sequence>
  <level>END</level>
  <class>com.kms.katalon.core.logging.XmlKeywordLogger</class>
  <method>endKeyword</method>
  <thread>1</thread>
  <message>End action : setText(findTestObject(&amp;quot;SahiBnkmitrarepository/Page_Agent Management System/input_Enter User Name&amp;quot;), userid)</message>
  <nestedLevel>1</nestedLevel>
  <escapedJava>false</escapedJava>
</record>
<record>
  <date>2026-09-15T06:26:40.146809Z</date>
  <millis>1789453600146</millis>
  <nanos>809000</nanos>
  <sequence>1681</sequence>
  <level>START</level>
  <class>com.kms.katalon.core.logging.XmlKeywordLogger</class>
  <method>startKeyword</method>
  <thread>1</thread>
  <message>Start action : setEncryptedText(findTestObject(&amp;quot;SahiBnkmitrarepository/Page_Agent Management System/input_Enter Password&amp;quot;), password)</message>
  <nestedLevel>1</nestedLevel>
  <escapedJava>false</escapedJava>
  <property name="startLine">31</property>
  <property name="stepIndex">6</property>
</record>
<record>
  <date>2026-09-15T06:26:40.437582700Z</date>
  <millis>1789453600437</millis>
  <nanos>582700</nanos>
  <sequence>1694</sequence>
  <level>PASSED</level>
  <class>com.kms.katalon.core.logging.XmlKeywordLogger</class>
  <method>logMessage</method>
  <thread>1</thread>
  <message>Text ****** has been set on object &amp;apos;Object Repository/SahiBnkmitrarepository/Page_Agent Management System/input_Enter Password&amp;apos;</message>
  <nestedLevel>1</nestedLevel>
  <escapedJava>false</escapedJava>
  <property name="testops-method-name">com.kms.katalon.core.webui.keyword.internal.WebUIKeywordMain.runKeywordUntilTimeout</property>
  <property name="testops-execution-stacktrace">com.kms.katalon.core.logging.KeywordLogger.logPassed(KeywordLogger.java:351)
com.kms.katalon.core.logging.KeywordLogger.logPassed(KeywordLogger.java:346)
com.kms.katalon.core.webui.keyword.builtin.SetEncryptedTextKeyword$_setEncryptedText_closure1.doCall(SetEncryptedTextKeyword.groovy:82)
java.base/jdk.internal.reflect.DirectMethodHandleAccessor.invoke(DirectMethodHandleAccessor.java:103)
jdk.proxy2/jdk.proxy2.$Proxy60.execute(Unknown Source)
com.kms.katalon.core.webui.model.SeleniumActionRetryController.performAction(SeleniumActionRetryController.java:96)
com.kms.katalon.core.webui.model.SeleniumActionRetryController.performAction(SeleniumActionRetryController.java:83)
com.kms.katalon.core.webui.keyword.internal.WebUIKeywordMain$_runKeywordUntilTimeout_closure1.doCall(WebUIKeywordMain.groovy:135)
com.kms.katalon.core.webui.keyword.internal.WebUIKeywordMain$_runKeywordUntilTimeout_closure1.call(WebUIKeywordMain.groovy)
com.kms.katalon.core.webui.keyword.internal.WebUIKeywordMain.runKeyword(WebUIKeywordMain.groovy:41)
com.kms.katalon.core.webui.keyword.internal.WebUIKeywordMain.runKeywordUntilTimeout(WebUIKeywordMain.groovy:133)
com.kms.katalon.core.webui.keyword.builtin.SetEncryptedTextKeyword.setEncryptedText(SetEncryptedTextKeyword.groovy:88)
com.kms.katalon.core.webui.keyword.builtin.SetEncryptedTextKeyword.execute(SetEncryptedTextKeyword.groovy:48)
com.kms.katalon.core.keyword.internal.KeywordExecutor.executeKeywordForPlatform(KeywordExecutor.groovy:104)
com.kms.katalon.core.webui.keyword.WebUiBuiltInKeywords.setEncryptedText(WebUiBuiltInKeywords.groovy:1113)
VL_Login_TC_101.run(VL_Login_TC_101:31)
</property>
</record>
<record>
  <date>2026-09-15T06:26:40.439089Z</date>
  <millis>1789453600439</millis>
  <nanos>89000</nanos>
  <sequence>1695</sequence>
  <level>END</level>
  <class>com.kms.katalon.core.logging.XmlKeywordLogger</class>
  <method>endKeyword</method>
  <thread>1</thread>
  <message>End action : setEncryptedText(findTestObject(&amp;quot;SahiBnkmitrarepository/Page_Agent Management System/input_Enter Password&amp;quot;), password)</message>
  <nestedLevel>1</nestedLevel>
  <escapedJava>false</escapedJava>
</record>
<record>
  <date>2026-09-15T06:26:40.439089Z</date>
  <millis>1789453600439</millis>
  <nanos>89000</nanos>
  <sequence>1696</sequence>
  <level>START</level>
  <class>com.kms.katalon.core.logging.XmlKeywordLogger</class>
  <method>startKeyword</method>
  <thread>1</thread>
  <message>Start action : setText(findTestObject(&amp;quot;SahiBnkmitrarepository/Page_Agent Management System/input_Enter Captcha&amp;quot;), captcha)</message>
  <nestedLevel>1</nestedLevel>
  <escapedJava>false</escapedJava>
  <property name="startLine">33</property>
  <property name="stepIndex">7</property>
</record>
<record>
  <date>2026-09-15T06:26:40.994186700Z</date>
  <millis>1789453600994</millis>
  <nanos>186700</nanos>
  <sequence>1710</sequence>
  <level>PASSED</level>
  <class>com.kms.katalon.core.logging.XmlKeywordLogger</class>
  <method>logMessage</method>
  <thread>1</thread>
  <message>Text &amp;apos;3GkgFr&amp;apos; is set on object &amp;apos;Object Repository/SahiBnkmitrarepository/Page_Agent Management System/input_Enter Captcha&amp;apos;</message>
  <nestedLevel>1</nestedLevel>
  <escapedJava>false</escapedJava>
  <property name="testops-method-name">com.kms.katalon.core.webui.keyword.internal.WebUIKeywordMain.runKeywordUntilTimeout</property>
  <property name="testops-execution-stacktrace">com.kms.katalon.core.logging.KeywordLogger.logPassed(KeywordLogger.java:351)
com.kms.katalon.core.logging.KeywordLogger.logPassed(KeywordLogger.java:346)
com.kms.katalon.core.webui.keyword.builtin.SetTextKeyword$_setText_closure1.doCall(SetTextKeyword.groovy:99)
java.base/jdk.internal.reflect.DirectMethodHandleAccessor.invoke(DirectMethodHandleAccessor.java:103)
jdk.proxy2/jdk.proxy2.$Proxy60.execute(Unknown Source)
com.kms.katalon.core.webui.model.SeleniumActionRetryController.performAction(SeleniumActionRetryController.java:96)
com.kms.katalon.core.webui.model.SeleniumActionRetryController.performAction(SeleniumActionRetryController.java:83)
com.kms.katalon.core.webui.keyword.internal.WebUIKeywordMain$_runKeywordUntilTimeout_closure1.doCall(WebUIKeywordMain.groovy:135)
com.kms.katalon.core.webui.keyword.internal.WebUIKeywordMain$_runKeywordUntilTimeout_closure1.call(WebUIKeywordMain.groovy)
com.kms.katalon.core.webui.keyword.internal.WebUIKeywordMain.runKeyword(WebUIKeywordMain.groovy:41)
com.kms.katalon.core.webui.keyword.internal.WebUIKeywordMain.runKeywordUntilTimeout(WebUIKeywordMain.groovy:133)
com.kms.katalon.core.webui.keyword.builtin.SetTextKeyword.setText(SetTextKeyword.groovy:106)
com.kms.katalon.core.webui.keyword.builtin.SetTextKeyword.execute(SetTextKeyword.groovy:49)
com.kms.katalon.core.keyword.internal.KeywordExecutor.executeKeywordForPlatform(KeywordExecutor.groovy:104)
com.kms.katalon.core.webui.keyword.WebUiBuiltInKeywords.setText(WebUiBuiltInKeywords.groovy:1082)
VL_Login_TC_101.run(VL_Login_TC_101:33)
</property>
</record>
<record>
  <date>2026-09-15T06:26:40.995534600Z</date>
  <millis>1789453600995</millis>
  <nanos>534600</nanos>
  <sequence>1711</sequence>
  <level>END</level>
  <class>com.kms.katalon.core.logging.XmlKeywordLogger</class>
  <method>endKeyword</method>
  <thread>1</thread>
  <message>End action : setText(findTestObject(&amp;quot;SahiBnkmitrarepository/Page_Agent Management System/input_Enter Captcha&amp;quot;), captcha)</message>
  <nestedLevel>1</nestedLevel>
  <escapedJava>false</escapedJava>
</record>
<record>
  <date>2026-09-15T06:26:40.995534600Z</date>
  <millis>1789453600995</millis>
  <nanos>534600</nanos>
  <sequence>1712</sequence>
  <level>START</level>
  <class>com.kms.katalon.core.logging.XmlKeywordLogger</class>
  <method>startKeyword</method>
  <thread>1</thread>
  <message>Start action : click(findTestObject(&amp;quot;SahiBnkmitrarepository/Page_Agent Management System/input_submit&amp;quot;))</message>
  <nestedLevel>1</nestedLevel>
  <escapedJava>false</escapedJava>
  <property name="startLine">35</property>
  <property name="stepIndex">8</property>
</record>
<record>
  <date>2026-09-15T06:26:43.265320300Z</date>
  <millis>1789453603265</millis>
  <nanos>320300</nanos>
  <sequence>1723</sequence>
  <level>PASSED</level>
  <class>com.kms.katalon.core.logging.XmlKeywordLogger</class>
  <method>logMessage</method>
  <thread>1</thread>
  <message>Object: &amp;apos;Object Repository/SahiBnkmitrarepository/Page_Agent Management System/input_submit&amp;apos; is clicked on</message>
  <nestedLevel>1</nestedLevel>
  <escapedJava>false</escapedJava>
  <property name="testops-method-name">com.kms.katalon.core.webui.keyword.internal.WebUIKeywordMain.runKeywordUntilTimeout</property>
  <property name="testops-execution-stacktrace">com.kms.katalon.core.logging.KeywordLogger.logPassed(KeywordLogger.java:351)
com.kms.katalon.core.logging.KeywordLogger.logPassed(KeywordLogger.java:346)
com.kms.katalon.core.webui.keyword.builtin.ClickKeyword$_click_closure1.doCall(ClickKeyword.groovy:66)
java.base/jdk.internal.reflect.DirectMethodHandleAccessor.invoke(DirectMethodHandleAccessor.java:103)
jdk.proxy2/jdk.proxy2.$Proxy60.execute(Unknown Source)
com.kms.katalon.core.webui.model.SeleniumActionRetryController.performAction(SeleniumActionRetryController.java:96)
com.kms.katalon.core.webui.model.SeleniumActionRetryController.performAction(SeleniumActionRetryController.java:83)
com.kms.katalon.core.webui.keyword.internal.WebUIKeywordMain$_runKeywordUntilTimeout_closure1.doCall(WebUIKeywordMain.groovy:135)
com.kms.katalon.core.webui.keyword.internal.WebUIKeywordMain$_runKeywordUntilTimeout_closure1.call(WebUIKeywordMain.groovy)
com.kms.katalon.core.webui.keyword.internal.WebUIKeywordMain.runKeyword(WebUIKeywordMain.groovy:41)
com.kms.katalon.core.webui.keyword.internal.WebUIKeywordMain.runKeywordUntilTimeout(WebUIKeywordMain.groovy:133)
com.kms.katalon.core.webui.keyword.builtin.ClickKeyword.click(ClickKeyword.groovy:72)
com.kms.katalon.core.webui.keyword.builtin.ClickKeyword.execute(ClickKeyword.groovy:38)
com.kms.katalon.core.keyword.internal.KeywordExecutor.executeKeywordForPlatform(KeywordExecutor.groovy:104)
com.kms.katalon.core.webui.keyword.WebUiBuiltInKeywords.click(WebUiBuiltInKeywords.groovy:722)
VL_Login_TC_101.run(VL_Login_TC_101:35)
</property>
</record>
<record>
  <date>2026-09-15T06:26:43.266823800Z</date>
  <millis>1789453603266</millis>
  <nanos>823800</nanos>
  <sequence>1724</sequence>
  <level>END</level>
  <class>com.kms.katalon.core.logging.XmlKeywordLogger</class>
  <method>endKeyword</method>
  <thread>1</thread>
  <message>End action : click(findTestObject(&amp;quot;SahiBnkmitrarepository/Page_Agent Management System/input_submit&amp;quot;))</message>
  <nestedLevel>1</nestedLevel>
  <escapedJava>false</escapedJava>
</record>
<record>
  <date>2026-09-15T06:26:43.266823800Z</date>
  <millis>1789453603266</millis>
  <nanos>823800</nanos>
  <sequence>1725</sequence>
  <level>START</level>
  <class>com.kms.katalon.core.logging.XmlKeywordLogger</class>
  <method>startKeyword</method>
  <thread>1</thread>
  <message>Start action : waitForElementVisible(findTestObject(&amp;quot;SahiBnkmitrarepository/Page_Agent Management System/b_Agent Management System&amp;quot;), 10)</message>
  <nestedLevel>1</nestedLevel>
  <escapedJava>false</escapedJava>
  <property name="startLine">37</property>
  <property name="stepIndex">9</property>
</record>
<record>
  <date>2026-09-15T06:26:43.706663Z</date>
  <millis>1789453603706</millis>
  <nanos>663000</nanos>
  <sequence>1732</sequence>
  <level>PASSED</level>
  <class>com.kms.katalon.core.logging.XmlKeywordLogger</class>
  <method>logMessage</method>
  <thread>1</thread>
  <message>Object &amp;apos;Object Repository/SahiBnkmitrarepository/Page_Agent Management System/b_Agent Management System&amp;apos; is visible</message>
  <nestedLevel>1</nestedLevel>
  <escapedJava>false</escapedJava>
  <property name="testops-method-name">com.kms.katalon.core.webui.keyword.internal.WebUIKeywordMain.runKeywordUntilTimeout</property>
  <property name="testops-execution-stacktrace">com.kms.katalon.core.logging.KeywordLogger.logPassed(KeywordLogger.java:351)
com.kms.katalon.core.logging.KeywordLogger.logPassed(KeywordLogger.java:346)
com.kms.katalon.core.logging.KeywordLogger$logPassed$0.call(Unknown Source)
com.kms.katalon.core.webui.keyword.builtin.WaitForElementVisibleKeyword$_waitForElementVisible_closure1.doCall(WaitForElementVisibleKeyword.groovy:86)
java.base/jdk.internal.reflect.DirectMethodHandleAccessor.invoke(DirectMethodHandleAccessor.java:103)
jdk.proxy2/jdk.proxy2.$Proxy60.execute(Unknown Source)
com.kms.katalon.core.webui.model.SeleniumActionRetryController.performAction(SeleniumActionRetryController.java:96)
com.kms.katalon.core.webui.model.SeleniumActionRetryController.performAction(SeleniumActionRetryController.java:83)
com.kms.katalon.core.webui.keyword.internal.WebUIKeywordMain$_runKeywordUntilTimeout_closure2.doCall(WebUIKeywordMain.groovy:155)
com.kms.katalon.core.webui.keyword.internal.WebUIKeywordMain$_runKeywordUntilTimeout_closure2.call(WebUIKeywordMain.groovy)
com.kms.katalon.core.webui.keyword.internal.WebUIKeywordMain.runKeyword(WebUIKeywordMain.groovy:41)
com.kms.katalon.core.webui.keyword.internal.WebUIKeywordMain.runKeywordUntilTimeout(WebUIKeywordMain.groovy:152)
com.kms.katalon.core.webui.keyword.internal.WebUIKeywordMain$runKeywordUntilTimeout.call(Unknown Source)
com.kms.katalon.core.webui.keyword.builtin.WaitForElementVisibleKeyword.waitForElementVisible(WaitForElementVisibleKeyword.groovy:101)
com.kms.katalon.core.webui.keyword.builtin.WaitForElementVisibleKeyword.execute(WaitForElementVisibleKeyword.groovy:69)
com.kms.katalon.core.keyword.internal.KeywordExecutor.executeKeywordForPlatform(KeywordExecutor.groovy:104)
com.kms.katalon.core.webui.keyword.WebUiBuiltInKeywords.waitForElementVisible(WebUiBuiltInKeywords.groovy:515)
VL_Login_TC_101.run(VL_Login_TC_101:37)
</property>
</record>
<record>
  <date>2026-09-15T06:26:43.707668300Z</date>
  <millis>1789453603707</millis>
  <nanos>668300</nanos>
  <sequence>1733</sequence>
  <level>END</level>
  <class>com.kms.katalon.core.logging.XmlKeywordLogger</class>
  <method>endKeyword</method>
  <thread>1</thread>
  <message>End action : waitForElementVisible(findTestObject(&amp;quot;SahiBnkmitrarepository/Page_Agent Management System/b_Agent Management System&amp;quot;), 10)</message>
  <nestedLevel>1</nestedLevel>
  <escapedJava>false</escapedJava>
</record>
<record>
  <date>2026-09-15T06:26:43.707668300Z</date>
  <millis>1789453603707</millis>
  <nanos>668300</nanos>
  <sequence>1734</sequence>
  <level>START</level>
  <class>com.kms.katalon.core.logging.XmlKeywordLogger</class>
  <method>startKeyword</method>
  <thread>1</thread>
  <message>Start action : messageprint = getText(findTestObject(&amp;quot;SahiBnkmitrarepository/Page_Agent Management System/b_Agent Management System&amp;quot;))</message>
  <nestedLevel>1</nestedLevel>
  <escapedJava>false</escapedJava>
  <property name="startLine">40</property>
  <property name="stepIndex">10</property>
</record>
<record>
  <date>2026-09-15T06:26:43.946985800Z</date>
  <millis>1789453603946</millis>
  <nanos>985800</nanos>
  <sequence>1744</sequence>
  <level>PASSED</level>
  <class>com.kms.katalon.core.logging.XmlKeywordLogger</class>
  <method>logMessage</method>
  <thread>1</thread>
  <message>Text of object &amp;apos;Object Repository/SahiBnkmitrarepository/Page_Agent Management System/b_Agent Management System&amp;apos; is: &amp;apos;Agent Management System&amp;apos;</message>
  <nestedLevel>1</nestedLevel>
  <escapedJava>false</escapedJava>
  <property name="testops-method-name">com.kms.katalon.core.webui.keyword.internal.WebUIKeywordMain.runKeywordUntilTimeout</property>
  <property name="testops-execution-stacktrace">com.kms.katalon.core.logging.KeywordLogger.logPassed(KeywordLogger.java:351)
com.kms.katalon.core.logging.KeywordLogger.logPassed(KeywordLogger.java:346)
com.kms.katalon.core.webui.keyword.builtin.GetTextKeyword$_getText_closure1.doCall(GetTextKeyword.groovy:85)
java.base/jdk.internal.reflect.DirectMethodHandleAccessor.invoke(DirectMethodHandleAccessor.java:103)
jdk.proxy2/jdk.proxy2.$Proxy60.execute(Unknown Source)
com.kms.katalon.core.webui.model.SeleniumActionRetryController.performAction(SeleniumActionRetryController.java:96)
com.kms.katalon.core.webui.model.SeleniumActionRetryController.performAction(SeleniumActionRetryController.java:83)
com.kms.katalon.core.webui.keyword.internal.WebUIKeywordMain$_runKeywordUntilTimeout_closure1.doCall(WebUIKeywordMain.groovy:135)
com.kms.katalon.core.webui.keyword.internal.WebUIKeywordMain$_runKeywordUntilTimeout_closure1.call(WebUIKeywordMain.groovy)
com.kms.katalon.core.webui.keyword.internal.WebUIKeywordMain.runKeyword(WebUIKeywordMain.groovy:41)
com.kms.katalon.core.webui.keyword.internal.WebUIKeywordMain.runKeywordUntilTimeout(WebUIKeywordMain.groovy:133)
com.kms.katalon.core.webui.keyword.builtin.GetTextKeyword.getText(GetTextKeyword.groovy:92)
com.kms.katalon.core.webui.keyword.builtin.GetTextKeyword.execute(GetTextKeyword.groovy:67)
com.kms.katalon.core.keyword.internal.KeywordExecutor.executeKeywordForPlatform(KeywordExecutor.groovy:104)
com.kms.katalon.core.webui.keyword.WebUiBuiltInKeywords.getText(WebUiBuiltInKeywords.groovy:1020)
VL_Login_TC_101.run(VL_Login_TC_101:40)
</property>
</record>
<record>
  <date>2026-09-15T06:26:43.948517700Z</date>
  <millis>1789453603948</millis>
  <nanos>517700</nanos>
  <sequence>1745</sequence>
  <level>END</level>
  <class>com.kms.katalon.core.logging.XmlKeywordLogger</class>
  <method>endKeyword</method>
  <thread>1</thread>
  <message>End action : messageprint = getText(findTestObject(&amp;quot;SahiBnkmitrarepository/Page_Agent Management System/b_Agent Management System&amp;quot;))</message>
  <nestedLevel>1</nestedLevel>
  <escapedJava>false</escapedJava>
</record>
<record>
  <date>2026-09-15T06:26:43.948517700Z</date>
  <millis>1789453603948</millis>
  <nanos>517700</nanos>
  <sequence>1746</sequence>
  <level>START</level>
  <class>com.kms.katalon.core.logging.XmlKeywordLogger</class>
  <method>startKeyword</method>
  <thread>1</thread>
  <message>Start action : delay(10)</message>
  <nestedLevel>1</nestedLevel>
  <escapedJava>false</escapedJava>
  <property name="startLine">42</property>
  <property name="stepIndex">11</property>
</record>
<record>
  <date>2026-09-15T06:26:53.955706600Z</date>
  <millis>1789453613955</millis>
  <nanos>706600</nanos>
  <sequence>1749</sequence>
  <level>PASSED</level>
  <class>com.kms.katalon.core.logging.XmlKeywordLogger</class>
  <method>logMessage</method>
  <thread>1</thread>
  <message>Delayed 10 second(s)</message>
  <nestedLevel>1</nestedLevel>
  <escapedJava>false</escapedJava>
  <property name="testops-method-name">com.kms.katalon.core.keyword.builtin.DelayKeyword.delay</property>
  <property name="testops-execution-stacktrace"></property>
</record>
<record>
  <date>2026-09-15T06:26:53.957012800Z</date>
  <millis>1789453613957</millis>
  <nanos>12800</nanos>
  <sequence>1750</sequence>
  <level>END</level>
  <class>com.kms.katalon.core.logging.XmlKeywordLogger</class>
  <method>endKeyword</method>
  <thread>1</thread>
  <message>End action : delay(10)</message>
  <nestedLevel>1</nestedLevel>
  <escapedJava>false</escapedJava>
</record>
<record>
  <date>2026-09-15T06:26:53.957012800Z</date>
  <millis>1789453613957</millis>
  <nanos>12800</nanos>
  <sequence>1751</sequence>
  <level>START</level>
  <class>com.kms.katalon.core.logging.XmlKeywordLogger</class>
  <method>startKeyword</method>
  <thread>1</thread>
  <message>Start action : logInfo(&amp;quot;Validation Message: &amp;quot; + messageprint)</message>
  <nestedLevel>1</nestedLevel>
  <escapedJava>false</escapedJava>
  <property name="startLine">44</property>
  <property name="stepIndex">12</property>
</record>
<record>
  <date>2026-09-15T06:26:53.957012800Z</date>
  <millis>1789453613957</millis>
  <nanos>12800</nanos>
  <sequence>1752</sequence>
  <level>INFO</level>
  <class>com.kms.katalon.core.logging.XmlKeywordLogger</class>
  <method>logMessage</method>
  <thread>1</thread>
  <message>Validation Message: Agent Management System</message>
  <nestedLevel>1</nestedLevel>
  <escapedJava>false</escapedJava>
</record>
<record>
  <date>2026-09-15T06:26:53.957012800Z</date>
  <millis>1789453613957</millis>
  <nanos>12800</nanos>
  <sequence>1753</sequence>
  <level>END</level>
  <class>com.kms.katalon.core.logging.XmlKeywordLogger</class>
  <method>endKeyword</method>
  <thread>1</thread>
  <message>End action : logInfo(&amp;quot;Validation Message: &amp;quot; + messageprint)</message>
  <nestedLevel>1</nestedLevel>
  <escapedJava>false</escapedJava>
</record>
<record>
  <date>2026-09-15T06:26:53.957012800Z</date>
  <millis>1789453613957</millis>
  <nanos>12800</nanos>
  <sequence>1754</sequence>
  <level>START</level>
  <class>com.kms.katalon.core.logging.XmlKeywordLogger</class>
  <method>startKeyword</method>
  <thread>1</thread>
  <message>Start action : if (messageprint.contains(&amp;quot;Agent Management System&amp;quot;) || messageprint.contains(&amp;quot;Management System&amp;quot;))</message>
  <nestedLevel>1</nestedLevel>
  <escapedJava>false</escapedJava>
  <property name="startLine">47</property>
  <property name="stepIndex">13</property>
</record>
<record>
  <date>2026-09-15T06:26:53.957012800Z</date>
  <millis>1789453613957</millis>
  <nanos>12800</nanos>
  <sequence>1755</sequence>
  <level>START</level>
  <class>com.kms.katalon.core.logging.XmlKeywordLogger</class>
  <method>startKeyword</method>
  <thread>1</thread>
  <message>Start action : markPassed(&amp;quot;Agent Management System page displayed successfully&amp;quot;)</message>
  <nestedLevel>2</nestedLevel>
  <escapedJava>false</escapedJava>
  <property name="startLine">48</property>
  <property name="stepIndex">1</property>
</record>
<record>
  <date>2026-09-15T06:26:53.958452Z</date>
  <millis>1789453613958</millis>
  <nanos>452000</nanos>
  <sequence>1757</sequence>
  <level>PASSED</level>
  <class>com.kms.katalon.core.logging.XmlKeywordLogger</class>
  <method>logMessage</method>
  <thread>1</thread>
  <message>Agent Management System page displayed successfully</message>
  <nestedLevel>1</nestedLevel>
  <escapedJava>false</escapedJava>
  <property name="testops-execution-stacktrace">com.kms.katalon.core.logging.KeywordLogger.logPassed(KeywordLogger.java:351)
com.kms.katalon.core.logging.KeywordLogger.logPassed(KeywordLogger.java:346)
com.kms.katalon.core.util.KeywordUtil.markPassed(KeywordUtil.java:58)
VL_Login_TC_101.run(VL_Login_TC_101:48)
</property>
</record>
<record>
  <date>2026-09-15T06:26:53.958452Z</date>
  <millis>1789453613958</millis>
  <nanos>452000</nanos>
  <sequence>1758</sequence>
  <level>END</level>
  <class>com.kms.katalon.core.logging.XmlKeywordLogger</class>
  <method>endKeyword</method>
  <thread>1</thread>
  <message>End action : markPassed(&amp;quot;Agent Management System page displayed successfully&amp;quot;)</message>
  <nestedLevel>2</nestedLevel>
  <escapedJava>false</escapedJava>
</record>
<record>
  <date>2026-09-15T06:26:53.958452Z</date>
  <millis>1789453613958</millis>
  <nanos>452000</nanos>
  <sequence>1759</sequence>
  <level>END</level>
  <class>com.kms.katalon.core.logging.XmlKeywordLogger</class>
  <method>endKeyword</method>
  <thread>1</thread>
  <message>End action : if (messageprint.contains(&amp;quot;Agent Management System&amp;quot;) || messageprint.contains(&amp;quot;Management System&amp;quot;))</message>
  <nestedLevel>1</nestedLevel>
  <escapedJava>false</escapedJava>
</record>
<record>
  <date>2026-09-15T06:26:53.958452Z</date>
  <millis>1789453613958</millis>
  <nanos>452000</nanos>
  <sequence>1760</sequence>
  <level>START</level>
  <class>com.kms.katalon.core.logging.XmlKeywordLogger</class>
  <method>startKeyword</method>
  <thread>1</thread>
  <message>Start action : click(findTestObject(&amp;quot;SahiBnkmitrarepository/Page_Agent Management System/span_Logout&amp;quot;))</message>
  <nestedLevel>1</nestedLevel>
  <escapedJava>false</escapedJava>
  <property name="startLine">53</property>
  <property name="stepIndex">15</property>
</record>
<record>
  <date>2026-09-15T06:26:55.346690Z</date>
  <millis>1789453615346</millis>
  <nanos>690000</nanos>
  <sequence>1771</sequence>
  <level>PASSED</level>
  <class>com.kms.katalon.core.logging.XmlKeywordLogger</class>
  <method>logMessage</method>
  <thread>1</thread>
  <message>Object: &amp;apos;Object Repository/SahiBnkmitrarepository/Page_Agent Management System/span_Logout&amp;apos; is clicked on</message>
  <nestedLevel>1</nestedLevel>
  <escapedJava>false</escapedJava>
  <property name="testops-method-name">com.kms.katalon.core.webui.keyword.internal.WebUIKeywordMain.runKeywordUntilTimeout</property>
  <property name="testops-execution-stacktrace">com.kms.katalon.core.logging.KeywordLogger.logPassed(KeywordLogger.java:351)
com.kms.katalon.core.logging.KeywordLogger.logPassed(KeywordLogger.java:346)
com.kms.katalon.core.webui.keyword.builtin.ClickKeyword$_click_closure1.doCall(ClickKeyword.groovy:66)
java.base/jdk.internal.reflect.DirectMethodHandleAccessor.invoke(DirectMethodHandleAccessor.java:103)
jdk.proxy2/jdk.proxy2.$Proxy60.execute(Unknown Source)
com.kms.katalon.core.webui.model.SeleniumActionRetryController.performAction(SeleniumActionRetryController.java:96)
com.kms.katalon.core.webui.model.SeleniumActionRetryController.performAction(SeleniumActionRetryController.java:83)
com.kms.katalon.core.webui.keyword.internal.WebUIKeywordMain$_runKeywordUntilTimeout_closure1.doCall(WebUIKeywordMain.groovy:135)
com.kms.katalon.core.webui.keyword.internal.WebUIKeywordMain$_runKeywordUntilTimeout_closure1.call(WebUIKeywordMain.groovy)
com.kms.katalon.core.webui.keyword.internal.WebUIKeywordMain.runKeyword(WebUIKeywordMain.groovy:41)
com.kms.katalon.core.webui.keyword.internal.WebUIKeywordMain.runKeywordUntilTimeout(WebUIKeywordMain.groovy:133)
com.kms.katalon.core.webui.keyword.builtin.ClickKeyword.click(ClickKeyword.groovy:72)
com.kms.katalon.core.webui.keyword.builtin.ClickKeyword.execute(ClickKeyword.groovy:38)
com.kms.katalon.core.keyword.internal.KeywordExecutor.executeKeywordForPlatform(KeywordExecutor.groovy:104)
com.kms.katalon.core.webui.keyword.WebUiBuiltInKeywords.click(WebUiBuiltInKeywords.groovy:722)
VL_Login_TC_101.run(VL_Login_TC_101:53)
</property>
</record>
<record>
  <date>2026-09-15T06:26:55.348144900Z</date>
  <millis>1789453615348</millis>
  <nanos>144900</nanos>
  <sequence>1772</sequence>
  <level>END</level>
  <class>com.kms.katalon.core.logging.XmlKeywordLogger</class>
  <method>endKeyword</method>
  <thread>1</thread>
  <message>End action : click(findTestObject(&amp;quot;SahiBnkmitrarepository/Page_Agent Management System/span_Logout&amp;quot;))</message>
  <nestedLevel>1</nestedLevel>
  <escapedJava>false</escapedJava>
</record>
<record>
  <date>2026-09-15T06:26:55.349149100Z</date>
  <millis>1789453615349</millis>
  <nanos>149100</nanos>
  <sequence>1773</sequence>
  <level>START</level>
  <class>com.kms.katalon.core.logging.XmlKeywordLogger</class>
  <method>startKeyword</method>
  <thread>1</thread>
  <message>Start action : closeBrowser()</message>
  <nestedLevel>1</nestedLevel>
  <escapedJava>false</escapedJava>
  <property name="startLine">55</property>
  <property name="stepIndex">16</property>
</record>
<record>
  <date>2026-09-15T06:26:55.503855800Z</date>
  <millis>1789453615503</millis>
  <nanos>855800</nanos>
  <sequence>1776</sequence>
  <level>PASSED</level>
  <class>com.kms.katalon.core.logging.XmlKeywordLogger</class>
  <method>logMessage</method>
  <thread>1</thread>
  <message>Browser is closed</message>
  <nestedLevel>1</nestedLevel>
  <escapedJava>false</escapedJava>
  <property name="testops-method-name">com.kms.katalon.core.webui.keyword.builtin.CloseBrowserKeyword.closeBrowser</property>
  <property name="testops-execution-stacktrace"></property>
</record>
<record>
  <date>2026-09-15T06:26:55.504889100Z</date>
  <millis>1789453615504</millis>
  <nanos>889100</nanos>
  <sequence>1777</sequence>
  <level>END</level>
  <class>com.kms.katalon.core.logging.XmlKeywordLogger</class>
  <method>endKeyword</method>
  <thread>1</thread>
  <message>End action : closeBrowser()</message>
  <nestedLevel>1</nestedLevel>
  <escapedJava>false</escapedJava>
</record>
<record>
  <date>2026-09-15T06:26:55.504889100Z</date>
  <millis>1789453615504</millis>
  <nanos>889100</nanos>
  <sequence>1778</sequence>
  <level>PASSED</level>
  <class>com.kms.katalon.core.logging.XmlKeywordLogger</class>
  <method>logMessage</method>
  <thread>1</thread>
  <message>Test Cases/Common_Test_case/Login/ValidLogin/VL_Login_TC_101</message>
  <nestedLevel>1</nestedLevel>
  <escapedJava>false</escapedJava>
</record>
<record>
  <date>2026-09-15T06:26:55.504889100Z</date>
  <millis>1789453615504</millis>
  <nanos>889100</nanos>
  <sequence>1779</sequence>
  <level>START</level>
  <class>com.kms.katalon.core.logging.XmlKeywordLogger</class>
  <method>startKeyword</method>
  <thread>1</thread>
  <message>Start listener action : afterTestCase</message>
  <nestedLevel>1</nestedLevel>
  <escapedJava>false</escapedJava>
</record>
<record>
  <date>2026-09-15T06:26:55.504889100Z</date>
  <millis>1789453615504</millis>
  <nanos>889100</nanos>
  <sequence>1781</sequence>
  <level>START</level>
  <class>com.kms.katalon.core.logging.XmlKeywordLogger</class>
  <method>startKeyword</method>
  <thread>1</thread>
  <message>Start action : if (test == null)</message>
  <nestedLevel>1</nestedLevel>
  <escapedJava>false</escapedJava>
  <property name="startLine">51</property>
  <property name="stepIndex">1</property>
</record>
<record>
  <date>2026-09-15T06:26:55.504889100Z</date>
  <millis>1789453615504</millis>
  <nanos>889100</nanos>
  <sequence>1782</sequence>
  <level>END</level>
  <class>com.kms.katalon.core.logging.XmlKeywordLogger</class>
  <method>endKeyword</method>
  <thread>1</thread>
  <message>End action : if (test == null)</message>
  <nestedLevel>1</nestedLevel>
  <escapedJava>false</escapedJava>
</record>
<record>
  <date>2026-09-15T06:26:55.504889100Z</date>
  <millis>1789453615504</millis>
  <nanos>889100</nanos>
  <sequence>1783</sequence>
  <level>START</level>
  <class>com.kms.katalon.core.logging.XmlKeywordLogger</class>
  <method>startKeyword</method>
  <thread>1</thread>
  <message>Start action : status = testCaseContext.getTestCaseStatus()</message>
  <nestedLevel>1</nestedLevel>
  <escapedJava>false</escapedJava>
  <property name="startLine">57</property>
  <property name="stepIndex">2</property>
</record>
<record>
  <date>2026-09-15T06:26:55.504889100Z</date>
  <millis>1789453615504</millis>
  <nanos>889100</nanos>
  <sequence>1784</sequence>
  <level>END</level>
  <class>com.kms.katalon.core.logging.XmlKeywordLogger</class>
  <method>endKeyword</method>
  <thread>1</thread>
  <message>End action : status = testCaseContext.getTestCaseStatus()</message>
  <nestedLevel>1</nestedLevel>
  <escapedJava>false</escapedJava>
</record>
<record>
  <date>2026-09-15T06:26:55.504889100Z</date>
  <millis>1789453615504</millis>
  <nanos>889100</nanos>
  <sequence>1785</sequence>
  <level>START</level>
  <class>com.kms.katalon.core.logging.XmlKeywordLogger</class>
  <method>startKeyword</method>
  <thread>1</thread>
  <message>Start action : if (status == &amp;quot;PASSED&amp;quot;)</message>
  <nestedLevel>1</nestedLevel>
  <escapedJava>false</escapedJava>
  <property name="startLine">60</property>
  <property name="stepIndex">3</property>
</record>
<record>
  <date>2026-09-15T06:26:55.504889100Z</date>
  <millis>1789453615504</millis>
  <nanos>889100</nanos>
  <sequence>1786</sequence>
  <level>START</level>
  <class>com.kms.katalon.core.logging.XmlKeywordLogger</class>
  <method>startKeyword</method>
  <thread>1</thread>
  <message>Start action : test.pass(&amp;quot;Test Case PASSED&amp;quot;)</message>
  <nestedLevel>2</nestedLevel>
  <escapedJava>false</escapedJava>
  <property name="startLine">62</property>
  <property name="stepIndex">1</property>
</record>
<record>
  <date>2026-09-15T06:26:55.504889100Z</date>
  <millis>1789453615504</millis>
  <nanos>889100</nanos>
  <sequence>1787</sequence>
  <level>END</level>
  <class>com.kms.katalon.core.logging.XmlKeywordLogger</class>
  <method>endKeyword</method>
  <thread>1</thread>
  <message>End action : test.pass(&amp;quot;Test Case PASSED&amp;quot;)</message>
  <nestedLevel>2</nestedLevel>
  <escapedJava>false</escapedJava>
</record>
<record>
  <date>2026-09-15T06:26:55.504889100Z</date>
  <millis>1789453615504</millis>
  <nanos>889100</nanos>
  <sequence>1788</sequence>
  <level>END</level>
  <class>com.kms.katalon.core.logging.XmlKeywordLogger</class>
  <method>endKeyword</method>
  <thread>1</thread>
  <message>End action : if (status == &amp;quot;PASSED&amp;quot;)</message>
  <nestedLevel>1</nestedLevel>
  <escapedJava>false</escapedJava>
</record>
<record>
  <date>2026-09-15T06:26:55.504889100Z</date>
  <millis>1789453615504</millis>
  <nanos>889100</nanos>
  <sequence>1789</sequence>
  <level>START</level>
  <class>com.kms.katalon.core.logging.XmlKeywordLogger</class>
  <method>startKeyword</method>
  <thread>1</thread>
  <message>Start action : println(&amp;quot;Test Status : &amp;quot; + status)</message>
  <nestedLevel>1</nestedLevel>
  <escapedJava>false</escapedJava>
  <property name="startLine">73</property>
  <property name="stepIndex">6</property>
</record>
<record>
  <date>2026-09-15T06:26:55.505888300Z</date>
  <millis>1789453615505</millis>
  <nanos>888300</nanos>
  <sequence>1791</sequence>
  <level>END</level>
  <class>com.kms.katalon.core.logging.XmlKeywordLogger</class>
  <method>endKeyword</method>
  <thread>1</thread>
  <message>End action : println(&amp;quot;Test Status : &amp;quot; + status)</message>
  <nestedLevel>1</nestedLevel>
  <escapedJava>false</escapedJava>
</record>
<record>
  <date>2026-09-15T06:26:55.505888300Z</date>
  <millis>1789453615505</millis>
  <nanos>888300</nanos>
  <sequence>1792</sequence>
  <level>END</level>
  <class>com.kms.katalon.core.logging.XmlKeywordLogger</class>
  <method>endKeyword</method>
  <thread>1</thread>
  <message>End listener action : afterTestCase</message>
  <nestedLevel>1</nestedLevel>
  <escapedJava>false</escapedJava>
</record>
<record>
  <date>2026-09-15T06:26:55.505888300Z</date>
  <millis>1789453615505</millis>
  <nanos>888300</nanos>
  <sequence>1793</sequence>
  <level>START</level>
  <class>com.kms.katalon.core.logging.XmlKeywordLogger</class>
  <method>startKeyword</method>
  <thread>1</thread>
  <message>Start listener action : sampleAfterTestCase</message>
  <nestedLevel>1</nestedLevel>
  <escapedJava>false</escapedJava>
</record>
<record>
  <date>2026-09-15T06:26:55.505888300Z</date>
  <millis>1789453615505</millis>
  <nanos>888300</nanos>
  <sequence>1795</sequence>
  <level>START</level>
  <class>com.kms.katalon.core.logging.XmlKeywordLogger</class>
  <method>startKeyword</method>
  <thread>1</thread>
  <message>Start action : closeBrowser()</message>
  <nestedLevel>1</nestedLevel>
  <escapedJava>false</escapedJava>
  <property name="startLine">93</property>
  <property name="stepIndex">1</property>
</record>
<record>
  <date>2026-09-15T06:26:55.505888300Z</date>
  <millis>1789453615505</millis>
  <nanos>888300</nanos>
  <sequence>1798</sequence>
  <level>PASSED</level>
  <class>com.kms.katalon.core.logging.XmlKeywordLogger</class>
  <method>logMessage</method>
  <thread>1</thread>
  <message>Browser is closed</message>
  <nestedLevel>1</nestedLevel>
  <escapedJava>false</escapedJava>
  <property name="testops-method-name">com.kms.katalon.core.webui.keyword.builtin.CloseBrowserKeyword.closeBrowser</property>
  <property name="testops-execution-stacktrace"></property>
</record>
<record>
  <date>2026-09-15T06:26:55.505888300Z</date>
  <millis>1789453615505</millis>
  <nanos>888300</nanos>
  <sequence>1800</sequence>
  <level>END</level>
  <class>com.kms.katalon.core.logging.XmlKeywordLogger</class>
  <method>endKeyword</method>
  <thread>1</thread>
  <message>End action : closeBrowser()</message>
  <nestedLevel>1</nestedLevel>
  <escapedJava>false</escapedJava>
</record>
<record>
  <date>2026-09-15T06:26:55.505888300Z</date>
  <millis>1789453615505</millis>
  <nanos>888300</nanos>
  <sequence>1801</sequence>
  <level>END</level>
  <class>com.kms.katalon.core.logging.XmlKeywordLogger</class>
  <method>endKeyword</method>
  <thread>1</thread>
  <message>End listener action : sampleAfterTestCase</message>
  <nestedLevel>1</nestedLevel>
  <escapedJava>false</escapedJava>
</record>
<record>
  <date>2026-09-15T06:26:55.506888500Z</date>
  <millis>1789453615506</millis>
  <nanos>888500</nanos>
  <sequence>1802</sequence>
  <level>END</level>
  <class>com.kms.katalon.core.logging.XmlKeywordLogger</class>
  <method>endTest</method>
  <thread>1</thread>
  <message>End Test Case : Test Cases/Common_Test_case/Login/ValidLogin/VL_Login_TC_101</message>
  <nestedLevel>0</nestedLevel>
  <escapedJava>false</escapedJava>
  <property name="executionBindingVariables">[
  {
    &quot;value&quot;: &quot;https://sahibnkmitraqc.banksekure.com/EKYCWeb/&quot;,
    &quot;isDefault&quot;: false,
    &quot;name&quot;: &quot;appUrl&quot;,
    &quot;masked&quot;: false
  },
  {
    &quot;value&quot;: &quot;TestAutoAdm&quot;,
    &quot;isDefault&quot;: false,
    &quot;name&quot;: &quot;userid&quot;,
    &quot;masked&quot;: false
  },
  {
    &quot;value&quot;: &quot;ACByQccM9z1v23aWcZKDBQ\u003d\u003d&quot;,
    &quot;isDefault&quot;: false,
    &quot;name&quot;: &quot;password&quot;,
    &quot;masked&quot;: false
  },
  {
    &quot;value&quot;: &quot;3GkgFr&quot;,
    &quot;isDefault&quot;: false,
    &quot;name&quot;: &quot;captcha&quot;,
    &quot;masked&quot;: false
  }
]</property>
  <property name="applitools">false</property>
  <property name="executedKeywords">{
  &quot;WebUI.closeBrowser&quot;: 2,
  &quot;WebUI.setEncryptedText&quot;: 1,
  &quot;WebUI.maximizeWindow&quot;: 1,
  &quot;WebUI.waitForElementVisible&quot;: 1,
  &quot;WebUI.click&quot;: 2,
  &quot;WebUI.getText&quot;: 1,
  &quot;WebUI.navigateToUrl&quot;: 1,
  &quot;WebUI.openBrowser&quot;: 1,
  &quot;BuiltIn.delay&quot;: 1,
  &quot;WebUI.setText&quot;: 2
}</property>
  <property name="keywordsUsage">{
  &quot;web_ui&quot;: true,
  &quot;web_service&quot;: false,
  &quot;cucumber&quot;: false,
  &quot;builtin&quot;: true,
  &quot;mobile&quot;: false,
  &quot;windows&quot;: false,
  &quot;testng&quot;: false
}</property>
</record>
<record>
  <date>2026-09-15T06:26:55.506888500Z</date>
  <millis>1789453615506</millis>
  <nanos>888500</nanos>
  <sequence>1803</sequence>
  <level>START</level>
  <class>com.kms.katalon.core.logging.XmlKeywordLogger</class>
  <method>startKeyword</method>
  <thread>1</thread>
  <message>Start listener action : afterSuite</message>
  <nestedLevel>0</nestedLevel>
  <escapedJava>false</escapedJava>
</record>
<record>
  <date>2026-09-15T06:26:55.506888500Z</date>
  <millis>1789453615506</millis>
  <nanos>888500</nanos>
  <sequence>1805</sequence>
  <level>START</level>
  <class>com.kms.katalon.core.logging.XmlKeywordLogger</class>
  <method>startKeyword</method>
  <thread>1</thread>
  <message>Start action : if (extent != null)</message>
  <nestedLevel>1</nestedLevel>
  <escapedJava>false</escapedJava>
  <property name="startLine">79</property>
  <property name="stepIndex">1</property>
</record>
<record>
  <date>2026-09-15T06:26:55.506888500Z</date>
  <millis>1789453615506</millis>
  <nanos>888500</nanos>
  <sequence>1806</sequence>
  <level>START</level>
  <class>com.kms.katalon.core.logging.XmlKeywordLogger</class>
  <method>startKeyword</method>
  <thread>1</thread>
  <message>Start action : extent.flush()</message>
  <nestedLevel>2</nestedLevel>
  <escapedJava>false</escapedJava>
  <property name="startLine">81</property>
  <property name="stepIndex">1</property>
</record>
<record>
  <date>2026-09-15T06:26:55.680424400Z</date>
  <millis>1789453615680</millis>
  <nanos>424400</nanos>
  <sequence>1807</sequence>
  <level>END</level>
  <class>com.kms.katalon.core.logging.XmlKeywordLogger</class>
  <method>endKeyword</method>
  <thread>1</thread>
  <message>End action : extent.flush()</message>
  <nestedLevel>2</nestedLevel>
  <escapedJava>false</escapedJava>
</record>
<record>
  <date>2026-09-15T06:26:55.681424300Z</date>
  <millis>1789453615681</millis>
  <nanos>424300</nanos>
  <sequence>1808</sequence>
  <level>START</level>
  <class>com.kms.katalon.core.logging.XmlKeywordLogger</class>
  <method>startKeyword</method>
  <thread>1</thread>
  <message>Start action : println(&amp;quot;Extent Report Generated&amp;quot;)</message>
  <nestedLevel>2</nestedLevel>
  <escapedJava>false</escapedJava>
  <property name="startLine">83</property>
  <property name="stepIndex">2</property>
</record>
<record>
  <date>2026-09-15T06:26:55.681424300Z</date>
  <millis>1789453615681</millis>
  <nanos>424300</nanos>
  <sequence>1810</sequence>
  <level>END</level>
  <class>com.kms.katalon.core.logging.XmlKeywordLogger</class>
  <method>endKeyword</method>
  <thread>1</thread>
  <message>End action : println(&amp;quot;Extent Report Generated&amp;quot;)</message>
  <nestedLevel>2</nestedLevel>
  <escapedJava>false</escapedJava>
</record>
<record>
  <date>2026-09-15T06:26:55.681424300Z</date>
  <millis>1789453615681</millis>
  <nanos>424300</nanos>
  <sequence>1811</sequence>
  <level>END</level>
  <class>com.kms.katalon.core.logging.XmlKeywordLogger</class>
  <method>endKeyword</method>
  <thread>1</thread>
  <message>End action : if (extent != null)</message>
  <nestedLevel>1</nestedLevel>
  <escapedJava>false</escapedJava>
</record>
<record>
  <date>2026-09-15T06:26:55.681424300Z</date>
  <millis>1789453615681</millis>
  <nanos>424300</nanos>
  <sequence>1812</sequence>
  <level>END</level>
  <class>com.kms.katalon.core.logging.XmlKeywordLogger</class>
  <method>endKeyword</method>
  <thread>1</thread>
  <message>End listener action : afterSuite</message>
  <nestedLevel>0</nestedLevel>
  <escapedJava>false</escapedJava>
</record>
<record>
  <date>2026-09-15T06:26:55.702983200Z</date>
  <millis>1789453615702</millis>
  <nanos>983200</nanos>
  <sequence>1813</sequence>
  <level>END</level>
  <class>com.kms.katalon.core.logging.XmlKeywordLogger</class>
  <method>endSuite</method>
  <thread>1</thread>
  <message>End Test Suite : Test Suites/LoginandForgotpassword_Modules</message>
  <nestedLevel>0</nestedLevel>
  <escapedJava>false</escapedJava>
</record>
</log>
